MemoryMax=1280MiB, MemoryHigh=1024MiB, no swap, 2 CPU cores, one job; desktop reserve=4GiB
Running as unit: nano-lab-model.service
/home/terryd/gooning/voicecloning/voicebox/backend/venv/lib/python3.12/site-packages/diffusers/models/lora.py:391: FutureWarning: `LoRACompatibleLinear` is deprecated and will be removed in version 1.0.0. Use of `LoRACompatibleLinear` is deprecated. Please switch to PEFT backend by installing PEFT: `pip install peft`.
  deprecate("LoRACompatibleLinear", "1.0.0", deprecation_message)
/home/terryd/gooning/voicecloning/vendor/chatterbox/src/chatterbox/models/s3gen/utils/mask.py:161: TracerWarning: Converting a tensor to a Python number might cause the trace to be incorrect. We can't record the data flow of Python values, so this value will be treated as a constant in the future. This means that the trace might not generalize to other inputs!
  if (chunk_masks.sum(dim=-1) == 0).sum().item() != 0:
/home/terryd/gooning/voicecloning/voicebox/backend/venv/lib/python3.12/site-packages/diffusers/models/attention_processor.py:730: TracerWarning: Converting a tensor to a Python boolean might cause the trace to be incorrect. We can't record the data flow of Python values, so this value will be treated as a constant in the future. This means that the trace might not generalize to other inputs!
  if current_length != target_length:
/home/terryd/gooning/voicecloning/voicebox/backend/venv/lib/python3.12/site-packages/diffusers/models/attention_processor.py:745: TracerWarning: Converting a tensor to a Python boolean might cause the trace to be incorrect. We can't record the data flow of Python values, so this value will be treated as a constant in the future. This means that the trace might not generalize to other inputs!
  if attention_mask.shape[0] < batch_size * head_size:
/home/terryd/gooning/voicecloning/voicebox/backend/venv/lib/python3.12/site-packages/torch/onnx/_internal/torchscript_exporter/jit_utils.py:308: UserWarning: Constant folding - Only steps=1 can be constant folded for opset >= 10 onnx::Slice op. Constant folding not applied. (Triggered internally at /pytorch/torch/csrc/jit/passes/onnx/constant_fold.cpp:178.)
  _C._jit_pass_onnx_node_shape_type_inference(node, params_dict, opset_version)
/home/terryd/gooning/voicecloning/voicebox/backend/venv/lib/python3.12/site-packages/torch/onnx/_internal/torchscript_exporter/utils.py:714: UserWarning: Constant folding - Only steps=1 can be constant folded for opset >= 10 onnx::Slice op. Constant folding not applied. (Triggered internally at /pytorch/torch/csrc/jit/passes/onnx/constant_fold.cpp:178.)
  _C._jit_pass_onnx_graph_shape_type_inference(
/home/terryd/gooning/voicecloning/voicebox/backend/venv/lib/python3.12/site-packages/torch/onnx/_internal/torchscript_exporter/utils.py:1187: UserWarning: Constant folding - Only steps=1 can be constant folded for opset >= 10 onnx::Slice op. Constant folding not applied. (Triggered internally at /pytorch/torch/csrc/jit/passes/onnx/constant_fold.cpp:178.)
  _C._jit_pass_onnx_graph_shape_type_inference(
{
  "checkpoint": {
    "bytes": 1064875036,
    "exists": true,
    "path": "/home/terryd/gooning/voicecloning/models/chatterbox-nano/s3gen_meanflow.safetensors",
    "sha256": "d65cb687a2ed581ee6cc297e919ffefa63386944f42364ae13b78a594945514f"
  },
  "created_unix": 1790692632.5716546,
  "device": "cpu",
  "dtype": "torch.float32",
  "examples": {
    "bytes": 430120,
    "cases": {
      "mel256": {
        "input_names": [
          "x",
          "mask",
          "mu",
          "t",
          "speaker_embedding",
          "cond",
          "r"
        ],
        "output_names": [
          "output_0"
        ]
      },
      "mel64": {
        "input_names": [
          "x",
          "mask",
          "mu",
          "t",
          "speaker_embedding",
          "cond",
          "r"
        ],
        "output_names": [
          "output_0"
        ]
      },
      "mel8": {
        "input_names": [
          "x",
          "mask",
          "mu",
          "t",
          "speaker_embedding",
          "cond",
          "r"
        ],
        "output_names": [
          "output_0"
        ]
      }
    },
    "path": "examples.npz"
  },
  "graph": {
    "bytes": 1503166,
    "elapsed_seconds": 10.715873844997986,
    "export_constant_folding": false,
    "external_parameters": {
      "elapsed_seconds": 10.500978693002253,
      "export_options": {
        "do_constant_folding": false,
        "export_params": false,
        "keep_initializers_as_inputs": true,
        "onnx_shape_inference": true
      },
      "external": {
        "graph_inputs_after": [
          "x",
          "mask",
          "mu",
          "t",
          "speaker_embedding",
          "cond",
          "r"
        ],
        "graph_inputs_before": [
          "x",
          "mask",
          "mu",
          "t",
          "speaker_embedding",
          "cond",
          "r",
          "spk_embed_affine_layer.weight",
          "spk_embed_affine_layer.bias",
          "estimator.time_mlp.linear_1.weight",
          "estimator.time_mlp.linear_1.bias",
          "estimator.time_mlp.linear_2.weight",
          "estimator.time_mlp.linear_2.bias",
          "estimator.down_blocks.0.0.mlp.1.weight",
          "estimator.down_blocks.0.0.mlp.1.bias",
          "estimator.down_blocks.0.0.block1.block.0.weight",
          "estimator.down_blocks.0.0.block1.block.0.bias",
          "estimator.down_blocks.0.0.block1.block.2.weight",
          "estimator.down_blocks.0.0.block1.block.2.bias",
          "estimator.down_blocks.0.0.block2.block.0.weight",
          "estimator.down_blocks.0.0.block2.block.0.bias",
          "estimator.down_blocks.0.0.block2.block.2.weight",
          "estimator.down_blocks.0.0.block2.block.2.bias",
          "estimator.down_blocks.0.0.res_conv.weight",
          "estimator.down_blocks.0.0.res_conv.bias",
          "estimator.down_blocks.0.1.0.norm1.weight",
          "estimator.down_blocks.0.1.0.norm1.bias",
          "estimator.down_blocks.0.1.0.attn1.to_q.weight",
          "estimator.down_blocks.0.1.0.attn1.to_k.weight",
          "estimator.down_blocks.0.1.0.attn1.to_v.weight",
          "estimator.down_blocks.0.1.0.attn1.to_out.0.weight",
          "estimator.down_blocks.0.1.0.attn1.to_out.0.bias",
          "estimator.down_blocks.0.1.0.norm3.weight",
          "estimator.down_blocks.0.1.0.norm3.bias",
          "estimator.down_blocks.0.1.0.ff.net.0.proj.weight",
          "estimator.down_blocks.0.1.0.ff.net.0.proj.bias",
          "estimator.down_blocks.0.1.0.ff.net.2.weight",
          "estimator.down_blocks.0.1.0.ff.net.2.bias",
          "estimator.down_blocks.0.1.1.norm1.weight",
          "estimator.down_blocks.0.1.1.norm1.bias",
          "estimator.down_blocks.0.1.1.attn1.to_q.weight",
          "estimator.down_blocks.0.1.1.attn1.to_k.weight",
          "estimator.down_blocks.0.1.1.attn1.to_v.weight",
          "estimator.down_blocks.0.1.1.attn1.to_out.0.weight",
          "estimator.down_blocks.0.1.1.attn1.to_out.0.bias",
          "estimator.down_blocks.0.1.1.norm3.weight",
          "estimator.down_blocks.0.1.1.norm3.bias",
          "estimator.down_blocks.0.1.1.ff.net.0.proj.weight",
          "estimator.down_blocks.0.1.1.ff.net.0.proj.bias",
          "estimator.down_blocks.0.1.1.ff.net.2.weight",
          "estimator.down_blocks.0.1.1.ff.net.2.bias",
          "estimator.down_blocks.0.1.2.norm1.weight",
          "estimator.down_blocks.0.1.2.norm1.bias",
          "estimator.down_blocks.0.1.2.attn1.to_q.weight",
          "estimator.down_blocks.0.1.2.attn1.to_k.weight",
          "estimator.down_blocks.0.1.2.attn1.to_v.weight",
          "estimator.down_blocks.0.1.2.attn1.to_out.0.weight",
          "estimator.down_blocks.0.1.2.attn1.to_out.0.bias",
          "estimator.down_blocks.0.1.2.norm3.weight",
          "estimator.down_blocks.0.1.2.norm3.bias",
          "estimator.down_blocks.0.1.2.ff.net.0.proj.weight",
          "estimator.down_blocks.0.1.2.ff.net.0.proj.bias",
          "estimator.down_blocks.0.1.2.ff.net.2.weight",
          "estimator.down_blocks.0.1.2.ff.net.2.bias",
          "estimator.down_blocks.0.1.3.norm1.weight",
          "estimator.down_blocks.0.1.3.norm1.bias",
          "estimator.down_blocks.0.1.3.attn1.to_q.weight",
          "estimator.down_blocks.0.1.3.attn1.to_k.weight",
          "estimator.down_blocks.0.1.3.attn1.to_v.weight",
          "estimator.down_blocks.0.1.3.attn1.to_out.0.weight",
          "estimator.down_blocks.0.1.3.attn1.to_out.0.bias",
          "estimator.down_blocks.0.1.3.norm3.weight",
          "estimator.down_blocks.0.1.3.norm3.bias",
          "estimator.down_blocks.0.1.3.ff.net.0.proj.weight",
          "estimator.down_blocks.0.1.3.ff.net.0.proj.bias",
          "estimator.down_blocks.0.1.3.ff.net.2.weight",
          "estimator.down_blocks.0.1.3.ff.net.2.bias",
          "estimator.down_blocks.0.2.weight",
          "estimator.down_blocks.0.2.bias",
          "estimator.mid_blocks.0.0.mlp.1.weight",
          "estimator.mid_blocks.0.0.mlp.1.bias",
          "estimator.mid_blocks.0.0.block1.block.0.weight",
          "estimator.mid_blocks.0.0.block1.block.0.bias",
          "estimator.mid_blocks.0.0.block1.block.2.weight",
          "estimator.mid_blocks.0.0.block1.block.2.bias",
          "estimator.mid_blocks.0.0.block2.block.0.weight",
          "estimator.mid_blocks.0.0.block2.block.0.bias",
          "estimator.mid_blocks.0.0.block2.block.2.weight",
          "estimator.mid_blocks.0.0.block2.block.2.bias",
          "estimator.mid_blocks.0.0.res_conv.weight",
          "estimator.mid_blocks.0.0.res_conv.bias",
          "estimator.mid_blocks.0.1.0.norm1.weight",
          "estimator.mid_blocks.0.1.0.norm1.bias",
          "estimator.mid_blocks.0.1.0.attn1.to_q.weight",
          "estimator.mid_blocks.0.1.0.attn1.to_k.weight",
          "estimator.mid_blocks.0.1.0.attn1.to_v.weight",
          "estimator.mid_blocks.0.1.0.attn1.to_out.0.weight",
          "estimator.mid_blocks.0.1.0.attn1.to_out.0.bias",
          "estimator.mid_blocks.0.1.0.norm3.weight",
          "estimator.mid_blocks.0.1.0.norm3.bias",
          "estimator.mid_blocks.0.1.0.ff.net.0.proj.weight",
          "estimator.mid_blocks.0.1.0.ff.net.0.proj.bias",
          "estimator.mid_blocks.0.1.0.ff.net.2.weight",
          "estimator.mid_blocks.0.1.0.ff.net.2.bias",
          "estimator.mid_blocks.0.1.1.norm1.weight",
          "estimator.mid_blocks.0.1.1.norm1.bias",
          "estimator.mid_blocks.0.1.1.attn1.to_q.weight",
          "estimator.mid_blocks.0.1.1.attn1.to_k.weight",
          "estimator.mid_blocks.0.1.1.attn1.to_v.weight",
          "estimator.mid_blocks.0.1.1.attn1.to_out.0.weight",
          "estimator.mid_blocks.0.1.1.attn1.to_out.0.bias",
          "estimator.mid_blocks.0.1.1.norm3.weight",
          "estimator.mid_blocks.0.1.1.norm3.bias",
          "estimator.mid_blocks.0.1.1.ff.net.0.proj.weight",
          "estimator.mid_blocks.0.1.1.ff.net.0.proj.bias",
          "estimator.mid_blocks.0.1.1.ff.net.2.weight",
          "estimator.mid_blocks.0.1.1.ff.net.2.bias",
          "estimator.mid_blocks.0.1.2.norm1.weight",
          "estimator.mid_blocks.0.1.2.norm1.bias",
          "estimator.mid_blocks.0.1.2.attn1.to_q.weight",
          "estimator.mid_blocks.0.1.2.attn1.to_k.weight",
          "estimator.mid_blocks.0.1.2.attn1.to_v.weight",
          "estimator.mid_blocks.0.1.2.attn1.to_out.0.weight",
          "estimator.mid_blocks.0.1.2.attn1.to_out.0.bias",
          "estimator.mid_blocks.0.1.2.norm3.weight",
          "estimator.mid_blocks.0.1.2.norm3.bias",
          "estimator.mid_blocks.0.1.2.ff.net.0.proj.weight",
          "estimator.mid_blocks.0.1.2.ff.net.0.proj.bias",
          "estimator.mid_blocks.0.1.2.ff.net.2.weight",
          "estimator.mid_blocks.0.1.2.ff.net.2.bias",
          "estimator.mid_blocks.0.1.3.norm1.weight",
          "estimator.mid_blocks.0.1.3.norm1.bias",
          "estimator.mid_blocks.0.1.3.attn1.to_q.weight",
          "estimator.mid_blocks.0.1.3.attn1.to_k.weight",
          "estimator.mid_blocks.0.1.3.attn1.to_v.weight",
          "estimator.mid_blocks.0.1.3.attn1.to_out.0.weight",
          "estimator.mid_blocks.0.1.3.attn1.to_out.0.bias",
          "estimator.mid_blocks.0.1.3.norm3.weight",
          "estimator.mid_blocks.0.1.3.norm3.bias",
          "estimator.mid_blocks.0.1.3.ff.net.0.proj.weight",
          "estimator.mid_blocks.0.1.3.ff.net.0.proj.bias",
          "estimator.mid_blocks.0.1.3.ff.net.2.weight",
          "estimator.mid_blocks.0.1.3.ff.net.2.bias",
          "estimator.mid_blocks.1.0.mlp.1.weight",
          "estimator.mid_blocks.1.0.mlp.1.bias",
          "estimator.mid_blocks.1.0.block1.block.0.weight",
          "estimator.mid_blocks.1.0.block1.block.0.bias",
          "estimator.mid_blocks.1.0.block1.block.2.weight",
          "estimator.mid_blocks.1.0.block1.block.2.bias",
          "estimator.mid_blocks.1.0.block2.block.0.weight",
          "estimator.mid_blocks.1.0.block2.block.0.bias",
          "estimator.mid_blocks.1.0.block2.block.2.weight",
          "estimator.mid_blocks.1.0.block2.block.2.bias",
          "estimator.mid_blocks.1.0.res_conv.weight",
          "estimator.mid_blocks.1.0.res_conv.bias",
          "estimator.mid_blocks.1.1.0.norm1.weight",
          "estimator.mid_blocks.1.1.0.norm1.bias",
          "estimator.mid_blocks.1.1.0.attn1.to_q.weight",
          "estimator.mid_blocks.1.1.0.attn1.to_k.weight",
          "estimator.mid_blocks.1.1.0.attn1.to_v.weight",
          "estimator.mid_blocks.1.1.0.attn1.to_out.0.weight",
          "estimator.mid_blocks.1.1.0.attn1.to_out.0.bias",
          "estimator.mid_blocks.1.1.0.norm3.weight",
          "estimator.mid_blocks.1.1.0.norm3.bias",
          "estimator.mid_blocks.1.1.0.ff.net.0.proj.weight",
          "estimator.mid_blocks.1.1.0.ff.net.0.proj.bias",
          "estimator.mid_blocks.1.1.0.ff.net.2.weight",
          "estimator.mid_blocks.1.1.0.ff.net.2.bias",
          "estimator.mid_blocks.1.1.1.norm1.weight",
          "estimator.mid_blocks.1.1.1.norm1.bias",
          "estimator.mid_blocks.1.1.1.attn1.to_q.weight",
          "estimator.mid_blocks.1.1.1.attn1.to_k.weight",
          "estimator.mid_blocks.1.1.1.attn1.to_v.weight",
          "estimator.mid_blocks.1.1.1.attn1.to_out.0.weight",
          "estimator.mid_blocks.1.1.1.attn1.to_out.0.bias",
          "estimator.mid_blocks.1.1.1.norm3.weight",
          "estimator.mid_blocks.1.1.1.norm3.bias",
          "estimator.mid_blocks.1.1.1.ff.net.0.proj.weight",
          "estimator.mid_blocks.1.1.1.ff.net.0.proj.bias",
          "estimator.mid_blocks.1.1.1.ff.net.2.weight",
          "estimator.mid_blocks.1.1.1.ff.net.2.bias",
          "estimator.mid_blocks.1.1.2.norm1.weight",
          "estimator.mid_blocks.1.1.2.norm1.bias",
          "estimator.mid_blocks.1.1.2.attn1.to_q.weight",
          "estimator.mid_blocks.1.1.2.attn1.to_k.weight",
          "estimator.mid_blocks.1.1.2.attn1.to_v.weight",
          "estimator.mid_blocks.1.1.2.attn1.to_out.0.weight",
          "estimator.mid_blocks.1.1.2.attn1.to_out.0.bias",
          "estimator.mid_blocks.1.1.2.norm3.weight",
          "estimator.mid_blocks.1.1.2.norm3.bias",
          "estimator.mid_blocks.1.1.2.ff.net.0.proj.weight",
          "estimator.mid_blocks.1.1.2.ff.net.0.proj.bias",
          "estimator.mid_blocks.1.1.2.ff.net.2.weight",
          "estimator.mid_blocks.1.1.2.ff.net.2.bias",
          "estimator.mid_blocks.1.1.3.norm1.weight",
          "estimator.mid_blocks.1.1.3.norm1.bias",
          "estimator.mid_blocks.1.1.3.attn1.to_q.weight",
          "estimator.mid_blocks.1.1.3.attn1.to_k.weight",
          "estimator.mid_blocks.1.1.3.attn1.to_v.weight",
          "estimator.mid_blocks.1.1.3.attn1.to_out.0.weight",
          "estimator.mid_blocks.1.1.3.attn1.to_out.0.bias",
          "estimator.mid_blocks.1.1.3.norm3.weight",
          "estimator.mid_blocks.1.1.3.norm3.bias",
          "estimator.mid_blocks.1.1.3.ff.net.0.proj.weight",
          "estimator.mid_blocks.1.1.3.ff.net.0.proj.bias",
          "estimator.mid_blocks.1.1.3.ff.net.2.weight",
          "estimator.mid_blocks.1.1.3.ff.net.2.bias",
          "estimator.mid_blocks.2.0.mlp.1.weight",
          "estimator.mid_blocks.2.0.mlp.1.bias",
          "estimator.mid_blocks.2.0.block1.block.0.weight",
          "estimator.mid_blocks.2.0.block1.block.0.bias",
          "estimator.mid_blocks.2.0.block1.block.2.weight",
          "estimator.mid_blocks.2.0.block1.block.2.bias",
          "estimator.mid_blocks.2.0.block2.block.0.weight",
          "estimator.mid_blocks.2.0.block2.block.0.bias",
          "estimator.mid_blocks.2.0.block2.block.2.weight",
          "estimator.mid_blocks.2.0.block2.block.2.bias",
          "estimator.mid_blocks.2.0.res_conv.weight",
          "estimator.mid_blocks.2.0.res_conv.bias",
          "estimator.mid_blocks.2.1.0.norm1.weight",
          "estimator.mid_blocks.2.1.0.norm1.bias",
          "estimator.mid_blocks.2.1.0.attn1.to_q.weight",
          "estimator.mid_blocks.2.1.0.attn1.to_k.weight",
          "estimator.mid_blocks.2.1.0.attn1.to_v.weight",
          "estimator.mid_blocks.2.1.0.attn1.to_out.0.weight",
          "estimator.mid_blocks.2.1.0.attn1.to_out.0.bias",
          "estimator.mid_blocks.2.1.0.norm3.weight",
          "estimator.mid_blocks.2.1.0.norm3.bias",
          "estimator.mid_blocks.2.1.0.ff.net.0.proj.weight",
          "estimator.mid_blocks.2.1.0.ff.net.0.proj.bias",
          "estimator.mid_blocks.2.1.0.ff.net.2.weight",
          "estimator.mid_blocks.2.1.0.ff.net.2.bias",
          "estimator.mid_blocks.2.1.1.norm1.weight",
          "estimator.mid_blocks.2.1.1.norm1.bias",
          "estimator.mid_blocks.2.1.1.attn1.to_q.weight",
          "estimator.mid_blocks.2.1.1.attn1.to_k.weight",
          "estimator.mid_blocks.2.1.1.attn1.to_v.weight",
          "estimator.mid_blocks.2.1.1.attn1.to_out.0.weight",
          "estimator.mid_blocks.2.1.1.attn1.to_out.0.bias",
          "estimator.mid_blocks.2.1.1.norm3.weight",
          "estimator.mid_blocks.2.1.1.norm3.bias",
          "estimator.mid_blocks.2.1.1.ff.net.0.proj.weight",
          "estimator.mid_blocks.2.1.1.ff.net.0.proj.bias",
          "estimator.mid_blocks.2.1.1.ff.net.2.weight",
          "estimator.mid_blocks.2.1.1.ff.net.2.bias",
          "estimator.mid_blocks.2.1.2.norm1.weight",
          "estimator.mid_blocks.2.1.2.norm1.bias",
          "estimator.mid_blocks.2.1.2.attn1.to_q.weight",
          "estimator.mid_blocks.2.1.2.attn1.to_k.weight",
          "estimator.mid_blocks.2.1.2.attn1.to_v.weight",
          "estimator.mid_blocks.2.1.2.attn1.to_out.0.weight",
          "estimator.mid_blocks.2.1.2.attn1.to_out.0.bias",
          "estimator.mid_blocks.2.1.2.norm3.weight",
          "estimator.mid_blocks.2.1.2.norm3.bias",
          "estimator.mid_blocks.2.1.2.ff.net.0.proj.weight",
          "estimator.mid_blocks.2.1.2.ff.net.0.proj.bias",
          "estimator.mid_blocks.2.1.2.ff.net.2.weight",
          "estimator.mid_blocks.2.1.2.ff.net.2.bias",
          "estimator.mid_blocks.2.1.3.norm1.weight",
          "estimator.mid_blocks.2.1.3.norm1.bias",
          "estimator.mid_blocks.2.1.3.attn1.to_q.weight",
          "estimator.mid_blocks.2.1.3.attn1.to_k.weight",
          "estimator.mid_blocks.2.1.3.attn1.to_v.weight",
          "estimator.mid_blocks.2.1.3.attn1.to_out.0.weight",
          "estimator.mid_blocks.2.1.3.attn1.to_out.0.bias",
          "estimator.mid_blocks.2.1.3.norm3.weight",
          "estimator.mid_blocks.2.1.3.norm3.bias",
          "estimator.mid_blocks.2.1.3.ff.net.0.proj.weight",
          "estimator.mid_blocks.2.1.3.ff.net.0.proj.bias",
          "estimator.mid_blocks.2.1.3.ff.net.2.weight",
          "estimator.mid_blocks.2.1.3.ff.net.2.bias",
          "estimator.mid_blocks.3.0.mlp.1.weight",
          "estimator.mid_blocks.3.0.mlp.1.bias",
          "estimator.mid_blocks.3.0.block1.block.0.weight",
          "estimator.mid_blocks.3.0.block1.block.0.bias",
          "estimator.mid_blocks.3.0.block1.block.2.weight",
          "estimator.mid_blocks.3.0.block1.block.2.bias",
          "estimator.mid_blocks.3.0.block2.block.0.weight",
          "estimator.mid_blocks.3.0.block2.block.0.bias",
          "estimator.mid_blocks.3.0.block2.block.2.weight",
          "estimator.mid_blocks.3.0.block2.block.2.bias",
          "estimator.mid_blocks.3.0.res_conv.weight",
          "estimator.mid_blocks.3.0.res_conv.bias",
          "estimator.mid_blocks.3.1.0.norm1.weight",
          "estimator.mid_blocks.3.1.0.norm1.bias",
          "estimator.mid_blocks.3.1.0.attn1.to_q.weight",
          "estimator.mid_blocks.3.1.0.attn1.to_k.weight",
          "estimator.mid_blocks.3.1.0.attn1.to_v.weight",
          "estimator.mid_blocks.3.1.0.attn1.to_out.0.weight",
          "estimator.mid_blocks.3.1.0.attn1.to_out.0.bias",
          "estimator.mid_blocks.3.1.0.norm3.weight",
          "estimator.mid_blocks.3.1.0.norm3.bias",
          "estimator.mid_blocks.3.1.0.ff.net.0.proj.weight",
          "estimator.mid_blocks.3.1.0.ff.net.0.proj.bias",
          "estimator.mid_blocks.3.1.0.ff.net.2.weight",
          "estimator.mid_blocks.3.1.0.ff.net.2.bias",
          "estimator.mid_blocks.3.1.1.norm1.weight",
          "estimator.mid_blocks.3.1.1.norm1.bias",
          "estimator.mid_blocks.3.1.1.attn1.to_q.weight",
          "estimator.mid_blocks.3.1.1.attn1.to_k.weight",
          "estimator.mid_blocks.3.1.1.attn1.to_v.weight",
          "estimator.mid_blocks.3.1.1.attn1.to_out.0.weight",
          "estimator.mid_blocks.3.1.1.attn1.to_out.0.bias",
          "estimator.mid_blocks.3.1.1.norm3.weight",
          "estimator.mid_blocks.3.1.1.norm3.bias",
          "estimator.mid_blocks.3.1.1.ff.net.0.proj.weight",
          "estimator.mid_blocks.3.1.1.ff.net.0.proj.bias",
          "estimator.mid_blocks.3.1.1.ff.net.2.weight",
          "estimator.mid_blocks.3.1.1.ff.net.2.bias",
          "estimator.mid_blocks.3.1.2.norm1.weight",
          "estimator.mid_blocks.3.1.2.norm1.bias",
          "estimator.mid_blocks.3.1.2.attn1.to_q.weight",
          "estimator.mid_blocks.3.1.2.attn1.to_k.weight",
          "estimator.mid_blocks.3.1.2.attn1.to_v.weight",
          "estimator.mid_blocks.3.1.2.attn1.to_out.0.weight",
          "estimator.mid_blocks.3.1.2.attn1.to_out.0.bias",
          "estimator.mid_blocks.3.1.2.norm3.weight",
          "estimator.mid_blocks.3.1.2.norm3.bias",
          "estimator.mid_blocks.3.1.2.ff.net.0.proj.weight",
          "estimator.mid_blocks.3.1.2.ff.net.0.proj.bias",
          "estimator.mid_blocks.3.1.2.ff.net.2.weight",
          "estimator.mid_blocks.3.1.2.ff.net.2.bias",
          "estimator.mid_blocks.3.1.3.norm1.weight",
          "estimator.mid_blocks.3.1.3.norm1.bias",
          "estimator.mid_blocks.3.1.3.attn1.to_q.weight",
          "estimator.mid_blocks.3.1.3.attn1.to_k.weight",
          "estimator.mid_blocks.3.1.3.attn1.to_v.weight",
          "estimator.mid_blocks.3.1.3.attn1.to_out.0.weight",
          "estimator.mid_blocks.3.1.3.attn1.to_out.0.bias",
          "estimator.mid_blocks.3.1.3.norm3.weight",
          "estimator.mid_blocks.3.1.3.norm3.bias",
          "estimator.mid_blocks.3.1.3.ff.net.0.proj.weight",
          "estimator.mid_blocks.3.1.3.ff.net.0.proj.bias",
          "estimator.mid_blocks.3.1.3.ff.net.2.weight",
          "estimator.mid_blocks.3.1.3.ff.net.2.bias",
          "estimator.mid_blocks.4.0.mlp.1.weight",
          "estimator.mid_blocks.4.0.mlp.1.bias",
          "estimator.mid_blocks.4.0.block1.block.0.weight",
          "estimator.mid_blocks.4.0.block1.block.0.bias",
          "estimator.mid_blocks.4.0.block1.block.2.weight",
          "estimator.mid_blocks.4.0.block1.block.2.bias",
          "estimator.mid_blocks.4.0.block2.block.0.weight",
          "estimator.mid_blocks.4.0.block2.block.0.bias",
          "estimator.mid_blocks.4.0.block2.block.2.weight",
          "estimator.mid_blocks.4.0.block2.block.2.bias",
          "estimator.mid_blocks.4.0.res_conv.weight",
          "estimator.mid_blocks.4.0.res_conv.bias",
          "estimator.mid_blocks.4.1.0.norm1.weight",
          "estimator.mid_blocks.4.1.0.norm1.bias",
          "estimator.mid_blocks.4.1.0.attn1.to_q.weight",
          "estimator.mid_blocks.4.1.0.attn1.to_k.weight",
          "estimator.mid_blocks.4.1.0.attn1.to_v.weight",
          "estimator.mid_blocks.4.1.0.attn1.to_out.0.weight",
          "estimator.mid_blocks.4.1.0.attn1.to_out.0.bias",
          "estimator.mid_blocks.4.1.0.norm3.weight",
          "estimator.mid_blocks.4.1.0.norm3.bias",
          "estimator.mid_blocks.4.1.0.ff.net.0.proj.weight",
          "estimator.mid_blocks.4.1.0.ff.net.0.proj.bias",
          "estimator.mid_blocks.4.1.0.ff.net.2.weight",
          "estimator.mid_blocks.4.1.0.ff.net.2.bias",
          "estimator.mid_blocks.4.1.1.norm1.weight",
          "estimator.mid_blocks.4.1.1.norm1.bias",
          "estimator.mid_blocks.4.1.1.attn1.to_q.weight",
          "estimator.mid_blocks.4.1.1.attn1.to_k.weight",
          "estimator.mid_blocks.4.1.1.attn1.to_v.weight",
          "estimator.mid_blocks.4.1.1.attn1.to_out.0.weight",
          "estimator.mid_blocks.4.1.1.attn1.to_out.0.bias",
          "estimator.mid_blocks.4.1.1.norm3.weight",
          "estimator.mid_blocks.4.1.1.norm3.bias",
          "estimator.mid_blocks.4.1.1.ff.net.0.proj.weight",
          "estimator.mid_blocks.4.1.1.ff.net.0.proj.bias",
          "estimator.mid_blocks.4.1.1.ff.net.2.weight",
          "estimator.mid_blocks.4.1.1.ff.net.2.bias",
          "estimator.mid_blocks.4.1.2.norm1.weight",
          "estimator.mid_blocks.4.1.2.norm1.bias",
          "estimator.mid_blocks.4.1.2.attn1.to_q.weight",
          "estimator.mid_blocks.4.1.2.attn1.to_k.weight",
          "estimator.mid_blocks.4.1.2.attn1.to_v.weight",
          "estimator.mid_blocks.4.1.2.attn1.to_out.0.weight",
          "estimator.mid_blocks.4.1.2.attn1.to_out.0.bias",
          "estimator.mid_blocks.4.1.2.norm3.weight",
          "estimator.mid_blocks.4.1.2.norm3.bias",
          "estimator.mid_blocks.4.1.2.ff.net.0.proj.weight",
          "estimator.mid_blocks.4.1.2.ff.net.0.proj.bias",
          "estimator.mid_blocks.4.1.2.ff.net.2.weight",
          "estimator.mid_blocks.4.1.2.ff.net.2.bias",
          "estimator.mid_blocks.4.1.3.norm1.weight",
          "estimator.mid_blocks.4.1.3.norm1.bias",
          "estimator.mid_blocks.4.1.3.attn1.to_q.weight",
          "estimator.mid_blocks.4.1.3.attn1.to_k.weight",
          "estimator.mid_blocks.4.1.3.attn1.to_v.weight",
          "estimator.mid_blocks.4.1.3.attn1.to_out.0.weight",
          "estimator.mid_blocks.4.1.3.attn1.to_out.0.bias",
          "estimator.mid_blocks.4.1.3.norm3.weight",
          "estimator.mid_blocks.4.1.3.norm3.bias",
          "estimator.mid_blocks.4.1.3.ff.net.0.proj.weight",
          "estimator.mid_blocks.4.1.3.ff.net.0.proj.bias",
          "estimator.mid_blocks.4.1.3.ff.net.2.weight",
          "estimator.mid_blocks.4.1.3.ff.net.2.bias",
          "estimator.mid_blocks.5.0.mlp.1.weight",
          "estimator.mid_blocks.5.0.mlp.1.bias",
          "estimator.mid_blocks.5.0.block1.block.0.weight",
          "estimator.mid_blocks.5.0.block1.block.0.bias",
          "estimator.mid_blocks.5.0.block1.block.2.weight",
          "estimator.mid_blocks.5.0.block1.block.2.bias",
          "estimator.mid_blocks.5.0.block2.block.0.weight",
          "estimator.mid_blocks.5.0.block2.block.0.bias",
          "estimator.mid_blocks.5.0.block2.block.2.weight",
          "estimator.mid_blocks.5.0.block2.block.2.bias",
          "estimator.mid_blocks.5.0.res_conv.weight",
          "estimator.mid_blocks.5.0.res_conv.bias",
          "estimator.mid_blocks.5.1.0.norm1.weight",
          "estimator.mid_blocks.5.1.0.norm1.bias",
          "estimator.mid_blocks.5.1.0.attn1.to_q.weight",
          "estimator.mid_blocks.5.1.0.attn1.to_k.weight",
          "estimator.mid_blocks.5.1.0.attn1.to_v.weight",
          "estimator.mid_blocks.5.1.0.attn1.to_out.0.weight",
          "estimator.mid_blocks.5.1.0.attn1.to_out.0.bias",
          "estimator.mid_blocks.5.1.0.norm3.weight",
          "estimator.mid_blocks.5.1.0.norm3.bias",
          "estimator.mid_blocks.5.1.0.ff.net.0.proj.weight",
          "estimator.mid_blocks.5.1.0.ff.net.0.proj.bias",
          "estimator.mid_blocks.5.1.0.ff.net.2.weight",
          "estimator.mid_blocks.5.1.0.ff.net.2.bias",
          "estimator.mid_blocks.5.1.1.norm1.weight",
          "estimator.mid_blocks.5.1.1.norm1.bias",
          "estimator.mid_blocks.5.1.1.attn1.to_q.weight",
          "estimator.mid_blocks.5.1.1.attn1.to_k.weight",
          "estimator.mid_blocks.5.1.1.attn1.to_v.weight",
          "estimator.mid_blocks.5.1.1.attn1.to_out.0.weight",
          "estimator.mid_blocks.5.1.1.attn1.to_out.0.bias",
          "estimator.mid_blocks.5.1.1.norm3.weight",
          "estimator.mid_blocks.5.1.1.norm3.bias",
          "estimator.mid_blocks.5.1.1.ff.net.0.proj.weight",
          "estimator.mid_blocks.5.1.1.ff.net.0.proj.bias",
          "estimator.mid_blocks.5.1.1.ff.net.2.weight",
          "estimator.mid_blocks.5.1.1.ff.net.2.bias",
          "estimator.mid_blocks.5.1.2.norm1.weight",
          "estimator.mid_blocks.5.1.2.norm1.bias",
          "estimator.mid_blocks.5.1.2.attn1.to_q.weight",
          "estimator.mid_blocks.5.1.2.attn1.to_k.weight",
          "estimator.mid_blocks.5.1.2.attn1.to_v.weight",
          "estimator.mid_blocks.5.1.2.attn1.to_out.0.weight",
          "estimator.mid_blocks.5.1.2.attn1.to_out.0.bias",
          "estimator.mid_blocks.5.1.2.norm3.weight",
          "estimator.mid_blocks.5.1.2.norm3.bias",
          "estimator.mid_blocks.5.1.2.ff.net.0.proj.weight",
          "estimator.mid_blocks.5.1.2.ff.net.0.proj.bias",
          "estimator.mid_blocks.5.1.2.ff.net.2.weight",
          "estimator.mid_blocks.5.1.2.ff.net.2.bias",
          "estimator.mid_blocks.5.1.3.norm1.weight",
          "estimator.mid_blocks.5.1.3.norm1.bias",
          "estimator.mid_blocks.5.1.3.attn1.to_q.weight",
          "estimator.mid_blocks.5.1.3.attn1.to_k.weight",
          "estimator.mid_blocks.5.1.3.attn1.to_v.weight",
          "estimator.mid_blocks.5.1.3.attn1.to_out.0.weight",
          "estimator.mid_blocks.5.1.3.attn1.to_out.0.bias",
          "estimator.mid_blocks.5.1.3.norm3.weight",
          "estimator.mid_blocks.5.1.3.norm3.bias",
          "estimator.mid_blocks.5.1.3.ff.net.0.proj.weight",
          "estimator.mid_blocks.5.1.3.ff.net.0.proj.bias",
          "estimator.mid_blocks.5.1.3.ff.net.2.weight",
          "estimator.mid_blocks.5.1.3.ff.net.2.bias",
          "estimator.mid_blocks.6.0.mlp.1.weight",
          "estimator.mid_blocks.6.0.mlp.1.bias",
          "estimator.mid_blocks.6.0.block1.block.0.weight",
          "estimator.mid_blocks.6.0.block1.block.0.bias",
          "estimator.mid_blocks.6.0.block1.block.2.weight",
          "estimator.mid_blocks.6.0.block1.block.2.bias",
          "estimator.mid_blocks.6.0.block2.block.0.weight",
          "estimator.mid_blocks.6.0.block2.block.0.bias",
          "estimator.mid_blocks.6.0.block2.block.2.weight",
          "estimator.mid_blocks.6.0.block2.block.2.bias",
          "estimator.mid_blocks.6.0.res_conv.weight",
          "estimator.mid_blocks.6.0.res_conv.bias",
          "estimator.mid_blocks.6.1.0.norm1.weight",
          "estimator.mid_blocks.6.1.0.norm1.bias",
          "estimator.mid_blocks.6.1.0.attn1.to_q.weight",
          "estimator.mid_blocks.6.1.0.attn1.to_k.weight",
          "estimator.mid_blocks.6.1.0.attn1.to_v.weight",
          "estimator.mid_blocks.6.1.0.attn1.to_out.0.weight",
          "estimator.mid_blocks.6.1.0.attn1.to_out.0.bias",
          "estimator.mid_blocks.6.1.0.norm3.weight",
          "estimator.mid_blocks.6.1.0.norm3.bias",
          "estimator.mid_blocks.6.1.0.ff.net.0.proj.weight",
          "estimator.mid_blocks.6.1.0.ff.net.0.proj.bias",
          "estimator.mid_blocks.6.1.0.ff.net.2.weight",
          "estimator.mid_blocks.6.1.0.ff.net.2.bias",
          "estimator.mid_blocks.6.1.1.norm1.weight",
          "estimator.mid_blocks.6.1.1.norm1.bias",
          "estimator.mid_blocks.6.1.1.attn1.to_q.weight",
          "estimator.mid_blocks.6.1.1.attn1.to_k.weight",
          "estimator.mid_blocks.6.1.1.attn1.to_v.weight",
          "estimator.mid_blocks.6.1.1.attn1.to_out.0.weight",
          "estimator.mid_blocks.6.1.1.attn1.to_out.0.bias",
          "estimator.mid_blocks.6.1.1.norm3.weight",
          "estimator.mid_blocks.6.1.1.norm3.bias",
          "estimator.mid_blocks.6.1.1.ff.net.0.proj.weight",
          "estimator.mid_blocks.6.1.1.ff.net.0.proj.bias",
          "estimator.mid_blocks.6.1.1.ff.net.2.weight",
          "estimator.mid_blocks.6.1.1.ff.net.2.bias",
          "estimator.mid_blocks.6.1.2.norm1.weight",
          "estimator.mid_blocks.6.1.2.norm1.bias",
          "estimator.mid_blocks.6.1.2.attn1.to_q.weight",
          "estimator.mid_blocks.6.1.2.attn1.to_k.weight",
          "estimator.mid_blocks.6.1.2.attn1.to_v.weight",
          "estimator.mid_blocks.6.1.2.attn1.to_out.0.weight",
          "estimator.mid_blocks.6.1.2.attn1.to_out.0.bias",
          "estimator.mid_blocks.6.1.2.norm3.weight",
          "estimator.mid_blocks.6.1.2.norm3.bias",
          "estimator.mid_blocks.6.1.2.ff.net.0.proj.weight",
          "estimator.mid_blocks.6.1.2.ff.net.0.proj.bias",
          "estimator.mid_blocks.6.1.2.ff.net.2.weight",
          "estimator.mid_blocks.6.1.2.ff.net.2.bias",
          "estimator.mid_blocks.6.1.3.norm1.weight",
          "estimator.mid_blocks.6.1.3.norm1.bias",
          "estimator.mid_blocks.6.1.3.attn1.to_q.weight",
          "estimator.mid_blocks.6.1.3.attn1.to_k.weight",
          "estimator.mid_blocks.6.1.3.attn1.to_v.weight",
          "estimator.mid_blocks.6.1.3.attn1.to_out.0.weight",
          "estimator.mid_blocks.6.1.3.attn1.to_out.0.bias",
          "estimator.mid_blocks.6.1.3.norm3.weight",
          "estimator.mid_blocks.6.1.3.norm3.bias",
          "estimator.mid_blocks.6.1.3.ff.net.0.proj.weight",
          "estimator.mid_blocks.6.1.3.ff.net.0.proj.bias",
          "estimator.mid_blocks.6.1.3.ff.net.2.weight",
          "estimator.mid_blocks.6.1.3.ff.net.2.bias",
          "estimator.mid_blocks.7.0.mlp.1.weight",
          "estimator.mid_blocks.7.0.mlp.1.bias",
          "estimator.mid_blocks.7.0.block1.block.0.weight",
          "estimator.mid_blocks.7.0.block1.block.0.bias",
          "estimator.mid_blocks.7.0.block1.block.2.weight",
          "estimator.mid_blocks.7.0.block1.block.2.bias",
          "estimator.mid_blocks.7.0.block2.block.0.weight",
          "estimator.mid_blocks.7.0.block2.block.0.bias",
          "estimator.mid_blocks.7.0.block2.block.2.weight",
          "estimator.mid_blocks.7.0.block2.block.2.bias",
          "estimator.mid_blocks.7.0.res_conv.weight",
          "estimator.mid_blocks.7.0.res_conv.bias",
          "estimator.mid_blocks.7.1.0.norm1.weight",
          "estimator.mid_blocks.7.1.0.norm1.bias",
          "estimator.mid_blocks.7.1.0.attn1.to_q.weight",
          "estimator.mid_blocks.7.1.0.attn1.to_k.weight",
          "estimator.mid_blocks.7.1.0.attn1.to_v.weight",
          "estimator.mid_blocks.7.1.0.attn1.to_out.0.weight",
          "estimator.mid_blocks.7.1.0.attn1.to_out.0.bias",
          "estimator.mid_blocks.7.1.0.norm3.weight",
          "estimator.mid_blocks.7.1.0.norm3.bias",
          "estimator.mid_blocks.7.1.0.ff.net.0.proj.weight",
          "estimator.mid_blocks.7.1.0.ff.net.0.proj.bias",
          "estimator.mid_blocks.7.1.0.ff.net.2.weight",
          "estimator.mid_blocks.7.1.0.ff.net.2.bias",
          "estimator.mid_blocks.7.1.1.norm1.weight",
          "estimator.mid_blocks.7.1.1.norm1.bias",
          "estimator.mid_blocks.7.1.1.attn1.to_q.weight",
          "estimator.mid_blocks.7.1.1.attn1.to_k.weight",
          "estimator.mid_blocks.7.1.1.attn1.to_v.weight",
          "estimator.mid_blocks.7.1.1.attn1.to_out.0.weight",
          "estimator.mid_blocks.7.1.1.attn1.to_out.0.bias",
          "estimator.mid_blocks.7.1.1.norm3.weight",
          "estimator.mid_blocks.7.1.1.norm3.bias",
          "estimator.mid_blocks.7.1.1.ff.net.0.proj.weight",
          "estimator.mid_blocks.7.1.1.ff.net.0.proj.bias",
          "estimator.mid_blocks.7.1.1.ff.net.2.weight",
          "estimator.mid_blocks.7.1.1.ff.net.2.bias",
          "estimator.mid_blocks.7.1.2.norm1.weight",
          "estimator.mid_blocks.7.1.2.norm1.bias",
          "estimator.mid_blocks.7.1.2.attn1.to_q.weight",
          "estimator.mid_blocks.7.1.2.attn1.to_k.weight",
          "estimator.mid_blocks.7.1.2.attn1.to_v.weight",
          "estimator.mid_blocks.7.1.2.attn1.to_out.0.weight",
          "estimator.mid_blocks.7.1.2.attn1.to_out.0.bias",
          "estimator.mid_blocks.7.1.2.norm3.weight",
          "estimator.mid_blocks.7.1.2.norm3.bias",
          "estimator.mid_blocks.7.1.2.ff.net.0.proj.weight",
          "estimator.mid_blocks.7.1.2.ff.net.0.proj.bias",
          "estimator.mid_blocks.7.1.2.ff.net.2.weight",
          "estimator.mid_blocks.7.1.2.ff.net.2.bias",
          "estimator.mid_blocks.7.1.3.norm1.weight",
          "estimator.mid_blocks.7.1.3.norm1.bias",
          "estimator.mid_blocks.7.1.3.attn1.to_q.weight",
          "estimator.mid_blocks.7.1.3.attn1.to_k.weight",
          "estimator.mid_blocks.7.1.3.attn1.to_v.weight",
          "estimator.mid_blocks.7.1.3.attn1.to_out.0.weight",
          "estimator.mid_blocks.7.1.3.attn1.to_out.0.bias",
          "estimator.mid_blocks.7.1.3.norm3.weight",
          "estimator.mid_blocks.7.1.3.norm3.bias",
          "estimator.mid_blocks.7.1.3.ff.net.0.proj.weight",
          "estimator.mid_blocks.7.1.3.ff.net.0.proj.bias",
          "estimator.mid_blocks.7.1.3.ff.net.2.weight",
          "estimator.mid_blocks.7.1.3.ff.net.2.bias",
          "estimator.mid_blocks.8.0.mlp.1.weight",
          "estimator.mid_blocks.8.0.mlp.1.bias",
          "estimator.mid_blocks.8.0.block1.block.0.weight",
          "estimator.mid_blocks.8.0.block1.block.0.bias",
          "estimator.mid_blocks.8.0.block1.block.2.weight",
          "estimator.mid_blocks.8.0.block1.block.2.bias",
          "estimator.mid_blocks.8.0.block2.block.0.weight",
          "estimator.mid_blocks.8.0.block2.block.0.bias",
          "estimator.mid_blocks.8.0.block2.block.2.weight",
          "estimator.mid_blocks.8.0.block2.block.2.bias",
          "estimator.mid_blocks.8.0.res_conv.weight",
          "estimator.mid_blocks.8.0.res_conv.bias",
          "estimator.mid_blocks.8.1.0.norm1.weight",
          "estimator.mid_blocks.8.1.0.norm1.bias",
          "estimator.mid_blocks.8.1.0.attn1.to_q.weight",
          "estimator.mid_blocks.8.1.0.attn1.to_k.weight",
          "estimator.mid_blocks.8.1.0.attn1.to_v.weight",
          "estimator.mid_blocks.8.1.0.attn1.to_out.0.weight",
          "estimator.mid_blocks.8.1.0.attn1.to_out.0.bias",
          "estimator.mid_blocks.8.1.0.norm3.weight",
          "estimator.mid_blocks.8.1.0.norm3.bias",
          "estimator.mid_blocks.8.1.0.ff.net.0.proj.weight",
          "estimator.mid_blocks.8.1.0.ff.net.0.proj.bias",
          "estimator.mid_blocks.8.1.0.ff.net.2.weight",
          "estimator.mid_blocks.8.1.0.ff.net.2.bias",
          "estimator.mid_blocks.8.1.1.norm1.weight",
          "estimator.mid_blocks.8.1.1.norm1.bias",
          "estimator.mid_blocks.8.1.1.attn1.to_q.weight",
          "estimator.mid_blocks.8.1.1.attn1.to_k.weight",
          "estimator.mid_blocks.8.1.1.attn1.to_v.weight",
          "estimator.mid_blocks.8.1.1.attn1.to_out.0.weight",
          "estimator.mid_blocks.8.1.1.attn1.to_out.0.bias",
          "estimator.mid_blocks.8.1.1.norm3.weight",
          "estimator.mid_blocks.8.1.1.norm3.bias",
          "estimator.mid_blocks.8.1.1.ff.net.0.proj.weight",
          "estimator.mid_blocks.8.1.1.ff.net.0.proj.bias",
          "estimator.mid_blocks.8.1.1.ff.net.2.weight",
          "estimator.mid_blocks.8.1.1.ff.net.2.bias",
          "estimator.mid_blocks.8.1.2.norm1.weight",
          "estimator.mid_blocks.8.1.2.norm1.bias",
          "estimator.mid_blocks.8.1.2.attn1.to_q.weight",
          "estimator.mid_blocks.8.1.2.attn1.to_k.weight",
          "estimator.mid_blocks.8.1.2.attn1.to_v.weight",
          "estimator.mid_blocks.8.1.2.attn1.to_out.0.weight",
          "estimator.mid_blocks.8.1.2.attn1.to_out.0.bias",
          "estimator.mid_blocks.8.1.2.norm3.weight",
          "estimator.mid_blocks.8.1.2.norm3.bias",
          "estimator.mid_blocks.8.1.2.ff.net.0.proj.weight",
          "estimator.mid_blocks.8.1.2.ff.net.0.proj.bias",
          "estimator.mid_blocks.8.1.2.ff.net.2.weight",
          "estimator.mid_blocks.8.1.2.ff.net.2.bias",
          "estimator.mid_blocks.8.1.3.norm1.weight",
          "estimator.mid_blocks.8.1.3.norm1.bias",
          "estimator.mid_blocks.8.1.3.attn1.to_q.weight",
          "estimator.mid_blocks.8.1.3.attn1.to_k.weight",
          "estimator.mid_blocks.8.1.3.attn1.to_v.weight",
          "estimator.mid_blocks.8.1.3.attn1.to_out.0.weight",
          "estimator.mid_blocks.8.1.3.attn1.to_out.0.bias",
          "estimator.mid_blocks.8.1.3.norm3.weight",
          "estimator.mid_blocks.8.1.3.norm3.bias",
          "estimator.mid_blocks.8.1.3.ff.net.0.proj.weight",
          "estimator.mid_blocks.8.1.3.ff.net.0.proj.bias",
          "estimator.mid_blocks.8.1.3.ff.net.2.weight",
          "estimator.mid_blocks.8.1.3.ff.net.2.bias",
          "estimator.mid_blocks.9.0.mlp.1.weight",
          "estimator.mid_blocks.9.0.mlp.1.bias",
          "estimator.mid_blocks.9.0.block1.block.0.weight",
          "estimator.mid_blocks.9.0.block1.block.0.bias",
          "estimator.mid_blocks.9.0.block1.block.2.weight",
          "estimator.mid_blocks.9.0.block1.block.2.bias",
          "estimator.mid_blocks.9.0.block2.block.0.weight",
          "estimator.mid_blocks.9.0.block2.block.0.bias",
          "estimator.mid_blocks.9.0.block2.block.2.weight",
          "estimator.mid_blocks.9.0.block2.block.2.bias",
          "estimator.mid_blocks.9.0.res_conv.weight",
          "estimator.mid_blocks.9.0.res_conv.bias",
          "estimator.mid_blocks.9.1.0.norm1.weight",
          "estimator.mid_blocks.9.1.0.norm1.bias",
          "estimator.mid_blocks.9.1.0.attn1.to_q.weight",
          "estimator.mid_blocks.9.1.0.attn1.to_k.weight",
          "estimator.mid_blocks.9.1.0.attn1.to_v.weight",
          "estimator.mid_blocks.9.1.0.attn1.to_out.0.weight",
          "estimator.mid_blocks.9.1.0.attn1.to_out.0.bias",
          "estimator.mid_blocks.9.1.0.norm3.weight",
          "estimator.mid_blocks.9.1.0.norm3.bias",
          "estimator.mid_blocks.9.1.0.ff.net.0.proj.weight",
          "estimator.mid_blocks.9.1.0.ff.net.0.proj.bias",
          "estimator.mid_blocks.9.1.0.ff.net.2.weight",
          "estimator.mid_blocks.9.1.0.ff.net.2.bias",
          "estimator.mid_blocks.9.1.1.norm1.weight",
          "estimator.mid_blocks.9.1.1.norm1.bias",
          "estimator.mid_blocks.9.1.1.attn1.to_q.weight",
          "estimator.mid_blocks.9.1.1.attn1.to_k.weight",
          "estimator.mid_blocks.9.1.1.attn1.to_v.weight",
          "estimator.mid_blocks.9.1.1.attn1.to_out.0.weight",
          "estimator.mid_blocks.9.1.1.attn1.to_out.0.bias",
          "estimator.mid_blocks.9.1.1.norm3.weight",
          "estimator.mid_blocks.9.1.1.norm3.bias",
          "estimator.mid_blocks.9.1.1.ff.net.0.proj.weight",
          "estimator.mid_blocks.9.1.1.ff.net.0.proj.bias",
          "estimator.mid_blocks.9.1.1.ff.net.2.weight",
          "estimator.mid_blocks.9.1.1.ff.net.2.bias",
          "estimator.mid_blocks.9.1.2.norm1.weight",
          "estimator.mid_blocks.9.1.2.norm1.bias",
          "estimator.mid_blocks.9.1.2.attn1.to_q.weight",
          "estimator.mid_blocks.9.1.2.attn1.to_k.weight",
          "estimator.mid_blocks.9.1.2.attn1.to_v.weight",
          "estimator.mid_blocks.9.1.2.attn1.to_out.0.weight",
          "estimator.mid_blocks.9.1.2.attn1.to_out.0.bias",
          "estimator.mid_blocks.9.1.2.norm3.weight",
          "estimator.mid_blocks.9.1.2.norm3.bias",
          "estimator.mid_blocks.9.1.2.ff.net.0.proj.weight",
          "estimator.mid_blocks.9.1.2.ff.net.0.proj.bias",
          "estimator.mid_blocks.9.1.2.ff.net.2.weight",
          "estimator.mid_blocks.9.1.2.ff.net.2.bias",
          "estimator.mid_blocks.9.1.3.norm1.weight",
          "estimator.mid_blocks.9.1.3.norm1.bias",
          "estimator.mid_blocks.9.1.3.attn1.to_q.weight",
          "estimator.mid_blocks.9.1.3.attn1.to_k.weight",
          "estimator.mid_blocks.9.1.3.attn1.to_v.weight",
          "estimator.mid_blocks.9.1.3.attn1.to_out.0.weight",
          "estimator.mid_blocks.9.1.3.attn1.to_out.0.bias",
          "estimator.mid_blocks.9.1.3.norm3.weight",
          "estimator.mid_blocks.9.1.3.norm3.bias",
          "estimator.mid_blocks.9.1.3.ff.net.0.proj.weight",
          "estimator.mid_blocks.9.1.3.ff.net.0.proj.bias",
          "estimator.mid_blocks.9.1.3.ff.net.2.weight",
          "estimator.mid_blocks.9.1.3.ff.net.2.bias",
          "estimator.mid_blocks.10.0.mlp.1.weight",
          "estimator.mid_blocks.10.0.mlp.1.bias",
          "estimator.mid_blocks.10.0.block1.block.0.weight",
          "estimator.mid_blocks.10.0.block1.block.0.bias",
          "estimator.mid_blocks.10.0.block1.block.2.weight",
          "estimator.mid_blocks.10.0.block1.block.2.bias",
          "estimator.mid_blocks.10.0.block2.block.0.weight",
          "estimator.mid_blocks.10.0.block2.block.0.bias",
          "estimator.mid_blocks.10.0.block2.block.2.weight",
          "estimator.mid_blocks.10.0.block2.block.2.bias",
          "estimator.mid_blocks.10.0.res_conv.weight",
          "estimator.mid_blocks.10.0.res_conv.bias",
          "estimator.mid_blocks.10.1.0.norm1.weight",
          "estimator.mid_blocks.10.1.0.norm1.bias",
          "estimator.mid_blocks.10.1.0.attn1.to_q.weight",
          "estimator.mid_blocks.10.1.0.attn1.to_k.weight",
          "estimator.mid_blocks.10.1.0.attn1.to_v.weight",
          "estimator.mid_blocks.10.1.0.attn1.to_out.0.weight",
          "estimator.mid_blocks.10.1.0.attn1.to_out.0.bias",
          "estimator.mid_blocks.10.1.0.norm3.weight",
          "estimator.mid_blocks.10.1.0.norm3.bias",
          "estimator.mid_blocks.10.1.0.ff.net.0.proj.weight",
          "estimator.mid_blocks.10.1.0.ff.net.0.proj.bias",
          "estimator.mid_blocks.10.1.0.ff.net.2.weight",
          "estimator.mid_blocks.10.1.0.ff.net.2.bias",
          "estimator.mid_blocks.10.1.1.norm1.weight",
          "estimator.mid_blocks.10.1.1.norm1.bias",
          "estimator.mid_blocks.10.1.1.attn1.to_q.weight",
          "estimator.mid_blocks.10.1.1.attn1.to_k.weight",
          "estimator.mid_blocks.10.1.1.attn1.to_v.weight",
          "estimator.mid_blocks.10.1.1.attn1.to_out.0.weight",
          "estimator.mid_blocks.10.1.1.attn1.to_out.0.bias",
          "estimator.mid_blocks.10.1.1.norm3.weight",
          "estimator.mid_blocks.10.1.1.norm3.bias",
          "estimator.mid_blocks.10.1.1.ff.net.0.proj.weight",
          "estimator.mid_blocks.10.1.1.ff.net.0.proj.bias",
          "estimator.mid_blocks.10.1.1.ff.net.2.weight",
          "estimator.mid_blocks.10.1.1.ff.net.2.bias",
          "estimator.mid_blocks.10.1.2.norm1.weight",
          "estimator.mid_blocks.10.1.2.norm1.bias",
          "estimator.mid_blocks.10.1.2.attn1.to_q.weight",
          "estimator.mid_blocks.10.1.2.attn1.to_k.weight",
          "estimator.mid_blocks.10.1.2.attn1.to_v.weight",
          "estimator.mid_blocks.10.1.2.attn1.to_out.0.weight",
          "estimator.mid_blocks.10.1.2.attn1.to_out.0.bias",
          "estimator.mid_blocks.10.1.2.norm3.weight",
          "estimator.mid_blocks.10.1.2.norm3.bias",
          "estimator.mid_blocks.10.1.2.ff.net.0.proj.weight",
          "estimator.mid_blocks.10.1.2.ff.net.0.proj.bias",
          "estimator.mid_blocks.10.1.2.ff.net.2.weight",
          "estimator.mid_blocks.10.1.2.ff.net.2.bias",
          "estimator.mid_blocks.10.1.3.norm1.weight",
          "estimator.mid_blocks.10.1.3.norm1.bias",
          "estimator.mid_blocks.10.1.3.attn1.to_q.weight",
          "estimator.mid_blocks.10.1.3.attn1.to_k.weight",
          "estimator.mid_blocks.10.1.3.attn1.to_v.weight",
          "estimator.mid_blocks.10.1.3.attn1.to_out.0.weight",
          "estimator.mid_blocks.10.1.3.attn1.to_out.0.bias",
          "estimator.mid_blocks.10.1.3.norm3.weight",
          "estimator.mid_blocks.10.1.3.norm3.bias",
          "estimator.mid_blocks.10.1.3.ff.net.0.proj.weight",
          "estimator.mid_blocks.10.1.3.ff.net.0.proj.bias",
          "estimator.mid_blocks.10.1.3.ff.net.2.weight",
          "estimator.mid_blocks.10.1.3.ff.net.2.bias",
          "estimator.mid_blocks.11.0.mlp.1.weight",
          "estimator.mid_blocks.11.0.mlp.1.bias",
          "estimator.mid_blocks.11.0.block1.block.0.weight",
          "estimator.mid_blocks.11.0.block1.block.0.bias",
          "estimator.mid_blocks.11.0.block1.block.2.weight",
          "estimator.mid_blocks.11.0.block1.block.2.bias",
          "estimator.mid_blocks.11.0.block2.block.0.weight",
          "estimator.mid_blocks.11.0.block2.block.0.bias",
          "estimator.mid_blocks.11.0.block2.block.2.weight",
          "estimator.mid_blocks.11.0.block2.block.2.bias",
          "estimator.mid_blocks.11.0.res_conv.weight",
          "estimator.mid_blocks.11.0.res_conv.bias",
          "estimator.mid_blocks.11.1.0.norm1.weight",
          "estimator.mid_blocks.11.1.0.norm1.bias",
          "estimator.mid_blocks.11.1.0.attn1.to_q.weight",
          "estimator.mid_blocks.11.1.0.attn1.to_k.weight",
          "estimator.mid_blocks.11.1.0.attn1.to_v.weight",
          "estimator.mid_blocks.11.1.0.attn1.to_out.0.weight",
          "estimator.mid_blocks.11.1.0.attn1.to_out.0.bias",
          "estimator.mid_blocks.11.1.0.norm3.weight",
          "estimator.mid_blocks.11.1.0.norm3.bias",
          "estimator.mid_blocks.11.1.0.ff.net.0.proj.weight",
          "estimator.mid_blocks.11.1.0.ff.net.0.proj.bias",
          "estimator.mid_blocks.11.1.0.ff.net.2.weight",
          "estimator.mid_blocks.11.1.0.ff.net.2.bias",
          "estimator.mid_blocks.11.1.1.norm1.weight",
          "estimator.mid_blocks.11.1.1.norm1.bias",
          "estimator.mid_blocks.11.1.1.attn1.to_q.weight",
          "estimator.mid_blocks.11.1.1.attn1.to_k.weight",
          "estimator.mid_blocks.11.1.1.attn1.to_v.weight",
          "estimator.mid_blocks.11.1.1.attn1.to_out.0.weight",
          "estimator.mid_blocks.11.1.1.attn1.to_out.0.bias",
          "estimator.mid_blocks.11.1.1.norm3.weight",
          "estimator.mid_blocks.11.1.1.norm3.bias",
          "estimator.mid_blocks.11.1.1.ff.net.0.proj.weight",
          "estimator.mid_blocks.11.1.1.ff.net.0.proj.bias",
          "estimator.mid_blocks.11.1.1.ff.net.2.weight",
          "estimator.mid_blocks.11.1.1.ff.net.2.bias",
          "estimator.mid_blocks.11.1.2.norm1.weight",
          "estimator.mid_blocks.11.1.2.norm1.bias",
          "estimator.mid_blocks.11.1.2.attn1.to_q.weight",
          "estimator.mid_blocks.11.1.2.attn1.to_k.weight",
          "estimator.mid_blocks.11.1.2.attn1.to_v.weight",
          "estimator.mid_blocks.11.1.2.attn1.to_out.0.weight",
          "estimator.mid_blocks.11.1.2.attn1.to_out.0.bias",
          "estimator.mid_blocks.11.1.2.norm3.weight",
          "estimator.mid_blocks.11.1.2.norm3.bias",
          "estimator.mid_blocks.11.1.2.ff.net.0.proj.weight",
          "estimator.mid_blocks.11.1.2.ff.net.0.proj.bias",
          "estimator.mid_blocks.11.1.2.ff.net.2.weight",
          "estimator.mid_blocks.11.1.2.ff.net.2.bias",
          "estimator.mid_blocks.11.1.3.norm1.weight",
          "estimator.mid_blocks.11.1.3.norm1.bias",
          "estimator.mid_blocks.11.1.3.attn1.to_q.weight",
          "estimator.mid_blocks.11.1.3.attn1.to_k.weight",
          "estimator.mid_blocks.11.1.3.attn1.to_v.weight",
          "estimator.mid_blocks.11.1.3.attn1.to_out.0.weight",
          "estimator.mid_blocks.11.1.3.attn1.to_out.0.bias",
          "estimator.mid_blocks.11.1.3.norm3.weight",
          "estimator.mid_blocks.11.1.3.norm3.bias",
          "estimator.mid_blocks.11.1.3.ff.net.0.proj.weight",
          "estimator.mid_blocks.11.1.3.ff.net.0.proj.bias",
          "estimator.mid_blocks.11.1.3.ff.net.2.weight",
          "estimator.mid_blocks.11.1.3.ff.net.2.bias",
          "estimator.up_blocks.0.0.mlp.1.weight",
          "estimator.up_blocks.0.0.mlp.1.bias",
          "estimator.up_blocks.0.0.block1.block.0.weight",
          "estimator.up_blocks.0.0.block1.block.0.bias",
          "estimator.up_blocks.0.0.block1.block.2.weight",
          "estimator.up_blocks.0.0.block1.block.2.bias",
          "estimator.up_blocks.0.0.block2.block.0.weight",
          "estimator.up_blocks.0.0.block2.block.0.bias",
          "estimator.up_blocks.0.0.block2.block.2.weight",
          "estimator.up_blocks.0.0.block2.block.2.bias",
          "estimator.up_blocks.0.0.res_conv.weight",
          "estimator.up_blocks.0.0.res_conv.bias",
          "estimator.up_blocks.0.1.0.norm1.weight",
          "estimator.up_blocks.0.1.0.norm1.bias",
          "estimator.up_blocks.0.1.0.attn1.to_q.weight",
          "estimator.up_blocks.0.1.0.attn1.to_k.weight",
          "estimator.up_blocks.0.1.0.attn1.to_v.weight",
          "estimator.up_blocks.0.1.0.attn1.to_out.0.weight",
          "estimator.up_blocks.0.1.0.attn1.to_out.0.bias",
          "estimator.up_blocks.0.1.0.norm3.weight",
          "estimator.up_blocks.0.1.0.norm3.bias",
          "estimator.up_blocks.0.1.0.ff.net.0.proj.weight",
          "estimator.up_blocks.0.1.0.ff.net.0.proj.bias",
          "estimator.up_blocks.0.1.0.ff.net.2.weight",
          "estimator.up_blocks.0.1.0.ff.net.2.bias",
          "estimator.up_blocks.0.1.1.norm1.weight",
          "estimator.up_blocks.0.1.1.norm1.bias",
          "estimator.up_blocks.0.1.1.attn1.to_q.weight",
          "estimator.up_blocks.0.1.1.attn1.to_k.weight",
          "estimator.up_blocks.0.1.1.attn1.to_v.weight",
          "estimator.up_blocks.0.1.1.attn1.to_out.0.weight",
          "estimator.up_blocks.0.1.1.attn1.to_out.0.bias",
          "estimator.up_blocks.0.1.1.norm3.weight",
          "estimator.up_blocks.0.1.1.norm3.bias",
          "estimator.up_blocks.0.1.1.ff.net.0.proj.weight",
          "estimator.up_blocks.0.1.1.ff.net.0.proj.bias",
          "estimator.up_blocks.0.1.1.ff.net.2.weight",
          "estimator.up_blocks.0.1.1.ff.net.2.bias",
          "estimator.up_blocks.0.1.2.norm1.weight",
          "estimator.up_blocks.0.1.2.norm1.bias",
          "estimator.up_blocks.0.1.2.attn1.to_q.weight",
          "estimator.up_blocks.0.1.2.attn1.to_k.weight",
          "estimator.up_blocks.0.1.2.attn1.to_v.weight",
          "estimator.up_blocks.0.1.2.attn1.to_out.0.weight",
          "estimator.up_blocks.0.1.2.attn1.to_out.0.bias",
          "estimator.up_blocks.0.1.2.norm3.weight",
          "estimator.up_blocks.0.1.2.norm3.bias",
          "estimator.up_blocks.0.1.2.ff.net.0.proj.weight",
          "estimator.up_blocks.0.1.2.ff.net.0.proj.bias",
          "estimator.up_blocks.0.1.2.ff.net.2.weight",
          "estimator.up_blocks.0.1.2.ff.net.2.bias",
          "estimator.up_blocks.0.1.3.norm1.weight",
          "estimator.up_blocks.0.1.3.norm1.bias",
          "estimator.up_blocks.0.1.3.attn1.to_q.weight",
          "estimator.up_blocks.0.1.3.attn1.to_k.weight",
          "estimator.up_blocks.0.1.3.attn1.to_v.weight",
          "estimator.up_blocks.0.1.3.attn1.to_out.0.weight",
          "estimator.up_blocks.0.1.3.attn1.to_out.0.bias",
          "estimator.up_blocks.0.1.3.norm3.weight",
          "estimator.up_blocks.0.1.3.norm3.bias",
          "estimator.up_blocks.0.1.3.ff.net.0.proj.weight",
          "estimator.up_blocks.0.1.3.ff.net.0.proj.bias",
          "estimator.up_blocks.0.1.3.ff.net.2.weight",
          "estimator.up_blocks.0.1.3.ff.net.2.bias",
          "estimator.up_blocks.0.2.weight",
          "estimator.up_blocks.0.2.bias",
          "estimator.final_block.block.0.weight",
          "estimator.final_block.block.0.bias",
          "estimator.final_block.block.2.weight",
          "estimator.final_block.block.2.bias",
          "estimator.final_proj.weight",
          "estimator.final_proj.bias",
          "estimator.time_embed_mixer.weight"
        ],
        "initializers": [
          {
            "dtype": "float32",
            "graph_name": "spk_embed_affine_layer.weight",
            "length": 61440,
            "offset": 0,
            "sha256": "a7919b9e0e5707187f554f82040afbd8e0b39b706e75ecc0095aec32824fc4ec",
            "shape": [
              80,
              192
            ],
            "state_name": "spk_embed_affine_layer.weight"
          },
          {
            "dtype": "float32",
            "graph_name": "spk_embed_affine_layer.bias",
            "length": 320,
            "offset": 61440,
            "sha256": "0e9d4461d0bf4274ee4a440d6dcd35b30355fad8534828b15b64371f856fec51",
            "shape": [
              80
            ],
            "state_name": "spk_embed_affine_layer.bias"
          },
          {
            "dtype": "float32",
            "graph_name": "estimator.time_mlp.linear_1.weight",
            "length": 1310720,
            "offset": 61760,
            "sha256": "57006f94651646870461be1b89cdf7858375b465a7de53a04b2e3772bc2d0758",
            "shape": [
              1024,
              320
            ],
            "state_name": "estimator.time_mlp.linear_1.weight"
          },
          {
            "dtype": "float32",
            "graph_name": "estimator.time_mlp.linear_1.bias",
            "length": 4096,
            "offset": 1372480,
            "sha256": "d7003d6e26463bc9f11d3a2061cec90d9fcd2b777536dde90143a6441ab23cbb",
            "shape": [
              1024
            ],
            "state_name": "estimator.time_mlp.linear_1.bias"
          },
          {
            "dtype": "float32",
            "graph_name": "estimator.time_mlp.linear_2.weight",
            "length": 4194304,
            "offset": 1376576,
            "sha256": "88fafa607201d5edea07a9c4505954058390179cda024a101d8680fa4c929fea",
            "shape": [
              1024,
              1024
            ],
            "state_name": "estimator.time_mlp.linear_2.weight"
          },
          {
            "dtype": "float32",
            "graph_name": "estimator.time_mlp.linear_2.bias",
            "length": 4096,
            "offset": 5570880,
            "sha256": "d521cc8e133dbd03bf64b1393efc77f812dcf4824d027f3b18aaf791b9954ba2",
            "shape": [
              1024
            ],
            "state_name": "estimator.time_mlp.linear_2.bias"
          },
          {
            "dtype": "float32",
            "graph_name": "estimator.down_blocks.0.0.mlp.1.weight",
            "length": 1048576,
            "offset": 5574976,
            "sha256": "5a02b064c9e67eaec5bf9bb86c31c6c2aa85baebf3deaa81dd93d2396cc2d63c",
            "shape": [
              256,
              1024
            ],
            "state_name": "estimator.down_blocks.0.0.mlp.1.weight"
          },
          {
            "dtype": "float32",
            "graph_name": "estimator.down_blocks.0.0.mlp.1.bias",
            "length": 1024,
            "offset": 6623552,
            "sha256": "5443fbd67ae7aaf7006eb36eb5b06713568f2c5d53443b73762c9b8a0e420519",
            "shape": [
              256
            ],
            "state_name": "estimator.down_blocks.0.0.mlp.1.bias"
          },
          {
            "dtype": "float32",
            "graph_name": "estimator.down_blocks.0.0.block1.block.0.weight",
            "length": 983040,
            "offset": 6624576,
            "sha256": "13a3d20e3f03b2251a883e8a87f0b0020dc90a532b29ffdfb9f66d1a7d93227f",
            "shape": [
              256,
              320,
              3
            ],
            "state_name": "estimator.down_blocks.0.0.block1.block.0.weight"
          },
          {
            "dtype": "float32",
            "graph_name": "estimator.down_blocks.0.0.block1.block.0.bias",
            "length": 1024,
            "offset": 7607616,
            "sha256": "93e594015e2d05437db40ff4d58e1c516337454dc9e655cd3346368ccc600466",
            "shape": [
              256
            ],
            "state_name": "estimator.down_blocks.0.0.block1.block.0.bias"
          },
          {
            "dtype": "float32",
            "graph_name": "estimator.down_blocks.0.0.block1.block.2.weight",
            "length": 1024,
            "offset": 7608640,
            "sha256": "4f175c489483b0ee3eefd6a53c826b063877dd951772b62781ae53e887a63694",
            "shape": [
              256
            ],
            "state_name": "estimator.down_blocks.0.0.block1.block.2.weight"
          },
          {
            "dtype": "float32",
            "graph_name": "estimator.down_blocks.0.0.block1.block.2.bias",
            "length": 1024,
            "offset": 7609664,
            "sha256": "440aeea5705372945b898a5ea1d0a9078bc3d9fd8080746640d8e6da0ce9b7e3",
            "shape": [
              256
            ],
            "state_name": "estimator.down_blocks.0.0.block1.block.2.bias"
          },
          {
            "dtype": "float32",
            "graph_name": "estimator.down_blocks.0.0.block2.block.0.weight",
            "length": 786432,
            "offset": 7610688,
            "sha256": "cd8cddc2755c50339e30cc9cc92812865aa0df1280f30ce43618c2ab9d04db5b",
            "shape": [
              256,
              256,
              3
            ],
            "state_name": "estimator.down_blocks.0.0.block2.block.0.weight"
          },
          {
            "dtype": "float32",
            "graph_name": "estimator.down_blocks.0.0.block2.block.0.bias",
            "length": 1024,
            "offset": 8397120,
            "sha256": "fe0ccc17d1f3e1cb4b2496dfc7ed956df45af140782c7bfdb990dbd3a838a8da",
            "shape": [
              256
            ],
            "state_name": "estimator.down_blocks.0.0.block2.block.0.bias"
          },
          {
            "dtype": "float32",
            "graph_name": "estimator.down_blocks.0.0.block2.block.2.weight",
            "length": 1024,
            "offset": 8398144,
            "sha256": "741f088f557cdf58489f0cd314d9830ef45b027a48efb2136df1c32b320162a7",
            "shape": [
              256
            ],
            "state_name": "estimator.down_blocks.0.0.block2.block.2.weight"
          },
          {
            "dtype": "float32",
            "graph_name": "estimator.down_blocks.0.0.block2.block.2.bias",
            "length": 1024,
            "offset": 8399168,
            "sha256": "31999df86e74d62831f780b6a115c32f025b996e9c2031a227f7cbe6fe555cc6",
            "shape": [
              256
            ],
            "state_name": "estimator.down_blocks.0.0.block2.block.2.bias"
          },
          {
            "dtype": "float32",
            "graph_name": "estimator.down_blocks.0.0.res_conv.weight",
            "length": 327680,
            "offset": 8400192,
            "sha256": "f0da3979f5e1b73edff628f751ae3b7969ccbe26d0e9bbf68194c7ea0ebb95ed",
            "shape": [
              256,
              320,
              1
            ],
            "state_name": "estimator.down_blocks.0.0.res_conv.weight"
          },
          {
            "dtype": "float32",
            "graph_name": "estimator.down_blocks.0.0.res_conv.bias",
            "length": 1024,
            "offset": 8727872,
            "sha256": "6e13c32589b950eef72becd6c1e7fd3d3e73fe2351b00d5b6e13da0a575d623c",
            "shape": [
              256
            ],
            "state_name": "estimator.down_blocks.0.0.res_conv.bias"
          },
          {
            "dtype": "float32",
            "graph_name": "estimator.down_blocks.0.1.0.norm1.weight",
            "length": 1024,
            "offset": 8728896,
            "sha256": "cf37716dca62359ffd35ffbc2eb1c1432eac642dfde1748ff1ffe4c7f3efa014",
            "shape": [
              256
            ],
            "state_name": "estimator.down_blocks.0.1.0.norm1.weight"
          },
          {
            "dtype": "float32",
            "graph_name": "estimator.down_blocks.0.1.0.norm1.bias",
            "length": 1024,
            "offset": 8729920,
            "sha256": "813387fcf885ff0ee98b694a326356c5c80f11cdae307419dde1c3db1b54f863",
            "shape": [
              256
            ],
            "state_name": "estimator.down_blocks.0.1.0.norm1.bias"
          },
          {
            "dtype": "float32",
            "graph_name": "estimator.down_blocks.0.1.0.attn1.to_q.weight",
            "length": 524288,
            "offset": 8730944,
            "sha256": "cfa3ca3c3547bb0ce896611eccc09f6873d6832ffe4866afdcea7664c2af7e84",
            "shape": [
              512,
              256
            ],
            "state_name": "estimator.down_blocks.0.1.0.attn1.to_q.weight"
          },
          {
            "dtype": "float32",
            "graph_name": "estimator.down_blocks.0.1.0.attn1.to_k.weight",
            "length": 524288,
            "offset": 9255232,
            "sha256": "e8e389e723444bc0432cb69fdde97b4d09583362e658340c45b667173427a706",
            "shape": [
              512,
              256
            ],
            "state_name": "estimator.down_blocks.0.1.0.attn1.to_k.weight"
          },
          {
            "dtype": "float32",
            "graph_name": "estimator.down_blocks.0.1.0.attn1.to_v.weight",
            "length": 524288,
            "offset": 9779520,
            "sha256": "647f54262f9709d093e5cb9f6306029f2f3110e8b74af00742fecf79bd322dc9",
            "shape": [
              512,
              256
            ],
            "state_name": "estimator.down_blocks.0.1.0.attn1.to_v.weight"
          },
          {
            "dtype": "float32",
            "graph_name": "estimator.down_blocks.0.1.0.attn1.to_out.0.weight",
            "length": 524288,
            "offset": 10303808,
            "sha256": "bf4ed60512c8cfd11eb2e8f5d58971c533fba6d006bc6878c862b841bb975c4c",
            "shape": [
              256,
              512
            ],
            "state_name": "estimator.down_blocks.0.1.0.attn1.to_out.0.weight"
          },
          {
            "dtype": "float32",
            "graph_name": "estimator.down_blocks.0.1.0.attn1.to_out.0.bias",
            "length": 1024,
            "offset": 10828096,
            "sha256": "b8e4501b4e6f03cd1b7120ae432570d691c7a5aff68e4545898988ff3821e8b3",
            "shape": [
              256
            ],
            "state_name": "estimator.down_blocks.0.1.0.attn1.to_out.0.bias"
          },
          {
            "dtype": "float32",
            "graph_name": "estimator.down_blocks.0.1.0.norm3.weight",
            "length": 1024,
            "offset": 10829120,
            "sha256": "726c3f5f2e9751526fdafe7a49fb0f0b38208f9d2d8302cbb2586d3f8098c7a6",
            "shape": [
              256
            ],
            "state_name": "estimator.down_blocks.0.1.0.norm3.weight"
          },
          {
            "dtype": "float32",
            "graph_name": "estimator.down_blocks.0.1.0.norm3.bias",
            "length": 1024,
            "offset": 10830144,
            "sha256": "770b1307cd0bd2bb6ee75813d496436ececa0ddf6720843bf4ce00e778602147",
            "shape": [
              256
            ],
            "state_name": "estimator.down_blocks.0.1.0.norm3.bias"
          },
          {
            "dtype": "float32",
            "graph_name": "estimator.down_blocks.0.1.0.ff.net.0.proj.weight",
            "length": 1048576,
            "offset": 10831168,
            "sha256": "9896ecb20ed667dc6f6ef29e192fd6e39dfb9edb45da7b6838a9c6203d9759e0",
            "shape": [
              1024,
              256
            ],
            "state_name": "estimator.down_blocks.0.1.0.ff.net.0.proj.weight"
          },
          {
            "dtype": "float32",
            "graph_name": "estimator.down_blocks.0.1.0.ff.net.0.proj.bias",
            "length": 4096,
            "offset": 11879744,
            "sha256": "30cc5e206a59cf56236fd19c79a9a1c24d2dfa0a40d323207b4e96bd418b4d1d",
            "shape": [
              1024
            ],
            "state_name": "estimator.down_blocks.0.1.0.ff.net.0.proj.bias"
          },
          {
            "dtype": "float32",
            "graph_name": "estimator.down_blocks.0.1.0.ff.net.2.weight",
            "length": 1048576,
            "offset": 11883840,
            "sha256": "00e3a19b17db583ecf867374b73d104488a7f635913565b5a50cb8c635cbd21c",
            "shape": [
              256,
              1024
            ],
            "state_name": "estimator.down_blocks.0.1.0.ff.net.2.weight"
          },
          {
            "dtype": "float32",
            "graph_name": "estimator.down_blocks.0.1.0.ff.net.2.bias",
            "length": 1024,
            "offset": 12932416,
            "sha256": "22372cae9921bdbcf68895b9f2700d555b7047f0c9ee37f2ac7961930bc7aa78",
            "shape": [
              256
            ],
            "state_name": "estimator.down_blocks.0.1.0.ff.net.2.bias"
          },
          {
            "dtype": "float32",
            "graph_name": "estimator.down_blocks.0.1.1.norm1.weight",
            "length": 1024,
            "offset": 12933440,
            "sha256": "7b26c7e80ead4379fa7849422c6df006937c1be298dff226482929f4787a84ae",
            "shape": [
              256
            ],
            "state_name": "estimator.down_blocks.0.1.1.norm1.weight"
          },
          {
            "dtype": "float32",
            "graph_name": "estimator.down_blocks.0.1.1.norm1.bias",
            "length": 1024,
            "offset": 12934464,
            "sha256": "eaf31c3215c0295b15ad0a5d6098d7ae5feb2498ef3cf355c919a1cabeb71e54",
            "shape": [
              256
            ],
            "state_name": "estimator.down_blocks.0.1.1.norm1.bias"
          },
          {
            "dtype": "float32",
            "graph_name": "estimator.down_blocks.0.1.1.attn1.to_q.weight",
            "length": 524288,
            "offset": 12935488,
            "sha256": "ddb27e37cacfdb807412bc10e82c7880ac4cb6043093cc05b1681c26ce08dc00",
            "shape": [
              512,
              256
            ],
            "state_name": "estimator.down_blocks.0.1.1.attn1.to_q.weight"
          },
          {
            "dtype": "float32",
            "graph_name": "estimator.down_blocks.0.1.1.attn1.to_k.weight",
            "length": 524288,
            "offset": 13459776,
            "sha256": "014a0cb53ab5f75d7c6b756945b80273bb10b08458a57f204275f7688aaed769",
            "shape": [
              512,
              256
            ],
            "state_name": "estimator.down_blocks.0.1.1.attn1.to_k.weight"
          },
          {
            "dtype": "float32",
            "graph_name": "estimator.down_blocks.0.1.1.attn1.to_v.weight",
            "length": 524288,
            "offset": 13984064,
            "sha256": "d54fc90639423a8cdb6cc76ebcdd3423bdbf4d989734dd2f33deb3b13f3d8ffd",
            "shape": [
              512,
              256
            ],
            "state_name": "estimator.down_blocks.0.1.1.attn1.to_v.weight"
          },
          {
            "dtype": "float32",
            "graph_name": "estimator.down_blocks.0.1.1.attn1.to_out.0.weight",
            "length": 524288,
            "offset": 14508352,
            "sha256": "02a95e4e5718418c8de58c6fde4470c110b689b48650cca9ab27bfaaa68a254e",
            "shape": [
              256,
              512
            ],
            "state_name": "estimator.down_blocks.0.1.1.attn1.to_out.0.weight"
          },
          {
            "dtype": "float32",
            "graph_name": "estimator.down_blocks.0.1.1.attn1.to_out.0.bias",
            "length": 1024,
            "offset": 15032640,
            "sha256": "0c49913c880150e5f96d9cbe691ee063315997632486ef67a1c274d6d0a2ee86",
            "shape": [
              256
            ],
            "state_name": "estimator.down_blocks.0.1.1.attn1.to_out.0.bias"
          },
          {
            "dtype": "float32",
            "graph_name": "estimator.down_blocks.0.1.1.norm3.weight",
            "length": 1024,
            "offset": 15033664,
            "sha256": "111ee491354458d4ae5d7c4ec7594bf369c4f497ca1ca97421a9e3fd77ba88b7",
            "shape": [
              256
            ],
            "state_name": "estimator.down_blocks.0.1.1.norm3.weight"
          },
          {
            "dtype": "float32",
            "graph_name": "estimator.down_blocks.0.1.1.norm3.bias",
            "length": 1024,
            "offset": 15034688,
            "sha256": "24bb753f0acada70a7adbb2a07350795c35046ec85695d51d9be276856f8f882",
            "shape": [
              256
            ],
            "state_name": "estimator.down_blocks.0.1.1.norm3.bias"
          },
          {
            "dtype": "float32",
            "graph_name": "estimator.down_blocks.0.1.1.ff.net.0.proj.weight",
            "length": 1048576,
            "offset": 15035712,
            "sha256": "fd626f7eea6ed210ab68dc9ab6ea5aec45e70310096085f8143b6c9ef33fd95c",
            "shape": [
              1024,
              256
            ],
            "state_name": "estimator.down_blocks.0.1.1.ff.net.0.proj.weight"
          },
          {
            "dtype": "float32",
            "graph_name": "estimator.down_blocks.0.1.1.ff.net.0.proj.bias",
            "length": 4096,
            "offset": 16084288,
            "sha256": "f099038bd60f4772738ec727a98277bef585d84e90b0a7b35ce85f69022db6a7",
            "shape": [
              1024
            ],
            "state_name": "estimator.down_blocks.0.1.1.ff.net.0.proj.bias"
          },
          {
            "dtype": "float32",
            "graph_name": "estimator.down_blocks.0.1.1.ff.net.2.weight",
            "length": 1048576,
            "offset": 16088384,
            "sha256": "e0257a38264d9643afeb9fa8be7139715f076650659d7773daa7bfc8b3b7a6fa",
            "shape": [
              256,
              1024
            ],
            "state_name": "estimator.down_blocks.0.1.1.ff.net.2.weight"
          },
          {
            "dtype": "float32",
            "graph_name": "estimator.down_blocks.0.1.1.ff.net.2.bias",
            "length": 1024,
            "offset": 17136960,
            "sha256": "9a7c135439304e6005e18a1cf807f8f5a47992d1d666f9d27738f591d6dfab15",
            "shape": [
              256
            ],
            "state_name": "estimator.down_blocks.0.1.1.ff.net.2.bias"
          },
          {
            "dtype": "float32",
            "graph_name": "estimator.down_blocks.0.1.2.norm1.weight",
            "length": 1024,
            "offset": 17137984,
            "sha256": "6d29d9a10603bce9fe53531df64e1c598a74e7d6f946810932f634815b3e31d1",
            "shape": [
              256
            ],
            "state_name": "estimator.down_blocks.0.1.2.norm1.weight"
          },
          {
            "dtype": "float32",
            "graph_name": "estimator.down_blocks.0.1.2.norm1.bias",
            "length": 1024,
            "offset": 17139008,
            "sha256": "8c9c769b33215a93ebe8914a42541f4ee50d9813eab11d21afc8c2cfd0bb1948",
            "shape": [
              256
            ],
            "state_name": "estimator.down_blocks.0.1.2.norm1.bias"
          },
          {
            "dtype": "float32",
            "graph_name": "estimator.down_blocks.0.1.2.attn1.to_q.weight",
            "length": 524288,
            "offset": 17140032,
            "sha256": "9449d0aea92279978b87c6e8e67b472be9cad8fabd7b8d05b907900012e0895c",
            "shape": [
              512,
              256
            ],
            "state_name": "estimator.down_blocks.0.1.2.attn1.to_q.weight"
          },
          {
            "dtype": "float32",
            "graph_name": "estimator.down_blocks.0.1.2.attn1.to_k.weight",
            "length": 524288,
            "offset": 17664320,
            "sha256": "d95e9a4091b1128817490a2986624d2f9db2ca02dc97f639a46c03de4b4d2129",
            "shape": [
              512,
              256
            ],
            "state_name": "estimator.down_blocks.0.1.2.attn1.to_k.weight"
          },
          {
            "dtype": "float32",
            "graph_name": "estimator.down_blocks.0.1.2.attn1.to_v.weight",
            "length": 524288,
            "offset": 18188608,
            "sha256": "3a957f1b921b03bbf3bab84a05255eb6ec1ae120a19fef57b0d84d230631a81f",
            "shape": [
              512,
              256
            ],
            "state_name": "estimator.down_blocks.0.1.2.attn1.to_v.weight"
          },
          {
            "dtype": "float32",
            "graph_name": "estimator.down_blocks.0.1.2.attn1.to_out.0.weight",
            "length": 524288,
            "offset": 18712896,
            "sha256": "5a7fcb9d8781da1ba6a9f0fe448713d0abac56251e2bb8211ace6a432b638522",
            "shape": [
              256,
              512
            ],
            "state_name": "estimator.down_blocks.0.1.2.attn1.to_out.0.weight"
          },
          {
            "dtype": "float32",
            "graph_name": "estimator.down_blocks.0.1.2.attn1.to_out.0.bias",
            "length": 1024,
            "offset": 19237184,
            "sha256": "d40025e5b3536aef3f2d5d24302125e66572763034d8d2561d7961467e0bd5cf",
            "shape": [
              256
            ],
            "state_name": "estimator.down_blocks.0.1.2.attn1.to_out.0.bias"
          },
          {
            "dtype": "float32",
            "graph_name": "estimator.down_blocks.0.1.2.norm3.weight",
            "length": 1024,
            "offset": 19238208,
            "sha256": "be47c01ee36e8e47ffa3b6720ed9f0cd32e91341e9b3e54dd728415dd1024551",
            "shape": [
              256
            ],
            "state_name": "estimator.down_blocks.0.1.2.norm3.weight"
          },
          {
            "dtype": "float32",
            "graph_name": "estimator.down_blocks.0.1.2.norm3.bias",
            "length": 1024,
            "offset": 19239232,
            "sha256": "12fc1cb2b92bac12822c3b66991ddca57e8c6f86a83f6a9de33bacd4af8181d1",
            "shape": [
              256
            ],
            "state_name": "estimator.down_blocks.0.1.2.norm3.bias"
          },
          {
            "dtype": "float32",
            "graph_name": "estimator.down_blocks.0.1.2.ff.net.0.proj.weight",
            "length": 1048576,
            "offset": 19240256,
            "sha256": "739509a7cf469f3974e513181de1709884a1531c40dfb2e167dda3abc83cc529",
            "shape": [
              1024,
              256
            ],
            "state_name": "estimator.down_blocks.0.1.2.ff.net.0.proj.weight"
          },
          {
            "dtype": "float32",
            "graph_name": "estimator.down_blocks.0.1.2.ff.net.0.proj.bias",
            "length": 4096,
            "offset": 20288832,
            "sha256": "75d156807ffc91deaa6c1222bbd1c6bb79a479ae815662248d6849696fe444a0",
            "shape": [
              1024
            ],
            "state_name": "estimator.down_blocks.0.1.2.ff.net.0.proj.bias"
          },
          {
            "dtype": "float32",
            "graph_name": "estimator.down_blocks.0.1.2.ff.net.2.weight",
            "length": 1048576,
            "offset": 20292928,
            "sha256": "4470f82d4ca860d810b0e3b4abe48d703f47fb93c5810328c98431b01cec3cca",
            "shape": [
              256,
              1024
            ],
            "state_name": "estimator.down_blocks.0.1.2.ff.net.2.weight"
          },
          {
            "dtype": "float32",
            "graph_name": "estimator.down_blocks.0.1.2.ff.net.2.bias",
            "length": 1024,
            "offset": 21341504,
            "sha256": "5fc6121fa4280c022e94dd70c8d0b0298a81fce6b633c9c25d87ce753de9418d",
            "shape": [
              256
            ],
            "state_name": "estimator.down_blocks.0.1.2.ff.net.2.bias"
          },
          {
            "dtype": "float32",
            "graph_name": "estimator.down_blocks.0.1.3.norm1.weight",
            "length": 1024,
            "offset": 21342528,
            "sha256": "20191ff573fbddf567ca6790257c010e2ee8ea2b4aa85f979421dbd78261ffca",
            "shape": [
              256
            ],
            "state_name": "estimator.down_blocks.0.1.3.norm1.weight"
          },
          {
            "dtype": "float32",
            "graph_name": "estimator.down_blocks.0.1.3.norm1.bias",
            "length": 1024,
            "offset": 21343552,
            "sha256": "d5defc687c17ce22114c9405c40ca4d1ee07c8229513f3f89d04c9a54ce6d8a3",
            "shape": [
              256
            ],
            "state_name": "estimator.down_blocks.0.1.3.norm1.bias"
          },
          {
            "dtype": "float32",
            "graph_name": "estimator.down_blocks.0.1.3.attn1.to_q.weight",
            "length": 524288,
            "offset": 21344576,
            "sha256": "251b74d9ec05697832851273985689b96e880b3fc3b8595569d34aa0fd503a12",
            "shape": [
              512,
              256
            ],
            "state_name": "estimator.down_blocks.0.1.3.attn1.to_q.weight"
          },
          {
            "dtype": "float32",
            "graph_name": "estimator.down_blocks.0.1.3.attn1.to_k.weight",
            "length": 524288,
            "offset": 21868864,
            "sha256": "a47138b24b310cfa5d4b1da7ddccd28574bd97495455c52ca755b836350a3d16",
            "shape": [
              512,
              256
            ],
            "state_name": "estimator.down_blocks.0.1.3.attn1.to_k.weight"
          },
          {
            "dtype": "float32",
            "graph_name": "estimator.down_blocks.0.1.3.attn1.to_v.weight",
            "length": 524288,
            "offset": 22393152,
            "sha256": "2a5c4ac59b57105ccfb8198a93d0da7807e16f59e49d3f3ecf8c6f2350bac775",
            "shape": [
              512,
              256
            ],
            "state_name": "estimator.down_blocks.0.1.3.attn1.to_v.weight"
          },
          {
            "dtype": "float32",
            "graph_name": "estimator.down_blocks.0.1.3.attn1.to_out.0.weight",
            "length": 524288,
            "offset": 22917440,
            "sha256": "5a1c7529d15794e2dd8caea61a272f43c6580bd2204a759343476961abe9b909",
            "shape": [
              256,
              512
            ],
            "state_name": "estimator.down_blocks.0.1.3.attn1.to_out.0.weight"
          },
          {
            "dtype": "float32",
            "graph_name": "estimator.down_blocks.0.1.3.attn1.to_out.0.bias",
            "length": 1024,
            "offset": 23441728,
            "sha256": "4198432d29d3748d08a3782562605bf8800b158edde42029eab905cd31458314",
            "shape": [
              256
            ],
            "state_name": "estimator.down_blocks.0.1.3.attn1.to_out.0.bias"
          },
          {
            "dtype": "float32",
            "graph_name": "estimator.down_blocks.0.1.3.norm3.weight",
            "length": 1024,
            "offset": 23442752,
            "sha256": "fb81cf0ce6e76c45d0c72e3c2af4da841a89bae410dbe1465ef1cc3116a052c5",
            "shape": [
              256
            ],
            "state_name": "estimator.down_blocks.0.1.3.norm3.weight"
          },
          {
            "dtype": "float32",
            "graph_name": "estimator.down_blocks.0.1.3.norm3.bias",
            "length": 1024,
            "offset": 23443776,
            "sha256": "ec799d2b3508fe4ca946c45aedd0428f63eaf6a7e8528f0a5f022e8707929704",
            "shape": [
              256
            ],
            "state_name": "estimator.down_blocks.0.1.3.norm3.bias"
          },
          {
            "dtype": "float32",
            "graph_name": "estimator.down_blocks.0.1.3.ff.net.0.proj.weight",
            "length": 1048576,
            "offset": 23444800,
            "sha256": "ae6014c28e771a5bc58be0b48c39451504fa013af9e321720c7652f59ea689f1",
            "shape": [
              1024,
              256
            ],
            "state_name": "estimator.down_blocks.0.1.3.ff.net.0.proj.weight"
          },
          {
            "dtype": "float32",
            "graph_name": "estimator.down_blocks.0.1.3.ff.net.0.proj.bias",
            "length": 4096,
            "offset": 24493376,
            "sha256": "d9452d09d25fed79183132612ec0e3bc3b7ed66ae7b6f253cbedc1d22c9d1c3a",
            "shape": [
              1024
            ],
            "state_name": "estimator.down_blocks.0.1.3.ff.net.0.proj.bias"
          },
          {
            "dtype": "float32",
            "graph_name": "estimator.down_blocks.0.1.3.ff.net.2.weight",
            "length": 1048576,
            "offset": 24497472,
            "sha256": "2b33b74dfa6001231aea9281eaf3a0647ca6bccb01439460977cb72d3668110c",
            "shape": [
              256,
              1024
            ],
            "state_name": "estimator.down_blocks.0.1.3.ff.net.2.weight"
          },
          {
            "dtype": "float32",
            "graph_name": "estimator.down_blocks.0.1.3.ff.net.2.bias",
            "length": 1024,
            "offset": 25546048,
            "sha256": "b887fdf130864c61363568f590127fbdc4b64c923f2eea3136ac27b6b4835523",
            "shape": [
              256
            ],
            "state_name": "estimator.down_blocks.0.1.3.ff.net.2.bias"
          },
          {
            "dtype": "float32",
            "graph_name": "estimator.down_blocks.0.2.weight",
            "length": 786432,
            "offset": 25547072,
            "sha256": "a1240e5b31b08552c33e745234617513226efe802928cec72bd2708635c70781",
            "shape": [
              256,
              256,
              3
            ],
            "state_name": "estimator.down_blocks.0.2.weight"
          },
          {
            "dtype": "float32",
            "graph_name": "estimator.down_blocks.0.2.bias",
            "length": 1024,
            "offset": 26333504,
            "sha256": "a79185ca21968bf5d77c2d7c496ec8744a1dcc066a66040af99f4f2537adf0a9",
            "shape": [
              256
            ],
            "state_name": "estimator.down_blocks.0.2.bias"
          },
          {
            "dtype": "float32",
            "graph_name": "estimator.mid_blocks.0.0.mlp.1.weight",
            "length": 1048576,
            "offset": 26334528,
            "sha256": "aba49fc1f828603ed793a498d03ce5f12e000bcf82758fd1bb6c719d553561ba",
            "shape": [
              256,
              1024
            ],
            "state_name": "estimator.mid_blocks.0.0.mlp.1.weight"
          },
          {
            "dtype": "float32",
            "graph_name": "estimator.mid_blocks.0.0.mlp.1.bias",
            "length": 1024,
            "offset": 27383104,
            "sha256": "6053a763841dd8ad300a1c0ac38ef7348bf0bac36d71501513f512d0a41389f6",
            "shape": [
              256
            ],
            "state_name": "estimator.mid_blocks.0.0.mlp.1.bias"
          },
          {
            "dtype": "float32",
            "graph_name": "estimator.mid_blocks.0.0.block1.block.0.weight",
            "length": 786432,
            "offset": 27384128,
            "sha256": "f56486d78a5559190c221bb31ac6a8bfdc5f18c12ea2e00446f0b91a9fb1c9c9",
            "shape": [
              256,
              256,
              3
            ],
            "state_name": "estimator.mid_blocks.0.0.block1.block.0.weight"
          },
          {
            "dtype": "float32",
            "graph_name": "estimator.mid_blocks.0.0.block1.block.0.bias",
            "length": 1024,
            "offset": 28170560,
            "sha256": "2b4e8d4971f0cfc4cb21392dfcaabe25f8880e694bce022cda6fe4375137db37",
            "shape": [
              256
            ],
            "state_name": "estimator.mid_blocks.0.0.block1.block.0.bias"
          },
          {
            "dtype": "float32",
            "graph_name": "estimator.mid_blocks.0.0.block1.block.2.weight",
            "length": 1024,
            "offset": 28171584,
            "sha256": "df891be2b73b81f9afbc2ae61f23375dd50831ec2792e38f86bd4016bcfed551",
            "shape": [
              256
            ],
            "state_name": "estimator.mid_blocks.0.0.block1.block.2.weight"
          },
          {
            "dtype": "float32",
            "graph_name": "estimator.mid_blocks.0.0.block1.block.2.bias",
            "length": 1024,
            "offset": 28172608,
            "sha256": "d99045645ef18a0a24b27f7475a388610d87e47737d5f42f6d00a27f7831ce50",
            "shape": [
              256
            ],
            "state_name": "estimator.mid_blocks.0.0.block1.block.2.bias"
          },
          {
            "dtype": "float32",
            "graph_name": "estimator.mid_blocks.0.0.block2.block.0.weight",
            "length": 786432,
            "offset": 28173632,
            "sha256": "91904d30d650a49b81373ad4784d63471555cb5756cf727ff24c45c461ac15f9",
            "shape": [
              256,
              256,
              3
            ],
            "state_name": "estimator.mid_blocks.0.0.block2.block.0.weight"
          },
          {
            "dtype": "float32",
            "graph_name": "estimator.mid_blocks.0.0.block2.block.0.bias",
            "length": 1024,
            "offset": 28960064,
            "sha256": "633dba6b1e183b7a7a897361f3db9c4b6ae6b3b7611eb5b414a444bcb27f400c",
            "shape": [
              256
            ],
            "state_name": "estimator.mid_blocks.0.0.block2.block.0.bias"
          },
          {
            "dtype": "float32",
            "graph_name": "estimator.mid_blocks.0.0.block2.block.2.weight",
            "length": 1024,
            "offset": 28961088,
            "sha256": "25d1e946153b980617b04465cf1fedf791382cda417a9b75c7eaf632293ba595",
            "shape": [
              256
            ],
            "state_name": "estimator.mid_blocks.0.0.block2.block.2.weight"
          },
          {
            "dtype": "float32",
            "graph_name": "estimator.mid_blocks.0.0.block2.block.2.bias",
            "length": 1024,
            "offset": 28962112,
            "sha256": "40817fbb3fa1bba027371fe30d6029010be2ca058dcb0796ec59c39b7f17c02a",
            "shape": [
              256
            ],
            "state_name": "estimator.mid_blocks.0.0.block2.block.2.bias"
          },
          {
            "dtype": "float32",
            "graph_name": "estimator.mid_blocks.0.0.res_conv.weight",
            "length": 262144,
            "offset": 28963136,
            "sha256": "451befa3ac73183fda309c7fa278bc289123e9a43ac5bccee32dc2b85f82ee32",
            "shape": [
              256,
              256,
              1
            ],
            "state_name": "estimator.mid_blocks.0.0.res_conv.weight"
          },
          {
            "dtype": "float32",
            "graph_name": "estimator.mid_blocks.0.0.res_conv.bias",
            "length": 1024,
            "offset": 29225280,
            "sha256": "1f243894b42b9984cedaa209d97e52f69c469ffa4e4cd529fca77ba9138d0c55",
            "shape": [
              256
            ],
            "state_name": "estimator.mid_blocks.0.0.res_conv.bias"
          },
          {
            "dtype": "float32",
            "graph_name": "estimator.mid_blocks.0.1.0.norm1.weight",
            "length": 1024,
            "offset": 29226304,
            "sha256": "e79c8f33e242b482f90729f4cbea44bddc52c7e50cf7cf8a82ff8a8ea67f59db",
            "shape": [
              256
            ],
            "state_name": "estimator.mid_blocks.0.1.0.norm1.weight"
          },
          {
            "dtype": "float32",
            "graph_name": "estimator.mid_blocks.0.1.0.norm1.bias",
            "length": 1024,
            "offset": 29227328,
            "sha256": "4ca29d865b6c17bd1d5805c31270578af980a1a909212a00b7053cdbce9d2362",
            "shape": [
              256
            ],
            "state_name": "estimator.mid_blocks.0.1.0.norm1.bias"
          },
          {
            "dtype": "float32",
            "graph_name": "estimator.mid_blocks.0.1.0.attn1.to_q.weight",
            "length": 524288,
            "offset": 29228352,
            "sha256": "f679bfd63e477f7ab1eb020b865cac1adaeab9fc928af6dc851d7d0cf64c39b9",
            "shape": [
              512,
              256
            ],
            "state_name": "estimator.mid_blocks.0.1.0.attn1.to_q.weight"
          },
          {
            "dtype": "float32",
            "graph_name": "estimator.mid_blocks.0.1.0.attn1.to_k.weight",
            "length": 524288,
            "offset": 29752640,
            "sha256": "48e9c6c18514ca2ba19ab08e9d0e247bb455d8a0f8e74d5e55a564f1fcf197a3",
            "shape": [
              512,
              256
            ],
            "state_name": "estimator.mid_blocks.0.1.0.attn1.to_k.weight"
          },
          {
            "dtype": "float32",
            "graph_name": "estimator.mid_blocks.0.1.0.attn1.to_v.weight",
            "length": 524288,
            "offset": 30276928,
            "sha256": "ba9d8cd0d61a5ec971e951ab6ff16fc93218bc1be10f7465e8303d1805f32c36",
            "shape": [
              512,
              256
            ],
            "state_name": "estimator.mid_blocks.0.1.0.attn1.to_v.weight"
          },
          {
            "dtype": "float32",
            "graph_name": "estimator.mid_blocks.0.1.0.attn1.to_out.0.weight",
            "length": 524288,
            "offset": 30801216,
            "sha256": "e8f27f6eb1ec5930f12cb19c8fd29b4c616bbf1d3983f9efbf8cea28d9a0a933",
            "shape": [
              256,
              512
            ],
            "state_name": "estimator.mid_blocks.0.1.0.attn1.to_out.0.weight"
          },
          {
            "dtype": "float32",
            "graph_name": "estimator.mid_blocks.0.1.0.attn1.to_out.0.bias",
            "length": 1024,
            "offset": 31325504,
            "sha256": "e30f588f65e76cd8a0a56ab492b955e4cad8ead7287dda8152728cc429e901ed",
            "shape": [
              256
            ],
            "state_name": "estimator.mid_blocks.0.1.0.attn1.to_out.0.bias"
          },
          {
            "dtype": "float32",
            "graph_name": "estimator.mid_blocks.0.1.0.norm3.weight",
            "length": 1024,
            "offset": 31326528,
            "sha256": "219aa503cfe3a1d79e3b74ee9961c717a4f666faa427f79ddbabb907cb4fd501",
            "shape": [
              256
            ],
            "state_name": "estimator.mid_blocks.0.1.0.norm3.weight"
          },
          {
            "dtype": "float32",
            "graph_name": "estimator.mid_blocks.0.1.0.norm3.bias",
            "length": 1024,
            "offset": 31327552,
            "sha256": "3b4943bdd416860b7a17a0cba4068fad3ef778d42d4b2c776eb05b562ffd8dcf",
            "shape": [
              256
            ],
            "state_name": "estimator.mid_blocks.0.1.0.norm3.bias"
          },
          {
            "dtype": "float32",
            "graph_name": "estimator.mid_blocks.0.1.0.ff.net.0.proj.weight",
            "length": 1048576,
            "offset": 31328576,
            "sha256": "e0dbe84bcf8094b824ac2e8de2167bcbffefc60822ad3e49b1b6294115d19b01",
            "shape": [
              1024,
              256
            ],
            "state_name": "estimator.mid_blocks.0.1.0.ff.net.0.proj.weight"
          },
          {
            "dtype": "float32",
            "graph_name": "estimator.mid_blocks.0.1.0.ff.net.0.proj.bias",
            "length": 4096,
            "offset": 32377152,
            "sha256": "4a92b85839e964e40a3c34f77a1aafc645a19d51f7eed6e5f79cedfe76eda3a0",
            "shape": [
              1024
            ],
            "state_name": "estimator.mid_blocks.0.1.0.ff.net.0.proj.bias"
          },
          {
            "dtype": "float32",
            "graph_name": "estimator.mid_blocks.0.1.0.ff.net.2.weight",
            "length": 1048576,
            "offset": 32381248,
            "sha256": "942c176dbe5b9b85c67a043404efec9ccee439b835cfec675f0f6cf13678df76",
            "shape": [
              256,
              1024
            ],
            "state_name": "estimator.mid_blocks.0.1.0.ff.net.2.weight"
          },
          {
            "dtype": "float32",
            "graph_name": "estimator.mid_blocks.0.1.0.ff.net.2.bias",
            "length": 1024,
            "offset": 33429824,
            "sha256": "f4a4e36187d6109bc5ada1288272039f839142cee545b3dd43bc26cf6ad5dc3b",
            "shape": [
              256
            ],
            "state_name": "estimator.mid_blocks.0.1.0.ff.net.2.bias"
          },
          {
            "dtype": "float32",
            "graph_name": "estimator.mid_blocks.0.1.1.norm1.weight",
            "length": 1024,
            "offset": 33430848,
            "sha256": "6dfc4cf98c68e42bc39d11261fd02384806fbb9e7ab1fbee2cc9c362b8b4627a",
            "shape": [
              256
            ],
            "state_name": "estimator.mid_blocks.0.1.1.norm1.weight"
          },
          {
            "dtype": "float32",
            "graph_name": "estimator.mid_blocks.0.1.1.norm1.bias",
            "length": 1024,
            "offset": 33431872,
            "sha256": "5494b723c1fd8c791e756bfa13aba72bb1a22092827e2d8c6d7b9fbe9fd3fbfd",
            "shape": [
              256
            ],
            "state_name": "estimator.mid_blocks.0.1.1.norm1.bias"
          },
          {
            "dtype": "float32",
            "graph_name": "estimator.mid_blocks.0.1.1.attn1.to_q.weight",
            "length": 524288,
            "offset": 33432896,
            "sha256": "ed1b51b6ea345f84d60273c04d4eec993c290645625ed7c897d555cc64d70027",
            "shape": [
              512,
              256
            ],
            "state_name": "estimator.mid_blocks.0.1.1.attn1.to_q.weight"
          },
          {
            "dtype": "float32",
            "graph_name": "estimator.mid_blocks.0.1.1.attn1.to_k.weight",
            "length": 524288,
            "offset": 33957184,
            "sha256": "d9db03b377b703b9914f173938436cdb141096b84f88f113fb0b9379449274f9",
            "shape": [
              512,
              256
            ],
            "state_name": "estimator.mid_blocks.0.1.1.attn1.to_k.weight"
          },
          {
            "dtype": "float32",
            "graph_name": "estimator.mid_blocks.0.1.1.attn1.to_v.weight",
            "length": 524288,
            "offset": 34481472,
            "sha256": "8dec5d5cc1973c16885290144113d8f96b705ee18e4449e15fa0a78cb8c2aaea",
            "shape": [
              512,
              256
            ],
            "state_name": "estimator.mid_blocks.0.1.1.attn1.to_v.weight"
          },
          {
            "dtype": "float32",
            "graph_name": "estimator.mid_blocks.0.1.1.attn1.to_out.0.weight",
            "length": 524288,
            "offset": 35005760,
            "sha256": "a54101587436b04b2449e80923941e40817f210b81da7028602a09f1b527073f",
            "shape": [
              256,
              512
            ],
            "state_name": "estimator.mid_blocks.0.1.1.attn1.to_out.0.weight"
          },
          {
            "dtype": "float32",
            "graph_name": "estimator.mid_blocks.0.1.1.attn1.to_out.0.bias",
            "length": 1024,
            "offset": 35530048,
            "sha256": "08b0443027fcd8fb9c1eb7d2ead506b8b6fd7a1d0ceb67b6a4f7fa41a76e4bbd",
            "shape": [
              256
            ],
            "state_name": "estimator.mid_blocks.0.1.1.attn1.to_out.0.bias"
          },
          {
            "dtype": "float32",
            "graph_name": "estimator.mid_blocks.0.1.1.norm3.weight",
            "length": 1024,
            "offset": 35531072,
            "sha256": "facfb21cb4209fd614ddae1974ff1e2348b94d307647488c404a1c52649f8382",
            "shape": [
              256
            ],
            "state_name": "estimator.mid_blocks.0.1.1.norm3.weight"
          },
          {
            "dtype": "float32",
            "graph_name": "estimator.mid_blocks.0.1.1.norm3.bias",
            "length": 1024,
            "offset": 35532096,
            "sha256": "af5d9d043a4ea6a44de2f496f83170841c97005bd732d16104935def8148295f",
            "shape": [
              256
            ],
            "state_name": "estimator.mid_blocks.0.1.1.norm3.bias"
          },
          {
            "dtype": "float32",
            "graph_name": "estimator.mid_blocks.0.1.1.ff.net.0.proj.weight",
            "length": 1048576,
            "offset": 35533120,
            "sha256": "cd692cfb49d2a46393b9d4406dd8007fb14c05f1bec9b73f8ada60ba5b2aa3d3",
            "shape": [
              1024,
              256
            ],
            "state_name": "estimator.mid_blocks.0.1.1.ff.net.0.proj.weight"
          },
          {
            "dtype": "float32",
            "graph_name": "estimator.mid_blocks.0.1.1.ff.net.0.proj.bias",
            "length": 4096,
            "offset": 36581696,
            "sha256": "785bb6d29345e5dd1f4f04af1a5362b59948ed6b7f5c2c28bfebb2bbc2edbf41",
            "shape": [
              1024
            ],
            "state_name": "estimator.mid_blocks.0.1.1.ff.net.0.proj.bias"
          },
          {
            "dtype": "float32",
            "graph_name": "estimator.mid_blocks.0.1.1.ff.net.2.weight",
            "length": 1048576,
            "offset": 36585792,
            "sha256": "8139cf05268b35fb583edae99ca17da7dc7f869429beebe9d0f878801d5da564",
            "shape": [
              256,
              1024
            ],
            "state_name": "estimator.mid_blocks.0.1.1.ff.net.2.weight"
          },
          {
            "dtype": "float32",
            "graph_name": "estimator.mid_blocks.0.1.1.ff.net.2.bias",
            "length": 1024,
            "offset": 37634368,
            "sha256": "3e51383a97f51d046b3c840411f7c0c21514fe68d7cefc90540aa172dcda3e4d",
            "shape": [
              256
            ],
            "state_name": "estimator.mid_blocks.0.1.1.ff.net.2.bias"
          },
          {
            "dtype": "float32",
            "graph_name": "estimator.mid_blocks.0.1.2.norm1.weight",
            "length": 1024,
            "offset": 37635392,
            "sha256": "7e5409eaa2eb1fb833e833e50f6ba55cc2cea6456cd2ea89be73be2ff5232f90",
            "shape": [
              256
            ],
            "state_name": "estimator.mid_blocks.0.1.2.norm1.weight"
          },
          {
            "dtype": "float32",
            "graph_name": "estimator.mid_blocks.0.1.2.norm1.bias",
            "length": 1024,
            "offset": 37636416,
            "sha256": "10887611c9e3d456501ae9119db47d2aab73db3e9dc54f7d7536d6fab5827215",
            "shape": [
              256
            ],
            "state_name": "estimator.mid_blocks.0.1.2.norm1.bias"
          },
          {
            "dtype": "float32",
            "graph_name": "estimator.mid_blocks.0.1.2.attn1.to_q.weight",
            "length": 524288,
            "offset": 37637440,
            "sha256": "3aa240b6293d50b750c7de7af2f191f864e75ad766e95c7749e5f595493cd658",
            "shape": [
              512,
              256
            ],
            "state_name": "estimator.mid_blocks.0.1.2.attn1.to_q.weight"
          },
          {
            "dtype": "float32",
            "graph_name": "estimator.mid_blocks.0.1.2.attn1.to_k.weight",
            "length": 524288,
            "offset": 38161728,
            "sha256": "279ed12f882c881326b0320af8708cc64432f05927dd997329ac547d51d6ba7e",
            "shape": [
              512,
              256
            ],
            "state_name": "estimator.mid_blocks.0.1.2.attn1.to_k.weight"
          },
          {
            "dtype": "float32",
            "graph_name": "estimator.mid_blocks.0.1.2.attn1.to_v.weight",
            "length": 524288,
            "offset": 38686016,
            "sha256": "3eb8ec52e12752cdd68999eacfbb75320df2d26245b8580cc8cd854e527529b2",
            "shape": [
              512,
              256
            ],
            "state_name": "estimator.mid_blocks.0.1.2.attn1.to_v.weight"
          },
          {
            "dtype": "float32",
            "graph_name": "estimator.mid_blocks.0.1.2.attn1.to_out.0.weight",
            "length": 524288,
            "offset": 39210304,
            "sha256": "3a04a66799a291e26ec4a09dc7ad5df563b0dce5f4bc7b9c2435a1cc588e5398",
            "shape": [
              256,
              512
            ],
            "state_name": "estimator.mid_blocks.0.1.2.attn1.to_out.0.weight"
          },
          {
            "dtype": "float32",
            "graph_name": "estimator.mid_blocks.0.1.2.attn1.to_out.0.bias",
            "length": 1024,
            "offset": 39734592,
            "sha256": "3a69054b036d35c8a8477b86db7a83a6dbb090014ff7d1f4b8ebb7df56cdd618",
            "shape": [
              256
            ],
            "state_name": "estimator.mid_blocks.0.1.2.attn1.to_out.0.bias"
          },
          {
            "dtype": "float32",
            "graph_name": "estimator.mid_blocks.0.1.2.norm3.weight",
            "length": 1024,
            "offset": 39735616,
            "sha256": "4ae185e5c28fa42c1c343bc4b6e393a4a98d2c1d2c8557625febb385e5e6aa12",
            "shape": [
              256
            ],
            "state_name": "estimator.mid_blocks.0.1.2.norm3.weight"
          },
          {
            "dtype": "float32",
            "graph_name": "estimator.mid_blocks.0.1.2.norm3.bias",
            "length": 1024,
            "offset": 39736640,
            "sha256": "d306d490795d489d42265eb7e67a8e148d707ffc87136fc4e6df0e8831a7e4ae",
            "shape": [
              256
            ],
            "state_name": "estimator.mid_blocks.0.1.2.norm3.bias"
          },
          {
            "dtype": "float32",
            "graph_name": "estimator.mid_blocks.0.1.2.ff.net.0.proj.weight",
            "length": 1048576,
            "offset": 39737664,
            "sha256": "f63274faf945c66d6f67da8dd0037a1ad20139ee06e272a7885ca80232d0b38e",
            "shape": [
              1024,
              256
            ],
            "state_name": "estimator.mid_blocks.0.1.2.ff.net.0.proj.weight"
          },
          {
            "dtype": "float32",
            "graph_name": "estimator.mid_blocks.0.1.2.ff.net.0.proj.bias",
            "length": 4096,
            "offset": 40786240,
            "sha256": "521ee21f27fd6a0b3f9b0c9ea4908a48023acb958e3a875ca3a9f32ee3fac2a9",
            "shape": [
              1024
            ],
            "state_name": "estimator.mid_blocks.0.1.2.ff.net.0.proj.bias"
          },
          {
            "dtype": "float32",
            "graph_name": "estimator.mid_blocks.0.1.2.ff.net.2.weight",
            "length": 1048576,
            "offset": 40790336,
            "sha256": "8513a134c486198d536c34f31a50f0730a01fa5ed377abc2e9fbb91eb5964f4b",
            "shape": [
              256,
              1024
            ],
            "state_name": "estimator.mid_blocks.0.1.2.ff.net.2.weight"
          },
          {
            "dtype": "float32",
            "graph_name": "estimator.mid_blocks.0.1.2.ff.net.2.bias",
            "length": 1024,
            "offset": 41838912,
            "sha256": "0e9993afc33fb3630fcf3a94fcf813a23e7706fcfce5c3313d35f77b4dbacdb8",
            "shape": [
              256
            ],
            "state_name": "estimator.mid_blocks.0.1.2.ff.net.2.bias"
          },
          {
            "dtype": "float32",
            "graph_name": "estimator.mid_blocks.0.1.3.norm1.weight",
            "length": 1024,
            "offset": 41839936,
            "sha256": "bd21b527f381a92f91be0233fe9d68b22d844f49f5290f287d8f90100f8537e6",
            "shape": [
              256
            ],
            "state_name": "estimator.mid_blocks.0.1.3.norm1.weight"
          },
          {
            "dtype": "float32",
            "graph_name": "estimator.mid_blocks.0.1.3.norm1.bias",
            "length": 1024,
            "offset": 41840960,
            "sha256": "3e4822406abc241e897d29e44e62f163b0909fded0f2ca9a21bcb71d6a0bd68e",
            "shape": [
              256
            ],
            "state_name": "estimator.mid_blocks.0.1.3.norm1.bias"
          },
          {
            "dtype": "float32",
            "graph_name": "estimator.mid_blocks.0.1.3.attn1.to_q.weight",
            "length": 524288,
            "offset": 41841984,
            "sha256": "f910ad8bd870fc37f105574cfb43dba6c885fe5946826de80d079918e5f5ab1d",
            "shape": [
              512,
              256
            ],
            "state_name": "estimator.mid_blocks.0.1.3.attn1.to_q.weight"
          },
          {
            "dtype": "float32",
            "graph_name": "estimator.mid_blocks.0.1.3.attn1.to_k.weight",
            "length": 524288,
            "offset": 42366272,
            "sha256": "315d11165383bd888d4637079790a5619336aa5c4c7ec1f2d1d4cb91b283e296",
            "shape": [
              512,
              256
            ],
            "state_name": "estimator.mid_blocks.0.1.3.attn1.to_k.weight"
          },
          {
            "dtype": "float32",
            "graph_name": "estimator.mid_blocks.0.1.3.attn1.to_v.weight",
            "length": 524288,
            "offset": 42890560,
            "sha256": "f24f5cced09baa8bb43b6831ad6656aaa73f49fcb1431ac8d73a629b362c249a",
            "shape": [
              512,
              256
            ],
            "state_name": "estimator.mid_blocks.0.1.3.attn1.to_v.weight"
          },
          {
            "dtype": "float32",
            "graph_name": "estimator.mid_blocks.0.1.3.attn1.to_out.0.weight",
            "length": 524288,
            "offset": 43414848,
            "sha256": "126006d2dda684c519b38ae6c54d643ce754a0384f4dfa015cf5a93f583cf287",
            "shape": [
              256,
              512
            ],
            "state_name": "estimator.mid_blocks.0.1.3.attn1.to_out.0.weight"
          },
          {
            "dtype": "float32",
            "graph_name": "estimator.mid_blocks.0.1.3.attn1.to_out.0.bias",
            "length": 1024,
            "offset": 43939136,
            "sha256": "c382d2681e315823754f1ec5f03a79fa28cb78913bf95130a415b8f4f6a7fd18",
            "shape": [
              256
            ],
            "state_name": "estimator.mid_blocks.0.1.3.attn1.to_out.0.bias"
          },
          {
            "dtype": "float32",
            "graph_name": "estimator.mid_blocks.0.1.3.norm3.weight",
            "length": 1024,
            "offset": 43940160,
            "sha256": "4e82365c7dd66f79f588ee925f9d76e244f2b44a7d23846763d8ecb736c9be62",
            "shape": [
              256
            ],
            "state_name": "estimator.mid_blocks.0.1.3.norm3.weight"
          },
          {
            "dtype": "float32",
            "graph_name": "estimator.mid_blocks.0.1.3.norm3.bias",
            "length": 1024,
            "offset": 43941184,
            "sha256": "8e7ef1f4357a607560c97df7b552a413e036aff83fba0c39153998e514019499",
            "shape": [
              256
            ],
            "state_name": "estimator.mid_blocks.0.1.3.norm3.bias"
          },
          {
            "dtype": "float32",
            "graph_name": "estimator.mid_blocks.0.1.3.ff.net.0.proj.weight",
            "length": 1048576,
            "offset": 43942208,
            "sha256": "71e436f640f930faa5059da12f50af2ecb81fd79e448e50025077084ad7244d5",
            "shape": [
              1024,
              256
            ],
            "state_name": "estimator.mid_blocks.0.1.3.ff.net.0.proj.weight"
          },
          {
            "dtype": "float32",
            "graph_name": "estimator.mid_blocks.0.1.3.ff.net.0.proj.bias",
            "length": 4096,
            "offset": 44990784,
            "sha256": "2c1b1fa9204260e558d4dc6d2ca0c00f15f4420e8c2abf18ba2d1385e20b8bc5",
            "shape": [
              1024
            ],
            "state_name": "estimator.mid_blocks.0.1.3.ff.net.0.proj.bias"
          },
          {
            "dtype": "float32",
            "graph_name": "estimator.mid_blocks.0.1.3.ff.net.2.weight",
            "length": 1048576,
            "offset": 44994880,
            "sha256": "ce1c97389f87cf94101793fb721b2ea648403d2c9a9d7d87bef3276999f667a4",
            "shape": [
              256,
              1024
            ],
            "state_name": "estimator.mid_blocks.0.1.3.ff.net.2.weight"
          },
          {
            "dtype": "float32",
            "graph_name": "estimator.mid_blocks.0.1.3.ff.net.2.bias",
            "length": 1024,
            "offset": 46043456,
            "sha256": "25d7e88d237c339691dde46e16dd23effc501e493321c7f452b26d527cb33ece",
            "shape": [
              256
            ],
            "state_name": "estimator.mid_blocks.0.1.3.ff.net.2.bias"
          },
          {
            "dtype": "float32",
            "graph_name": "estimator.mid_blocks.1.0.mlp.1.weight",
            "length": 1048576,
            "offset": 46044480,
            "sha256": "a62b22034ac38f124f5bb2a4b8d694adde8743bff985eac5b7c0fc7b1689a23f",
            "shape": [
              256,
              1024
            ],
            "state_name": "estimator.mid_blocks.1.0.mlp.1.weight"
          },
          {
            "dtype": "float32",
            "graph_name": "estimator.mid_blocks.1.0.mlp.1.bias",
            "length": 1024,
            "offset": 47093056,
            "sha256": "3429acb0c0b5aacfa69f69fc303adc3bebfcd47e3121f17787c57797681a0f85",
            "shape": [
              256
            ],
            "state_name": "estimator.mid_blocks.1.0.mlp.1.bias"
          },
          {
            "dtype": "float32",
            "graph_name": "estimator.mid_blocks.1.0.block1.block.0.weight",
            "length": 786432,
            "offset": 47094080,
            "sha256": "d9db43ab3c64bccda4d4883aa0f800d15eb157bcbf57c825aa23ee5d64c9d8da",
            "shape": [
              256,
              256,
              3
            ],
            "state_name": "estimator.mid_blocks.1.0.block1.block.0.weight"
          },
          {
            "dtype": "float32",
            "graph_name": "estimator.mid_blocks.1.0.block1.block.0.bias",
            "length": 1024,
            "offset": 47880512,
            "sha256": "3b0e5375e61cf4fcd14f4909ce852ee29390ebe03927bf5bd3948f02726a20fc",
            "shape": [
              256
            ],
            "state_name": "estimator.mid_blocks.1.0.block1.block.0.bias"
          },
          {
            "dtype": "float32",
            "graph_name": "estimator.mid_blocks.1.0.block1.block.2.weight",
            "length": 1024,
            "offset": 47881536,
            "sha256": "bae9f3ba51db73721d94f7e7dfb035bac97127e1315a89e436cebb37e263927f",
            "shape": [
              256
            ],
            "state_name": "estimator.mid_blocks.1.0.block1.block.2.weight"
          },
          {
            "dtype": "float32",
            "graph_name": "estimator.mid_blocks.1.0.block1.block.2.bias",
            "length": 1024,
            "offset": 47882560,
            "sha256": "a716bfafb8d5c71f5d74399279a3dfdf6aabb1b69d98a5cb12c857f3658204c1",
            "shape": [
              256
            ],
            "state_name": "estimator.mid_blocks.1.0.block1.block.2.bias"
          },
          {
            "dtype": "float32",
            "graph_name": "estimator.mid_blocks.1.0.block2.block.0.weight",
            "length": 786432,
            "offset": 47883584,
            "sha256": "1b83b5541c582da5b71e3806714deb41917cb528e0efccf07cd5f68a5cba553e",
            "shape": [
              256,
              256,
              3
            ],
            "state_name": "estimator.mid_blocks.1.0.block2.block.0.weight"
          },
          {
            "dtype": "float32",
            "graph_name": "estimator.mid_blocks.1.0.block2.block.0.bias",
            "length": 1024,
            "offset": 48670016,
            "sha256": "ac1781b01b5758e571c99d66f0a203afaaa17d05b37bcdcf35ea92a8b6ad78b4",
            "shape": [
              256
            ],
            "state_name": "estimator.mid_blocks.1.0.block2.block.0.bias"
          },
          {
            "dtype": "float32",
            "graph_name": "estimator.mid_blocks.1.0.block2.block.2.weight",
            "length": 1024,
            "offset": 48671040,
            "sha256": "fd0461e0b51513c5dfe28425d260b08737a8fa92a35bdb1809297ab8355794ee",
            "shape": [
              256
            ],
            "state_name": "estimator.mid_blocks.1.0.block2.block.2.weight"
          },
          {
            "dtype": "float32",
            "graph_name": "estimator.mid_blocks.1.0.block2.block.2.bias",
            "length": 1024,
            "offset": 48672064,
            "sha256": "4b0cae7ad0f2ac1733b9b895f0122ed5b887e9a7a63b822f62e3c5634be03e77",
            "shape": [
              256
            ],
            "state_name": "estimator.mid_blocks.1.0.block2.block.2.bias"
          },
          {
            "dtype": "float32",
            "graph_name": "estimator.mid_blocks.1.0.res_conv.weight",
            "length": 262144,
            "offset": 48673088,
            "sha256": "7a10218152b19c524455ee0a3424c65938808b7930e43f693319fcbf6a798780",
            "shape": [
              256,
              256,
              1
            ],
            "state_name": "estimator.mid_blocks.1.0.res_conv.weight"
          },
          {
            "dtype": "float32",
            "graph_name": "estimator.mid_blocks.1.0.res_conv.bias",
            "length": 1024,
            "offset": 48935232,
            "sha256": "5c41c06cb93808047d1f7a4a7f93bc791470eb5e721dc15ff312fe79b32ed013",
            "shape": [
              256
            ],
            "state_name": "estimator.mid_blocks.1.0.res_conv.bias"
          },
          {
            "dtype": "float32",
            "graph_name": "estimator.mid_blocks.1.1.0.norm1.weight",
            "length": 1024,
            "offset": 48936256,
            "sha256": "3f79adc218927fdaa8a075e84c477b463f3e4feb072b2c0a62660b2d73794192",
            "shape": [
              256
            ],
            "state_name": "estimator.mid_blocks.1.1.0.norm1.weight"
          },
          {
            "dtype": "float32",
            "graph_name": "estimator.mid_blocks.1.1.0.norm1.bias",
            "length": 1024,
            "offset": 48937280,
            "sha256": "9b86a2bbef1e53d1d5d93ab0509ea7cd42e047453119dab943448340424df657",
            "shape": [
              256
            ],
            "state_name": "estimator.mid_blocks.1.1.0.norm1.bias"
          },
          {
            "dtype": "float32",
            "graph_name": "estimator.mid_blocks.1.1.0.attn1.to_q.weight",
            "length": 524288,
            "offset": 48938304,
            "sha256": "5fff5366827f682c0d612277c452cb85dbd529236dd9855ac07f1c987b8d7ab2",
            "shape": [
              512,
              256
            ],
            "state_name": "estimator.mid_blocks.1.1.0.attn1.to_q.weight"
          },
          {
            "dtype": "float32",
            "graph_name": "estimator.mid_blocks.1.1.0.attn1.to_k.weight",
            "length": 524288,
            "offset": 49462592,
            "sha256": "4664eac046054f3fc24f7462087a23a951dfcc65ce0ce25d49a3309842e4b97c",
            "shape": [
              512,
              256
            ],
            "state_name": "estimator.mid_blocks.1.1.0.attn1.to_k.weight"
          },
          {
            "dtype": "float32",
            "graph_name": "estimator.mid_blocks.1.1.0.attn1.to_v.weight",
            "length": 524288,
            "offset": 49986880,
            "sha256": "457bc54b9e9153316fc42d31cfc2a450bcb624f309166ec4773dce80b37da242",
            "shape": [
              512,
              256
            ],
            "state_name": "estimator.mid_blocks.1.1.0.attn1.to_v.weight"
          },
          {
            "dtype": "float32",
            "graph_name": "estimator.mid_blocks.1.1.0.attn1.to_out.0.weight",
            "length": 524288,
            "offset": 50511168,
            "sha256": "9f4efebd3ac4d15da2da78368b4b09ead4bcf6b7860d9b8f2c745a6efe113224",
            "shape": [
              256,
              512
            ],
            "state_name": "estimator.mid_blocks.1.1.0.attn1.to_out.0.weight"
          },
          {
            "dtype": "float32",
            "graph_name": "estimator.mid_blocks.1.1.0.attn1.to_out.0.bias",
            "length": 1024,
            "offset": 51035456,
            "sha256": "ad777dbe1a7f3c77d2c0182dbe95cc5d1fc379b142c5d134e79bfcc342433e30",
            "shape": [
              256
            ],
            "state_name": "estimator.mid_blocks.1.1.0.attn1.to_out.0.bias"
          },
          {
            "dtype": "float32",
            "graph_name": "estimator.mid_blocks.1.1.0.norm3.weight",
            "length": 1024,
            "offset": 51036480,
            "sha256": "dd84ccd1b678526be22a51440e7e0dd5e71bd863be680a4092fa83b00db49a79",
            "shape": [
              256
            ],
            "state_name": "estimator.mid_blocks.1.1.0.norm3.weight"
          },
          {
            "dtype": "float32",
            "graph_name": "estimator.mid_blocks.1.1.0.norm3.bias",
            "length": 1024,
            "offset": 51037504,
            "sha256": "3ceb3f72e81e4b9f64bc8629a3d2e3f88ab91d41abd9440c06e311fc29d1db26",
            "shape": [
              256
            ],
            "state_name": "estimator.mid_blocks.1.1.0.norm3.bias"
          },
          {
            "dtype": "float32",
            "graph_name": "estimator.mid_blocks.1.1.0.ff.net.0.proj.weight",
            "length": 1048576,
            "offset": 51038528,
            "sha256": "f0477242ec01b9e9b95a1d6f469bb7ba14f283b5213dcd71fb888043cb9cf7f3",
            "shape": [
              1024,
              256
            ],
            "state_name": "estimator.mid_blocks.1.1.0.ff.net.0.proj.weight"
          },
          {
            "dtype": "float32",
            "graph_name": "estimator.mid_blocks.1.1.0.ff.net.0.proj.bias",
            "length": 4096,
            "offset": 52087104,
            "sha256": "02b49974cce1684da4b1f059fe3492f73cfc94c5c7ef4e484c004acb2fd09e79",
            "shape": [
              1024
            ],
            "state_name": "estimator.mid_blocks.1.1.0.ff.net.0.proj.bias"
          },
          {
            "dtype": "float32",
            "graph_name": "estimator.mid_blocks.1.1.0.ff.net.2.weight",
            "length": 1048576,
            "offset": 52091200,
            "sha256": "45c224f68025212350bcc5651217c0b07220abc9cd9c9e89464bb65cf8f05f8a",
            "shape": [
              256,
              1024
            ],
            "state_name": "estimator.mid_blocks.1.1.0.ff.net.2.weight"
          },
          {
            "dtype": "float32",
            "graph_name": "estimator.mid_blocks.1.1.0.ff.net.2.bias",
            "length": 1024,
            "offset": 53139776,
            "sha256": "e7b309e9621648211f91d2748938431d622e731050d4b5200d853fa5a5862a87",
            "shape": [
              256
            ],
            "state_name": "estimator.mid_blocks.1.1.0.ff.net.2.bias"
          },
          {
            "dtype": "float32",
            "graph_name": "estimator.mid_blocks.1.1.1.norm1.weight",
            "length": 1024,
            "offset": 53140800,
            "sha256": "9f47f4f85484c598f944b5183d2b43e99410f090fbffb8af458a30fab73197a9",
            "shape": [
              256
            ],
            "state_name": "estimator.mid_blocks.1.1.1.norm1.weight"
          },
          {
            "dtype": "float32",
            "graph_name": "estimator.mid_blocks.1.1.1.norm1.bias",
            "length": 1024,
            "offset": 53141824,
            "sha256": "e90411e577142fd7c4536a852c5e1d65d23951c59b787f17f129da2b49eb3acb",
            "shape": [
              256
            ],
            "state_name": "estimator.mid_blocks.1.1.1.norm1.bias"
          },
          {
            "dtype": "float32",
            "graph_name": "estimator.mid_blocks.1.1.1.attn1.to_q.weight",
            "length": 524288,
            "offset": 53142848,
            "sha256": "b4b33285a05f9d8b2c2fddd9d6d703758a7a7bf0362dfcaa9575770b8d7c1b3c",
            "shape": [
              512,
              256
            ],
            "state_name": "estimator.mid_blocks.1.1.1.attn1.to_q.weight"
          },
          {
            "dtype": "float32",
            "graph_name": "estimator.mid_blocks.1.1.1.attn1.to_k.weight",
            "length": 524288,
            "offset": 53667136,
            "sha256": "eb338435e5fe71f7a567631ac9c3dd96fc079e0736f4d93953b58d5a4c053ee2",
            "shape": [
              512,
              256
            ],
            "state_name": "estimator.mid_blocks.1.1.1.attn1.to_k.weight"
          },
          {
            "dtype": "float32",
            "graph_name": "estimator.mid_blocks.1.1.1.attn1.to_v.weight",
            "length": 524288,
            "offset": 54191424,
            "sha256": "e2c1e6ec378a5b840e34ec331d2effccae8c134fb5f70f2a38e85e94256b393e",
            "shape": [
              512,
              256
            ],
            "state_name": "estimator.mid_blocks.1.1.1.attn1.to_v.weight"
          },
          {
            "dtype": "float32",
            "graph_name": "estimator.mid_blocks.1.1.1.attn1.to_out.0.weight",
            "length": 524288,
            "offset": 54715712,
            "sha256": "f2e42efe46bba6c4c114fa0b8429e4fb9707aabadf1a571d3bc1c3373714bdc8",
            "shape": [
              256,
              512
            ],
            "state_name": "estimator.mid_blocks.1.1.1.attn1.to_out.0.weight"
          },
          {
            "dtype": "float32",
            "graph_name": "estimator.mid_blocks.1.1.1.attn1.to_out.0.bias",
            "length": 1024,
            "offset": 55240000,
            "sha256": "5d046947bb0d596f853a494c03e9c4f1e13147ef1ba5535352daec8213bd6043",
            "shape": [
              256
            ],
            "state_name": "estimator.mid_blocks.1.1.1.attn1.to_out.0.bias"
          },
          {
            "dtype": "float32",
            "graph_name": "estimator.mid_blocks.1.1.1.norm3.weight",
            "length": 1024,
            "offset": 55241024,
            "sha256": "4a34a22d38355e027b02934943974bfe63df9480fba031ddd716b28cdceace07",
            "shape": [
              256
            ],
            "state_name": "estimator.mid_blocks.1.1.1.norm3.weight"
          },
          {
            "dtype": "float32",
            "graph_name": "estimator.mid_blocks.1.1.1.norm3.bias",
            "length": 1024,
            "offset": 55242048,
            "sha256": "1b971c2000c639e0f11857aac7248f89fcd3fdcfa84eba0f25783621eeaf3048",
            "shape": [
              256
            ],
            "state_name": "estimator.mid_blocks.1.1.1.norm3.bias"
          },
          {
            "dtype": "float32",
            "graph_name": "estimator.mid_blocks.1.1.1.ff.net.0.proj.weight",
            "length": 1048576,
            "offset": 55243072,
            "sha256": "b756e36cdd4bac729848aeee8473af34841fc9303fc26bb4f481a9c478001bdf",
            "shape": [
              1024,
              256
            ],
            "state_name": "estimator.mid_blocks.1.1.1.ff.net.0.proj.weight"
          },
          {
            "dtype": "float32",
            "graph_name": "estimator.mid_blocks.1.1.1.ff.net.0.proj.bias",
            "length": 4096,
            "offset": 56291648,
            "sha256": "7d73c06c3ae4e58b9614ffc1eea95850a810a1245c79015afe2230edf6b87cc9",
            "shape": [
              1024
            ],
            "state_name": "estimator.mid_blocks.1.1.1.ff.net.0.proj.bias"
          },
          {
            "dtype": "float32",
            "graph_name": "estimator.mid_blocks.1.1.1.ff.net.2.weight",
            "length": 1048576,
            "offset": 56295744,
            "sha256": "3a2256da3b891bd4b1a7b87c1a707199ce6c3e9d235fd7d6d8c878168697d8ee",
            "shape": [
              256,
              1024
            ],
            "state_name": "estimator.mid_blocks.1.1.1.ff.net.2.weight"
          },
          {
            "dtype": "float32",
            "graph_name": "estimator.mid_blocks.1.1.1.ff.net.2.bias",
            "length": 1024,
            "offset": 57344320,
            "sha256": "601dff9a0e82fc71ec5b63b4b7304ef0b44da735f809dc5337dfc31ac0f1229f",
            "shape": [
              256
            ],
            "state_name": "estimator.mid_blocks.1.1.1.ff.net.2.bias"
          },
          {
            "dtype": "float32",
            "graph_name": "estimator.mid_blocks.1.1.2.norm1.weight",
            "length": 1024,
            "offset": 57345344,
            "sha256": "ac4353e647720d277e2bb48cbe2f871bf3103b21a154c6c795c27bbe4a5ebfaa",
            "shape": [
              256
            ],
            "state_name": "estimator.mid_blocks.1.1.2.norm1.weight"
          },
          {
            "dtype": "float32",
            "graph_name": "estimator.mid_blocks.1.1.2.norm1.bias",
            "length": 1024,
            "offset": 57346368,
            "sha256": "552a6087def67e008fd3adabc3a85cd6bf8375832d16eccddbfd6406efad9998",
            "shape": [
              256
            ],
            "state_name": "estimator.mid_blocks.1.1.2.norm1.bias"
          },
          {
            "dtype": "float32",
            "graph_name": "estimator.mid_blocks.1.1.2.attn1.to_q.weight",
            "length": 524288,
            "offset": 57347392,
            "sha256": "f3269c3228c357d81f85c05d2875a1fa417e06a608ea076f4dffa800445fc375",
            "shape": [
              512,
              256
            ],
            "state_name": "estimator.mid_blocks.1.1.2.attn1.to_q.weight"
          },
          {
            "dtype": "float32",
            "graph_name": "estimator.mid_blocks.1.1.2.attn1.to_k.weight",
            "length": 524288,
            "offset": 57871680,
            "sha256": "3d658e31c18e70d3fd6f16cf46cfcda012e15cccd9c9ccb064e8512fa518285e",
            "shape": [
              512,
              256
            ],
            "state_name": "estimator.mid_blocks.1.1.2.attn1.to_k.weight"
          },
          {
            "dtype": "float32",
            "graph_name": "estimator.mid_blocks.1.1.2.attn1.to_v.weight",
            "length": 524288,
            "offset": 58395968,
            "sha256": "d11e6edf1513d65055bb300b5f6bb4498d9c891f6872f0fdc630707dc373fab0",
            "shape": [
              512,
              256
            ],
            "state_name": "estimator.mid_blocks.1.1.2.attn1.to_v.weight"
          },
          {
            "dtype": "float32",
            "graph_name": "estimator.mid_blocks.1.1.2.attn1.to_out.0.weight",
            "length": 524288,
            "offset": 58920256,
            "sha256": "8c31f5ce6d4f87906ae4a5c86f55a76424edad9d003b791e6cc6219ba374caeb",
            "shape": [
              256,
              512
            ],
            "state_name": "estimator.mid_blocks.1.1.2.attn1.to_out.0.weight"
          },
          {
            "dtype": "float32",
            "graph_name": "estimator.mid_blocks.1.1.2.attn1.to_out.0.bias",
            "length": 1024,
            "offset": 59444544,
            "sha256": "5fe5846fe6cef358417f33152a2f52532dbcbd7610402041bda549c742912636",
            "shape": [
              256
            ],
            "state_name": "estimator.mid_blocks.1.1.2.attn1.to_out.0.bias"
          },
          {
            "dtype": "float32",
            "graph_name": "estimator.mid_blocks.1.1.2.norm3.weight",
            "length": 1024,
            "offset": 59445568,
            "sha256": "9e33b81d319ef85629e5ce82fff46eeeeb1f6c53101f89983d3a6ac10a8d1854",
            "shape": [
              256
            ],
            "state_name": "estimator.mid_blocks.1.1.2.norm3.weight"
          },
          {
            "dtype": "float32",
            "graph_name": "estimator.mid_blocks.1.1.2.norm3.bias",
            "length": 1024,
            "offset": 59446592,
            "sha256": "270ee7e4c659b70f752357600689da8c7a346e15e387f4c8d01afee0718eca5a",
            "shape": [
              256
            ],
            "state_name": "estimator.mid_blocks.1.1.2.norm3.bias"
          },
          {
            "dtype": "float32",
            "graph_name": "estimator.mid_blocks.1.1.2.ff.net.0.proj.weight",
            "length": 1048576,
            "offset": 59447616,
            "sha256": "e2a911e2e2f6a65fac42bde3e0e078eb7011ebf2ff40076b8deeddb08d0b7b43",
            "shape": [
              1024,
              256
            ],
            "state_name": "estimator.mid_blocks.1.1.2.ff.net.0.proj.weight"
          },
          {
            "dtype": "float32",
            "graph_name": "estimator.mid_blocks.1.1.2.ff.net.0.proj.bias",
            "length": 4096,
            "offset": 60496192,
            "sha256": "4bec45726aee87e97362c1246b6374995f65a8daa8f2123855c2ec56e07d0344",
            "shape": [
              1024
            ],
            "state_name": "estimator.mid_blocks.1.1.2.ff.net.0.proj.bias"
          },
          {
            "dtype": "float32",
            "graph_name": "estimator.mid_blocks.1.1.2.ff.net.2.weight",
            "length": 1048576,
            "offset": 60500288,
            "sha256": "5eeda37c522a446ae0e8ee25dd020318b8022b1438a1a36e90956d5265d9da2a",
            "shape": [
              256,
              1024
            ],
            "state_name": "estimator.mid_blocks.1.1.2.ff.net.2.weight"
          },
          {
            "dtype": "float32",
            "graph_name": "estimator.mid_blocks.1.1.2.ff.net.2.bias",
            "length": 1024,
            "offset": 61548864,
            "sha256": "312be5cf57b8d557a1bb4c20d45e778f11d34e0332628a1b90b842b17036ae5c",
            "shape": [
              256
            ],
            "state_name": "estimator.mid_blocks.1.1.2.ff.net.2.bias"
          },
          {
            "dtype": "float32",
            "graph_name": "estimator.mid_blocks.1.1.3.norm1.weight",
            "length": 1024,
            "offset": 61549888,
            "sha256": "1ca73891ee147539ac9dddf20163b5bb8065d6cf34a678366174d881f01596f9",
            "shape": [
              256
            ],
            "state_name": "estimator.mid_blocks.1.1.3.norm1.weight"
          },
          {
            "dtype": "float32",
            "graph_name": "estimator.mid_blocks.1.1.3.norm1.bias",
            "length": 1024,
            "offset": 61550912,
            "sha256": "7336657abb6bd182bdcb865f31a63733f04529cbe4fd7f9a6703e648e453fc70",
            "shape": [
              256
            ],
            "state_name": "estimator.mid_blocks.1.1.3.norm1.bias"
          },
          {
            "dtype": "float32",
            "graph_name": "estimator.mid_blocks.1.1.3.attn1.to_q.weight",
            "length": 524288,
            "offset": 61551936,
            "sha256": "67d2a79ab0275bdb593a54e777fe45c0540f1c7a6cbca3394134a46e693962ae",
            "shape": [
              512,
              256
            ],
            "state_name": "estimator.mid_blocks.1.1.3.attn1.to_q.weight"
          },
          {
            "dtype": "float32",
            "graph_name": "estimator.mid_blocks.1.1.3.attn1.to_k.weight",
            "length": 524288,
            "offset": 62076224,
            "sha256": "22dacf5d961dfc0412c51834da67b8ac93ffa5bb0ab6b92f68a4b78a0af40a1b",
            "shape": [
              512,
              256
            ],
            "state_name": "estimator.mid_blocks.1.1.3.attn1.to_k.weight"
          },
          {
            "dtype": "float32",
            "graph_name": "estimator.mid_blocks.1.1.3.attn1.to_v.weight",
            "length": 524288,
            "offset": 62600512,
            "sha256": "16bfc84580df5606aa27060391a372058ba6d7497c498acdda0f7ca66b7cce23",
            "shape": [
              512,
              256
            ],
            "state_name": "estimator.mid_blocks.1.1.3.attn1.to_v.weight"
          },
          {
            "dtype": "float32",
            "graph_name": "estimator.mid_blocks.1.1.3.attn1.to_out.0.weight",
            "length": 524288,
            "offset": 63124800,
            "sha256": "5ac1008041e44ca848b0bd2c391f95191d81d80b8c02230ee82ae583052bf9fb",
            "shape": [
              256,
              512
            ],
            "state_name": "estimator.mid_blocks.1.1.3.attn1.to_out.0.weight"
          },
          {
            "dtype": "float32",
            "graph_name": "estimator.mid_blocks.1.1.3.attn1.to_out.0.bias",
            "length": 1024,
            "offset": 63649088,
            "sha256": "ee87695fa615cae72b4ac2a8f3f4af8c04fdd8ab8c1ff8845a67d6a8c63207f5",
            "shape": [
              256
            ],
            "state_name": "estimator.mid_blocks.1.1.3.attn1.to_out.0.bias"
          },
          {
            "dtype": "float32",
            "graph_name": "estimator.mid_blocks.1.1.3.norm3.weight",
            "length": 1024,
            "offset": 63650112,
            "sha256": "4847ae3033c3971066cbf542e49e7eda355105b191b25005b5ba1a00f8e8e6eb",
            "shape": [
              256
            ],
            "state_name": "estimator.mid_blocks.1.1.3.norm3.weight"
          },
          {
            "dtype": "float32",
            "graph_name": "estimator.mid_blocks.1.1.3.norm3.bias",
            "length": 1024,
            "offset": 63651136,
            "sha256": "48bc02006c456da137e3d68ae717829e8da2acf4be0ca6fd641f3ffa3badb576",
            "shape": [
              256
            ],
            "state_name": "estimator.mid_blocks.1.1.3.norm3.bias"
          },
          {
            "dtype": "float32",
            "graph_name": "estimator.mid_blocks.1.1.3.ff.net.0.proj.weight",
            "length": 1048576,
            "offset": 63652160,
            "sha256": "918877709bd9274ed443b8c00638ed60cdc0a348174a32f7fe2f38ee3055e160",
            "shape": [
              1024,
              256
            ],
            "state_name": "estimator.mid_blocks.1.1.3.ff.net.0.proj.weight"
          },
          {
            "dtype": "float32",
            "graph_name": "estimator.mid_blocks.1.1.3.ff.net.0.proj.bias",
            "length": 4096,
            "offset": 64700736,
            "sha256": "3c25814c45a6c53331ff974e53f2a14aa7f1fdbec3e627dd36c4247942fafa72",
            "shape": [
              1024
            ],
            "state_name": "estimator.mid_blocks.1.1.3.ff.net.0.proj.bias"
          },
          {
            "dtype": "float32",
            "graph_name": "estimator.mid_blocks.1.1.3.ff.net.2.weight",
            "length": 1048576,
            "offset": 64704832,
            "sha256": "535c9bcdf5416e259066c4ed8b7e60d4dc3651cfaa404899199759510cab9652",
            "shape": [
              256,
              1024
            ],
            "state_name": "estimator.mid_blocks.1.1.3.ff.net.2.weight"
          },
          {
            "dtype": "float32",
            "graph_name": "estimator.mid_blocks.1.1.3.ff.net.2.bias",
            "length": 1024,
            "offset": 65753408,
            "sha256": "c594589d32e4439b2162beceb19d86ac407f09be567063be49ef048c79e6bd6a",
            "shape": [
              256
            ],
            "state_name": "estimator.mid_blocks.1.1.3.ff.net.2.bias"
          },
          {
            "dtype": "float32",
            "graph_name": "estimator.mid_blocks.2.0.mlp.1.weight",
            "length": 1048576,
            "offset": 65754432,
            "sha256": "b91cd5343df3c735444e70ac294f35e261b3c4a3761602bbb2a3879212d4cbba",
            "shape": [
              256,
              1024
            ],
            "state_name": "estimator.mid_blocks.2.0.mlp.1.weight"
          },
          {
            "dtype": "float32",
            "graph_name": "estimator.mid_blocks.2.0.mlp.1.bias",
            "length": 1024,
            "offset": 66803008,
            "sha256": "03405fc33d74e63bbe4c37dab2ffd3a7a756886a48741473ac61d734dfb7a41a",
            "shape": [
              256
            ],
            "state_name": "estimator.mid_blocks.2.0.mlp.1.bias"
          },
          {
            "dtype": "float32",
            "graph_name": "estimator.mid_blocks.2.0.block1.block.0.weight",
            "length": 786432,
            "offset": 66804032,
            "sha256": "affd3b53dd69034898549f7a97980fdef289c26a9fcee12cea946fbe7be3acbb",
            "shape": [
              256,
              256,
              3
            ],
            "state_name": "estimator.mid_blocks.2.0.block1.block.0.weight"
          },
          {
            "dtype": "float32",
            "graph_name": "estimator.mid_blocks.2.0.block1.block.0.bias",
            "length": 1024,
            "offset": 67590464,
            "sha256": "ce5c0e90a438e7d9789bcd8500ef2240e2740217f23e0fa4b4dedadc1fc6bae6",
            "shape": [
              256
            ],
            "state_name": "estimator.mid_blocks.2.0.block1.block.0.bias"
          },
          {
            "dtype": "float32",
            "graph_name": "estimator.mid_blocks.2.0.block1.block.2.weight",
            "length": 1024,
            "offset": 67591488,
            "sha256": "571ffec8eedb13f51429f2b105137518f977d9a35f868075fb1fb71223d6f4e2",
            "shape": [
              256
            ],
            "state_name": "estimator.mid_blocks.2.0.block1.block.2.weight"
          },
          {
            "dtype": "float32",
            "graph_name": "estimator.mid_blocks.2.0.block1.block.2.bias",
            "length": 1024,
            "offset": 67592512,
            "sha256": "62b3e6625b7075a1efe5cb9f129a9bedc9f91d65933d082d6d4dc7ad01fd343f",
            "shape": [
              256
            ],
            "state_name": "estimator.mid_blocks.2.0.block1.block.2.bias"
          },
          {
            "dtype": "float32",
            "graph_name": "estimator.mid_blocks.2.0.block2.block.0.weight",
            "length": 786432,
            "offset": 67593536,
            "sha256": "0d224f3e5cb35281628cdd2d9e0b5f5eac0afaa0689b90ea036a66defd4d1736",
            "shape": [
              256,
              256,
              3
            ],
            "state_name": "estimator.mid_blocks.2.0.block2.block.0.weight"
          },
          {
            "dtype": "float32",
            "graph_name": "estimator.mid_blocks.2.0.block2.block.0.bias",
            "length": 1024,
            "offset": 68379968,
            "sha256": "385157b5922ff7318911b255237ffdc228e4a6a98d31516a6762fac69318fd00",
            "shape": [
              256
            ],
            "state_name": "estimator.mid_blocks.2.0.block2.block.0.bias"
          },
          {
            "dtype": "float32",
            "graph_name": "estimator.mid_blocks.2.0.block2.block.2.weight",
            "length": 1024,
            "offset": 68380992,
            "sha256": "da2cb00b49c738ff16a559d92a9f3b9f9d5aee943afb0cf0f1eb24964ffa4f11",
            "shape": [
              256
            ],
            "state_name": "estimator.mid_blocks.2.0.block2.block.2.weight"
          },
          {
            "dtype": "float32",
            "graph_name": "estimator.mid_blocks.2.0.block2.block.2.bias",
            "length": 1024,
            "offset": 68382016,
            "sha256": "7c4b8c8ab24f49f6920d5614b60708d5ef182964fea83fb6e21dc095a0493d91",
            "shape": [
              256
            ],
            "state_name": "estimator.mid_blocks.2.0.block2.block.2.bias"
          },
          {
            "dtype": "float32",
            "graph_name": "estimator.mid_blocks.2.0.res_conv.weight",
            "length": 262144,
            "offset": 68383040,
            "sha256": "1f4be53c1d8caf7b3426de19db4c48bcaaec311a2fa59983397a962eab91dbc7",
            "shape": [
              256,
              256,
              1
            ],
            "state_name": "estimator.mid_blocks.2.0.res_conv.weight"
          },
          {
            "dtype": "float32",
            "graph_name": "estimator.mid_blocks.2.0.res_conv.bias",
            "length": 1024,
            "offset": 68645184,
            "sha256": "6900ca8f2363045ee47f49eb316afb845e867c2f5f3b9ea0f1be29026d56249f",
            "shape": [
              256
            ],
            "state_name": "estimator.mid_blocks.2.0.res_conv.bias"
          },
          {
            "dtype": "float32",
            "graph_name": "estimator.mid_blocks.2.1.0.norm1.weight",
            "length": 1024,
            "offset": 68646208,
            "sha256": "1b822a56175da994d52646e1b9ea52eb9ce6e9959f2c647f053add4442da86f8",
            "shape": [
              256
            ],
            "state_name": "estimator.mid_blocks.2.1.0.norm1.weight"
          },
          {
            "dtype": "float32",
            "graph_name": "estimator.mid_blocks.2.1.0.norm1.bias",
            "length": 1024,
            "offset": 68647232,
            "sha256": "164d6fac186ccde665225d351fb4d9ca3af401914b624ed9afb9bf3189d5198c",
            "shape": [
              256
            ],
            "state_name": "estimator.mid_blocks.2.1.0.norm1.bias"
          },
          {
            "dtype": "float32",
            "graph_name": "estimator.mid_blocks.2.1.0.attn1.to_q.weight",
            "length": 524288,
            "offset": 68648256,
            "sha256": "62320ec84d9f26f0d86a44acaf615de40b23b8f0e045c06244aa315ec3f15761",
            "shape": [
              512,
              256
            ],
            "state_name": "estimator.mid_blocks.2.1.0.attn1.to_q.weight"
          },
          {
            "dtype": "float32",
            "graph_name": "estimator.mid_blocks.2.1.0.attn1.to_k.weight",
            "length": 524288,
            "offset": 69172544,
            "sha256": "5fb641d876a08a127a07388f919f23a97231092a7c8d938892c7f5c000a3f3bc",
            "shape": [
              512,
              256
            ],
            "state_name": "estimator.mid_blocks.2.1.0.attn1.to_k.weight"
          },
          {
            "dtype": "float32",
            "graph_name": "estimator.mid_blocks.2.1.0.attn1.to_v.weight",
            "length": 524288,
            "offset": 69696832,
            "sha256": "a75732d097f088740faf04002fc7034d231e7e7c18564b47407d410051223f6b",
            "shape": [
              512,
              256
            ],
            "state_name": "estimator.mid_blocks.2.1.0.attn1.to_v.weight"
          },
          {
            "dtype": "float32",
            "graph_name": "estimator.mid_blocks.2.1.0.attn1.to_out.0.weight",
            "length": 524288,
            "offset": 70221120,
            "sha256": "6d17bb622a72cbfcd517c265bfb4ab43cd16313bc74eb892da05ae06158b2e09",
            "shape": [
              256,
              512
            ],
            "state_name": "estimator.mid_blocks.2.1.0.attn1.to_out.0.weight"
          },
          {
            "dtype": "float32",
            "graph_name": "estimator.mid_blocks.2.1.0.attn1.to_out.0.bias",
            "length": 1024,
            "offset": 70745408,
            "sha256": "4cd4ed69172ce0a0d22a4bff261cd58930797cc10856999e6163d8d47af5b469",
            "shape": [
              256
            ],
            "state_name": "estimator.mid_blocks.2.1.0.attn1.to_out.0.bias"
          },
          {
            "dtype": "float32",
            "graph_name": "estimator.mid_blocks.2.1.0.norm3.weight",
            "length": 1024,
            "offset": 70746432,
            "sha256": "3064af55c5ede82161e47e97bdc601f679c3b2f3f9a9b9ccdd2445afd2251683",
            "shape": [
              256
            ],
            "state_name": "estimator.mid_blocks.2.1.0.norm3.weight"
          },
          {
            "dtype": "float32",
            "graph_name": "estimator.mid_blocks.2.1.0.norm3.bias",
            "length": 1024,
            "offset": 70747456,
            "sha256": "363617cb5c1ac34daf1423fc4946423da3ad2d05ee4ca62be577bc4af780376b",
            "shape": [
              256
            ],
            "state_name": "estimator.mid_blocks.2.1.0.norm3.bias"
          },
          {
            "dtype": "float32",
            "graph_name": "estimator.mid_blocks.2.1.0.ff.net.0.proj.weight",
            "length": 1048576,
            "offset": 70748480,
            "sha256": "bf27d5c2e1f1fd5341eb4cba454e66db514dc318675ef005d3a624424569939e",
            "shape": [
              1024,
              256
            ],
            "state_name": "estimator.mid_blocks.2.1.0.ff.net.0.proj.weight"
          },
          {
            "dtype": "float32",
            "graph_name": "estimator.mid_blocks.2.1.0.ff.net.0.proj.bias",
            "length": 4096,
            "offset": 71797056,
            "sha256": "3cf3301eaf7112dae25285bf4fd7558f6b49f221bd8eec3fbddfb65b4d104e39",
            "shape": [
              1024
            ],
            "state_name": "estimator.mid_blocks.2.1.0.ff.net.0.proj.bias"
          },
          {
            "dtype": "float32",
            "graph_name": "estimator.mid_blocks.2.1.0.ff.net.2.weight",
            "length": 1048576,
            "offset": 71801152,
            "sha256": "5a77dececb84fe1b48015f9e4b12589ef961818a72d4d4c3e24d70f732e49bd5",
            "shape": [
              256,
              1024
            ],
            "state_name": "estimator.mid_blocks.2.1.0.ff.net.2.weight"
          },
          {
            "dtype": "float32",
            "graph_name": "estimator.mid_blocks.2.1.0.ff.net.2.bias",
            "length": 1024,
            "offset": 72849728,
            "sha256": "6c9dba229a06da82e2f063e16ba7e3d2b1db979f53166bfb00301a92f89a8705",
            "shape": [
              256
            ],
            "state_name": "estimator.mid_blocks.2.1.0.ff.net.2.bias"
          },
          {
            "dtype": "float32",
            "graph_name": "estimator.mid_blocks.2.1.1.norm1.weight",
            "length": 1024,
            "offset": 72850752,
            "sha256": "beb44f406371e3b0ec74bdc52d2a10db3d691c105c372544a3e5155521421ecf",
            "shape": [
              256
            ],
            "state_name": "estimator.mid_blocks.2.1.1.norm1.weight"
          },
          {
            "dtype": "float32",
            "graph_name": "estimator.mid_blocks.2.1.1.norm1.bias",
            "length": 1024,
            "offset": 72851776,
            "sha256": "89d909e0d90b5d1c9c262204ceafc6bdd992a5d42c4d9dd77503d8c7d00bba2f",
            "shape": [
              256
            ],
            "state_name": "estimator.mid_blocks.2.1.1.norm1.bias"
          },
          {
            "dtype": "float32",
            "graph_name": "estimator.mid_blocks.2.1.1.attn1.to_q.weight",
            "length": 524288,
            "offset": 72852800,
            "sha256": "1d1b50c65469cd2688236435cae3faa152d96b1c0f37892bc3e264f6992462a9",
            "shape": [
              512,
              256
            ],
            "state_name": "estimator.mid_blocks.2.1.1.attn1.to_q.weight"
          },
          {
            "dtype": "float32",
            "graph_name": "estimator.mid_blocks.2.1.1.attn1.to_k.weight",
            "length": 524288,
            "offset": 73377088,
            "sha256": "d90d05e31e593ae554d26ccf849af1cb0b7a4fc66eef6d98198f670378008161",
            "shape": [
              512,
              256
            ],
            "state_name": "estimator.mid_blocks.2.1.1.attn1.to_k.weight"
          },
          {
            "dtype": "float32",
            "graph_name": "estimator.mid_blocks.2.1.1.attn1.to_v.weight",
            "length": 524288,
            "offset": 73901376,
            "sha256": "891c09b990c0c39def600a11b6ab3d92cb4b6880e19521c2e089ea6fccfc5816",
            "shape": [
              512,
              256
            ],
            "state_name": "estimator.mid_blocks.2.1.1.attn1.to_v.weight"
          },
          {
            "dtype": "float32",
            "graph_name": "estimator.mid_blocks.2.1.1.attn1.to_out.0.weight",
            "length": 524288,
            "offset": 74425664,
            "sha256": "bcdb6dd4da4eba1a233857d7872e640e4f05d638ddd6b9c07201541b3873e3e4",
            "shape": [
              256,
              512
            ],
            "state_name": "estimator.mid_blocks.2.1.1.attn1.to_out.0.weight"
          },
          {
            "dtype": "float32",
            "graph_name": "estimator.mid_blocks.2.1.1.attn1.to_out.0.bias",
            "length": 1024,
            "offset": 74949952,
            "sha256": "0a70431f7b71d543e68bf7b685d3bc0e57f943ea518f38aac81da52d961a22e1",
            "shape": [
              256
            ],
            "state_name": "estimator.mid_blocks.2.1.1.attn1.to_out.0.bias"
          },
          {
            "dtype": "float32",
            "graph_name": "estimator.mid_blocks.2.1.1.norm3.weight",
            "length": 1024,
            "offset": 74950976,
            "sha256": "dc85b7abcfe09a55cd23caed30525a3779a3a40e4f731a8e353f12ed9e6ad975",
            "shape": [
              256
            ],
            "state_name": "estimator.mid_blocks.2.1.1.norm3.weight"
          },
          {
            "dtype": "float32",
            "graph_name": "estimator.mid_blocks.2.1.1.norm3.bias",
            "length": 1024,
            "offset": 74952000,
            "sha256": "4f9001d9423d01a774dfe8f65a3fc33a9ffda1aba1733c4c99e69574a88d790e",
            "shape": [
              256
            ],
            "state_name": "estimator.mid_blocks.2.1.1.norm3.bias"
          },
          {
            "dtype": "float32",
            "graph_name": "estimator.mid_blocks.2.1.1.ff.net.0.proj.weight",
            "length": 1048576,
            "offset": 74953024,
            "sha256": "67829cca1112596c1179b94432e533c8f95d1c251c15f83b530aad7f96d535a2",
            "shape": [
              1024,
              256
            ],
            "state_name": "estimator.mid_blocks.2.1.1.ff.net.0.proj.weight"
          },
          {
            "dtype": "float32",
            "graph_name": "estimator.mid_blocks.2.1.1.ff.net.0.proj.bias",
            "length": 4096,
            "offset": 76001600,
            "sha256": "ecd9d3ed18f6e228b6396c37f4255f091e03c65b1cd6b18790b21186d835b907",
            "shape": [
              1024
            ],
            "state_name": "estimator.mid_blocks.2.1.1.ff.net.0.proj.bias"
          },
          {
            "dtype": "float32",
            "graph_name": "estimator.mid_blocks.2.1.1.ff.net.2.weight",
            "length": 1048576,
            "offset": 76005696,
            "sha256": "c306cf276109dc0fe464e45621a73e52c0e31933a824eb505ccd1c4e2714d03e",
            "shape": [
              256,
              1024
            ],
            "state_name": "estimator.mid_blocks.2.1.1.ff.net.2.weight"
          },
          {
            "dtype": "float32",
            "graph_name": "estimator.mid_blocks.2.1.1.ff.net.2.bias",
            "length": 1024,
            "offset": 77054272,
            "sha256": "26bae9ac03dad7697cc2d06fd22031e1e5f71393358c72b966579cf4480d8417",
            "shape": [
              256
            ],
            "state_name": "estimator.mid_blocks.2.1.1.ff.net.2.bias"
          },
          {
            "dtype": "float32",
            "graph_name": "estimator.mid_blocks.2.1.2.norm1.weight",
            "length": 1024,
            "offset": 77055296,
            "sha256": "22ddfdb3c223085b38e69658eb53f1d8c246e4e56a8139c469bf4270fb437f21",
            "shape": [
              256
            ],
            "state_name": "estimator.mid_blocks.2.1.2.norm1.weight"
          },
          {
            "dtype": "float32",
            "graph_name": "estimator.mid_blocks.2.1.2.norm1.bias",
            "length": 1024,
            "offset": 77056320,
            "sha256": "b55ee27f4b4089e6da1e781cb78ee56488181a69af13338544f85bb2e0946354",
            "shape": [
              256
            ],
            "state_name": "estimator.mid_blocks.2.1.2.norm1.bias"
          },
          {
            "dtype": "float32",
            "graph_name": "estimator.mid_blocks.2.1.2.attn1.to_q.weight",
            "length": 524288,
            "offset": 77057344,
            "sha256": "7100104b044931a0d7bbfd049c38e5f5a4125254abb6f2e27bca46e2ad1dd59c",
            "shape": [
              512,
              256
            ],
            "state_name": "estimator.mid_blocks.2.1.2.attn1.to_q.weight"
          },
          {
            "dtype": "float32",
            "graph_name": "estimator.mid_blocks.2.1.2.attn1.to_k.weight",
            "length": 524288,
            "offset": 77581632,
            "sha256": "dde28a735999d3ee027e54d679a8cf8853e21217d595fa488459243ec244b9d1",
            "shape": [
              512,
              256
            ],
            "state_name": "estimator.mid_blocks.2.1.2.attn1.to_k.weight"
          },
          {
            "dtype": "float32",
            "graph_name": "estimator.mid_blocks.2.1.2.attn1.to_v.weight",
            "length": 524288,
            "offset": 78105920,
            "sha256": "ef89bcf364a4240b7fd8f35d68a4448f25107515f6f30f960b677efd4f1880bc",
            "shape": [
              512,
              256
            ],
            "state_name": "estimator.mid_blocks.2.1.2.attn1.to_v.weight"
          },
          {
            "dtype": "float32",
            "graph_name": "estimator.mid_blocks.2.1.2.attn1.to_out.0.weight",
            "length": 524288,
            "offset": 78630208,
            "sha256": "c0aa6931bce809c367e7fb5b807de6baa6ea0b782d7c31fb3122845bbbc0dde2",
            "shape": [
              256,
              512
            ],
            "state_name": "estimator.mid_blocks.2.1.2.attn1.to_out.0.weight"
          },
          {
            "dtype": "float32",
            "graph_name": "estimator.mid_blocks.2.1.2.attn1.to_out.0.bias",
            "length": 1024,
            "offset": 79154496,
            "sha256": "8f60f45ae466d4dc91313c9e9daa5d19fbc07ece247fd49696e322f24a19a739",
            "shape": [
              256
            ],
            "state_name": "estimator.mid_blocks.2.1.2.attn1.to_out.0.bias"
          },
          {
            "dtype": "float32",
            "graph_name": "estimator.mid_blocks.2.1.2.norm3.weight",
            "length": 1024,
            "offset": 79155520,
            "sha256": "238323b39174a7d0460caa5e03e1f924dfa4f80c5fc83b7f83af15acf9b68581",
            "shape": [
              256
            ],
            "state_name": "estimator.mid_blocks.2.1.2.norm3.weight"
          },
          {
            "dtype": "float32",
            "graph_name": "estimator.mid_blocks.2.1.2.norm3.bias",
            "length": 1024,
            "offset": 79156544,
            "sha256": "567cd85d48d8473b6674c4624305025efca2ef4daca8dad96e1515cda64e1b2e",
            "shape": [
              256
            ],
            "state_name": "estimator.mid_blocks.2.1.2.norm3.bias"
          },
          {
            "dtype": "float32",
            "graph_name": "estimator.mid_blocks.2.1.2.ff.net.0.proj.weight",
            "length": 1048576,
            "offset": 79157568,
            "sha256": "0a71ac32bc0fb37cab11d342937acb581795e00da014b873198b1c7dd88eb49f",
            "shape": [
              1024,
              256
            ],
            "state_name": "estimator.mid_blocks.2.1.2.ff.net.0.proj.weight"
          },
          {
            "dtype": "float32",
            "graph_name": "estimator.mid_blocks.2.1.2.ff.net.0.proj.bias",
            "length": 4096,
            "offset": 80206144,
            "sha256": "03f6d89e9d627bd33a3cd18a537a59bb872e57ee2258157c05d87f76dbfe3625",
            "shape": [
              1024
            ],
            "state_name": "estimator.mid_blocks.2.1.2.ff.net.0.proj.bias"
          },
          {
            "dtype": "float32",
            "graph_name": "estimator.mid_blocks.2.1.2.ff.net.2.weight",
            "length": 1048576,
            "offset": 80210240,
            "sha256": "5bca7dfb6e69b4f63c35c3fcea8c9f3628954a3a49ec1fa8535fd035adb183d9",
            "shape": [
              256,
              1024
            ],
            "state_name": "estimator.mid_blocks.2.1.2.ff.net.2.weight"
          },
          {
            "dtype": "float32",
            "graph_name": "estimator.mid_blocks.2.1.2.ff.net.2.bias",
            "length": 1024,
            "offset": 81258816,
            "sha256": "919cd5c94ce92fd50b84a03ead6af32592fc3208a32e49b431e47b2f0c50f8e9",
            "shape": [
              256
            ],
            "state_name": "estimator.mid_blocks.2.1.2.ff.net.2.bias"
          },
          {
            "dtype": "float32",
            "graph_name": "estimator.mid_blocks.2.1.3.norm1.weight",
            "length": 1024,
            "offset": 81259840,
            "sha256": "ff9cfeeec0ef3d5e2cfc612113d6004ce309dccde8b3f3a33df015bb0d41276b",
            "shape": [
              256
            ],
            "state_name": "estimator.mid_blocks.2.1.3.norm1.weight"
          },
          {
            "dtype": "float32",
            "graph_name": "estimator.mid_blocks.2.1.3.norm1.bias",
            "length": 1024,
            "offset": 81260864,
            "sha256": "391519811c59a69e460317de3ed0f6a2e6544051aa5bb549f52102f4ce244be0",
            "shape": [
              256
            ],
            "state_name": "estimator.mid_blocks.2.1.3.norm1.bias"
          },
          {
            "dtype": "float32",
            "graph_name": "estimator.mid_blocks.2.1.3.attn1.to_q.weight",
            "length": 524288,
            "offset": 81261888,
            "sha256": "00383b60812d98b72b4a6b07d2057405ed5b6b0e13654bf164293298ad498035",
            "shape": [
              512,
              256
            ],
            "state_name": "estimator.mid_blocks.2.1.3.attn1.to_q.weight"
          },
          {
            "dtype": "float32",
            "graph_name": "estimator.mid_blocks.2.1.3.attn1.to_k.weight",
            "length": 524288,
            "offset": 81786176,
            "sha256": "6f0a372a54c6cac243e09d850efd6acbeb9139b4e6761f39b27ec8d612a64f34",
            "shape": [
              512,
              256
            ],
            "state_name": "estimator.mid_blocks.2.1.3.attn1.to_k.weight"
          },
          {
            "dtype": "float32",
            "graph_name": "estimator.mid_blocks.2.1.3.attn1.to_v.weight",
            "length": 524288,
            "offset": 82310464,
            "sha256": "b8768050f2e95f6e5c363dbed8b2d65f4af2fea5d802c3be5c078fb49e286707",
            "shape": [
              512,
              256
            ],
            "state_name": "estimator.mid_blocks.2.1.3.attn1.to_v.weight"
          },
          {
            "dtype": "float32",
            "graph_name": "estimator.mid_blocks.2.1.3.attn1.to_out.0.weight",
            "length": 524288,
            "offset": 82834752,
            "sha256": "11109b1bca62ed738af34cef38e5d72e7a7bfb6a7301043bd68293cd8cb35125",
            "shape": [
              256,
              512
            ],
            "state_name": "estimator.mid_blocks.2.1.3.attn1.to_out.0.weight"
          },
          {
            "dtype": "float32",
            "graph_name": "estimator.mid_blocks.2.1.3.attn1.to_out.0.bias",
            "length": 1024,
            "offset": 83359040,
            "sha256": "c1ccd66c504ab7c83eecd5374fdd01bef27763cfd5fab7b8c988a09c12b93bd8",
            "shape": [
              256
            ],
            "state_name": "estimator.mid_blocks.2.1.3.attn1.to_out.0.bias"
          },
          {
            "dtype": "float32",
            "graph_name": "estimator.mid_blocks.2.1.3.norm3.weight",
            "length": 1024,
            "offset": 83360064,
            "sha256": "25c826fde7c9470a3ee9c3fcd53da22b3f0e55fa1dc7f71a16514fd74bda59ca",
            "shape": [
              256
            ],
            "state_name": "estimator.mid_blocks.2.1.3.norm3.weight"
          },
          {
            "dtype": "float32",
            "graph_name": "estimator.mid_blocks.2.1.3.norm3.bias",
            "length": 1024,
            "offset": 83361088,
            "sha256": "0d9c4393d062e978f4c64c87cc6f5d6367860c3d9dfeffe8fe04760e89156009",
            "shape": [
              256
            ],
            "state_name": "estimator.mid_blocks.2.1.3.norm3.bias"
          },
          {
            "dtype": "float32",
            "graph_name": "estimator.mid_blocks.2.1.3.ff.net.0.proj.weight",
            "length": 1048576,
            "offset": 83362112,
            "sha256": "4a06ab828e6f296fbfa9ca0c9f0a3672e0d969bfd96aa59e807a1f39c4f56d6f",
            "shape": [
              1024,
              256
            ],
            "state_name": "estimator.mid_blocks.2.1.3.ff.net.0.proj.weight"
          },
          {
            "dtype": "float32",
            "graph_name": "estimator.mid_blocks.2.1.3.ff.net.0.proj.bias",
            "length": 4096,
            "offset": 84410688,
            "sha256": "fb1368ca5894bedb90eb2df4f69cd0264e9bc9da481cf59185467162133f4419",
            "shape": [
              1024
            ],
            "state_name": "estimator.mid_blocks.2.1.3.ff.net.0.proj.bias"
          },
          {
            "dtype": "float32",
            "graph_name": "estimator.mid_blocks.2.1.3.ff.net.2.weight",
            "length": 1048576,
            "offset": 84414784,
            "sha256": "742bb6f2f790bf95e47d4f6077ff483229e1126a78e230d389e900ae76ca0edf",
            "shape": [
              256,
              1024
            ],
            "state_name": "estimator.mid_blocks.2.1.3.ff.net.2.weight"
          },
          {
            "dtype": "float32",
            "graph_name": "estimator.mid_blocks.2.1.3.ff.net.2.bias",
            "length": 1024,
            "offset": 85463360,
            "sha256": "722d25ffca38276b79d00327c39572c391c75ec0ccfe25ba458e00f79adc6820",
            "shape": [
              256
            ],
            "state_name": "estimator.mid_blocks.2.1.3.ff.net.2.bias"
          },
          {
            "dtype": "float32",
            "graph_name": "estimator.mid_blocks.3.0.mlp.1.weight",
            "length": 1048576,
            "offset": 85464384,
            "sha256": "692f820f06e85e69d270bf89dcc9cce8cf73dd3f0deba49dfefa79f67ac22086",
            "shape": [
              256,
              1024
            ],
            "state_name": "estimator.mid_blocks.3.0.mlp.1.weight"
          },
          {
            "dtype": "float32",
            "graph_name": "estimator.mid_blocks.3.0.mlp.1.bias",
            "length": 1024,
            "offset": 86512960,
            "sha256": "7a7d1400f2434ebea294ac156d19d5624e71b672d4dde18a1cea9744c64a3661",
            "shape": [
              256
            ],
            "state_name": "estimator.mid_blocks.3.0.mlp.1.bias"
          },
          {
            "dtype": "float32",
            "graph_name": "estimator.mid_blocks.3.0.block1.block.0.weight",
            "length": 786432,
            "offset": 86513984,
            "sha256": "f8de09aaa34976d576ccd5793a1dbc57704363102f0b1008ae393c51b9f4c5f2",
            "shape": [
              256,
              256,
              3
            ],
            "state_name": "estimator.mid_blocks.3.0.block1.block.0.weight"
          },
          {
            "dtype": "float32",
            "graph_name": "estimator.mid_blocks.3.0.block1.block.0.bias",
            "length": 1024,
            "offset": 87300416,
            "sha256": "e029854b5f6367e49dc6a7bfbed72f64398ea6b151795da110749983a4b82cb6",
            "shape": [
              256
            ],
            "state_name": "estimator.mid_blocks.3.0.block1.block.0.bias"
          },
          {
            "dtype": "float32",
            "graph_name": "estimator.mid_blocks.3.0.block1.block.2.weight",
            "length": 1024,
            "offset": 87301440,
            "sha256": "6708ab43eabe200a10f8503b8091c3eecf5cd3fd84478b1a969367d6a9d34537",
            "shape": [
              256
            ],
            "state_name": "estimator.mid_blocks.3.0.block1.block.2.weight"
          },
          {
            "dtype": "float32",
            "graph_name": "estimator.mid_blocks.3.0.block1.block.2.bias",
            "length": 1024,
            "offset": 87302464,
            "sha256": "9e449c3aa724543b98afd1c773862f248a3d657250121a433c919ab554a8363e",
            "shape": [
              256
            ],
            "state_name": "estimator.mid_blocks.3.0.block1.block.2.bias"
          },
          {
            "dtype": "float32",
            "graph_name": "estimator.mid_blocks.3.0.block2.block.0.weight",
            "length": 786432,
            "offset": 87303488,
            "sha256": "c9b0d65ea3662e5e10268c322ac0f684200bdff9097acb585ae959af95af5016",
            "shape": [
              256,
              256,
              3
            ],
            "state_name": "estimator.mid_blocks.3.0.block2.block.0.weight"
          },
          {
            "dtype": "float32",
            "graph_name": "estimator.mid_blocks.3.0.block2.block.0.bias",
            "length": 1024,
            "offset": 88089920,
            "sha256": "5ece438d54f8a94b3c753c19bdb9b0a242985b0b6f7c2c036dab9e1043c96d51",
            "shape": [
              256
            ],
            "state_name": "estimator.mid_blocks.3.0.block2.block.0.bias"
          },
          {
            "dtype": "float32",
            "graph_name": "estimator.mid_blocks.3.0.block2.block.2.weight",
            "length": 1024,
            "offset": 88090944,
            "sha256": "755112ec5a7f8f7b94d6d69c7600becaee3aff75069fed11f4f98deb5cec8b67",
            "shape": [
              256
            ],
            "state_name": "estimator.mid_blocks.3.0.block2.block.2.weight"
          },
          {
            "dtype": "float32",
            "graph_name": "estimator.mid_blocks.3.0.block2.block.2.bias",
            "length": 1024,
            "offset": 88091968,
            "sha256": "cb7cca52fef6c13507ce9d6a7723112c1e8b906c738c18d9c89f5b1062cdb3c0",
            "shape": [
              256
            ],
            "state_name": "estimator.mid_blocks.3.0.block2.block.2.bias"
          },
          {
            "dtype": "float32",
            "graph_name": "estimator.mid_blocks.3.0.res_conv.weight",
            "length": 262144,
            "offset": 88092992,
            "sha256": "93f8928f3147304099ef8e07c6d85037a3e1671af3efa63fab0e9448e7c06af5",
            "shape": [
              256,
              256,
              1
            ],
            "state_name": "estimator.mid_blocks.3.0.res_conv.weight"
          },
          {
            "dtype": "float32",
            "graph_name": "estimator.mid_blocks.3.0.res_conv.bias",
            "length": 1024,
            "offset": 88355136,
            "sha256": "ae8216524bebc5ce190bbd8866b494b94a8b2f54d061582217c3d7e49eab72d5",
            "shape": [
              256
            ],
            "state_name": "estimator.mid_blocks.3.0.res_conv.bias"
          },
          {
            "dtype": "float32",
            "graph_name": "estimator.mid_blocks.3.1.0.norm1.weight",
            "length": 1024,
            "offset": 88356160,
            "sha256": "1e84d2351c81602e50badf69c3c859d93a7a31dc2958fa1410715e745d5c55a7",
            "shape": [
              256
            ],
            "state_name": "estimator.mid_blocks.3.1.0.norm1.weight"
          },
          {
            "dtype": "float32",
            "graph_name": "estimator.mid_blocks.3.1.0.norm1.bias",
            "length": 1024,
            "offset": 88357184,
            "sha256": "6221492c0674b308e1f7a8ce763f92485c4274deff54fbdd434f46e6095e0abc",
            "shape": [
              256
            ],
            "state_name": "estimator.mid_blocks.3.1.0.norm1.bias"
          },
          {
            "dtype": "float32",
            "graph_name": "estimator.mid_blocks.3.1.0.attn1.to_q.weight",
            "length": 524288,
            "offset": 88358208,
            "sha256": "7272f06664e379081ea39ed5f03729c08b1064d6edb55a5ce12be7b8aada7a19",
            "shape": [
              512,
              256
            ],
            "state_name": "estimator.mid_blocks.3.1.0.attn1.to_q.weight"
          },
          {
            "dtype": "float32",
            "graph_name": "estimator.mid_blocks.3.1.0.attn1.to_k.weight",
            "length": 524288,
            "offset": 88882496,
            "sha256": "4c04f1659cc2b5132a38186bf7a3441e582bb51c87a014d419686ca9aef5b5c1",
            "shape": [
              512,
              256
            ],
            "state_name": "estimator.mid_blocks.3.1.0.attn1.to_k.weight"
          },
          {
            "dtype": "float32",
            "graph_name": "estimator.mid_blocks.3.1.0.attn1.to_v.weight",
            "length": 524288,
            "offset": 89406784,
            "sha256": "5954e6a0ddff819c9afcefdf100c13a594ca530dfced04d7b6310eee51ca59d9",
            "shape": [
              512,
              256
            ],
            "state_name": "estimator.mid_blocks.3.1.0.attn1.to_v.weight"
          },
          {
            "dtype": "float32",
            "graph_name": "estimator.mid_blocks.3.1.0.attn1.to_out.0.weight",
            "length": 524288,
            "offset": 89931072,
            "sha256": "633c54be361bd480418c85555de0442b267c040a42b1d28c2a29fd04d7e235d5",
            "shape": [
              256,
              512
            ],
            "state_name": "estimator.mid_blocks.3.1.0.attn1.to_out.0.weight"
          },
          {
            "dtype": "float32",
            "graph_name": "estimator.mid_blocks.3.1.0.attn1.to_out.0.bias",
            "length": 1024,
            "offset": 90455360,
            "sha256": "5c76dcfb72da1f361335c7d9e1b03dc1c1754b44f7f7bee81beaf8924b54caaa",
            "shape": [
              256
            ],
            "state_name": "estimator.mid_blocks.3.1.0.attn1.to_out.0.bias"
          },
          {
            "dtype": "float32",
            "graph_name": "estimator.mid_blocks.3.1.0.norm3.weight",
            "length": 1024,
            "offset": 90456384,
            "sha256": "b2d05ce4972043301033943bd1d8c6cc2689eddb986dd1a4e75929edbdddc5ce",
            "shape": [
              256
            ],
            "state_name": "estimator.mid_blocks.3.1.0.norm3.weight"
          },
          {
            "dtype": "float32",
            "graph_name": "estimator.mid_blocks.3.1.0.norm3.bias",
            "length": 1024,
            "offset": 90457408,
            "sha256": "2bfb74cf6c6a3a9e950714a7dd2d9c177cad00359cc10648b2e5e54cbad5dff0",
            "shape": [
              256
            ],
            "state_name": "estimator.mid_blocks.3.1.0.norm3.bias"
          },
          {
            "dtype": "float32",
            "graph_name": "estimator.mid_blocks.3.1.0.ff.net.0.proj.weight",
            "length": 1048576,
            "offset": 90458432,
            "sha256": "1a224c3266178d65123e8c09f2b7dcdf151c7387db300ba016c25a9c2611c46c",
            "shape": [
              1024,
              256
            ],
            "state_name": "estimator.mid_blocks.3.1.0.ff.net.0.proj.weight"
          },
          {
            "dtype": "float32",
            "graph_name": "estimator.mid_blocks.3.1.0.ff.net.0.proj.bias",
            "length": 4096,
            "offset": 91507008,
            "sha256": "843cfabb825a53f7242d69f0e8d8aee99f994aaf3988e1dafde759ed3eda9c5e",
            "shape": [
              1024
            ],
            "state_name": "estimator.mid_blocks.3.1.0.ff.net.0.proj.bias"
          },
          {
            "dtype": "float32",
            "graph_name": "estimator.mid_blocks.3.1.0.ff.net.2.weight",
            "length": 1048576,
            "offset": 91511104,
            "sha256": "637bc4eb9807d6331263dafdd8089e0573a60df9b1cbbb3e46740564fe6eeca3",
            "shape": [
              256,
              1024
            ],
            "state_name": "estimator.mid_blocks.3.1.0.ff.net.2.weight"
          },
          {
            "dtype": "float32",
            "graph_name": "estimator.mid_blocks.3.1.0.ff.net.2.bias",
            "length": 1024,
            "offset": 92559680,
            "sha256": "12cea7df0323414ce57a13298ad84dbeb4993704de0ff36405c22f1f93b70110",
            "shape": [
              256
            ],
            "state_name": "estimator.mid_blocks.3.1.0.ff.net.2.bias"
          },
          {
            "dtype": "float32",
            "graph_name": "estimator.mid_blocks.3.1.1.norm1.weight",
            "length": 1024,
            "offset": 92560704,
            "sha256": "1a15800c9717d495ed908640486a9d0c91091575118574c6a757f51fdd16827d",
            "shape": [
              256
            ],
            "state_name": "estimator.mid_blocks.3.1.1.norm1.weight"
          },
          {
            "dtype": "float32",
            "graph_name": "estimator.mid_blocks.3.1.1.norm1.bias",
            "length": 1024,
            "offset": 92561728,
            "sha256": "68b4f2795a228c1c4d43d49ff7510e437fc5b9e098c80f2b4cec9b2a368aafab",
            "shape": [
              256
            ],
            "state_name": "estimator.mid_blocks.3.1.1.norm1.bias"
          },
          {
            "dtype": "float32",
            "graph_name": "estimator.mid_blocks.3.1.1.attn1.to_q.weight",
            "length": 524288,
            "offset": 92562752,
            "sha256": "d07e4fbf6c4c14eb8b283eb77275eb340484283d63fb784f40e9e253fb921e7d",
            "shape": [
              512,
              256
            ],
            "state_name": "estimator.mid_blocks.3.1.1.attn1.to_q.weight"
          },
          {
            "dtype": "float32",
            "graph_name": "estimator.mid_blocks.3.1.1.attn1.to_k.weight",
            "length": 524288,
            "offset": 93087040,
            "sha256": "40844087e5ec656a05e1364131a28e73f0f70b679ddeac11cf67fde715f6582e",
            "shape": [
              512,
              256
            ],
            "state_name": "estimator.mid_blocks.3.1.1.attn1.to_k.weight"
          },
          {
            "dtype": "float32",
            "graph_name": "estimator.mid_blocks.3.1.1.attn1.to_v.weight",
            "length": 524288,
            "offset": 93611328,
            "sha256": "1b50ea89745929a09c999faa9e06d1195785e8e26bafa97d10d08deb38207df6",
            "shape": [
              512,
              256
            ],
            "state_name": "estimator.mid_blocks.3.1.1.attn1.to_v.weight"
          },
          {
            "dtype": "float32",
            "graph_name": "estimator.mid_blocks.3.1.1.attn1.to_out.0.weight",
            "length": 524288,
            "offset": 94135616,
            "sha256": "25f2a1f9f7de4a477731253634f8897d15d1022446fcfe08abc94719a8e42af1",
            "shape": [
              256,
              512
            ],
            "state_name": "estimator.mid_blocks.3.1.1.attn1.to_out.0.weight"
          },
          {
            "dtype": "float32",
            "graph_name": "estimator.mid_blocks.3.1.1.attn1.to_out.0.bias",
            "length": 1024,
            "offset": 94659904,
            "sha256": "321903b3bddeeb88852caf1dc1a0adb54202911d51ab225b0626e8ce65e5846d",
            "shape": [
              256
            ],
            "state_name": "estimator.mid_blocks.3.1.1.attn1.to_out.0.bias"
          },
          {
            "dtype": "float32",
            "graph_name": "estimator.mid_blocks.3.1.1.norm3.weight",
            "length": 1024,
            "offset": 94660928,
            "sha256": "5eb8bf2558a765cabb8b3460b7f6358d97da05d7b6c8b9a56705e8091369c06d",
            "shape": [
              256
            ],
            "state_name": "estimator.mid_blocks.3.1.1.norm3.weight"
          },
          {
            "dtype": "float32",
            "graph_name": "estimator.mid_blocks.3.1.1.norm3.bias",
            "length": 1024,
            "offset": 94661952,
            "sha256": "dda8145e63a20c77114d190b3215bf761b372c9bd01778901139678c538f9830",
            "shape": [
              256
            ],
            "state_name": "estimator.mid_blocks.3.1.1.norm3.bias"
          },
          {
            "dtype": "float32",
            "graph_name": "estimator.mid_blocks.3.1.1.ff.net.0.proj.weight",
            "length": 1048576,
            "offset": 94662976,
            "sha256": "eae7fb75e016b40e8aa845e07819db4022833ef42d14754f9d6538188a35d60b",
            "shape": [
              1024,
              256
            ],
            "state_name": "estimator.mid_blocks.3.1.1.ff.net.0.proj.weight"
          },
          {
            "dtype": "float32",
            "graph_name": "estimator.mid_blocks.3.1.1.ff.net.0.proj.bias",
            "length": 4096,
            "offset": 95711552,
            "sha256": "70b6485423ef3eb72cd61a0daac666fee64dddc470bee60bd543ca5b9cd4f171",
            "shape": [
              1024
            ],
            "state_name": "estimator.mid_blocks.3.1.1.ff.net.0.proj.bias"
          },
          {
            "dtype": "float32",
            "graph_name": "estimator.mid_blocks.3.1.1.ff.net.2.weight",
            "length": 1048576,
            "offset": 95715648,
            "sha256": "720a2830ee69b2349f65b07413e65699c0503dc6473098f88bb38a7365a56e4f",
            "shape": [
              256,
              1024
            ],
            "state_name": "estimator.mid_blocks.3.1.1.ff.net.2.weight"
          },
          {
            "dtype": "float32",
            "graph_name": "estimator.mid_blocks.3.1.1.ff.net.2.bias",
            "length": 1024,
            "offset": 96764224,
            "sha256": "af757f4181ea28ebaddedfea2de93278559404c82ec7abdd5764612b68b5e86a",
            "shape": [
              256
            ],
            "state_name": "estimator.mid_blocks.3.1.1.ff.net.2.bias"
          },
          {
            "dtype": "float32",
            "graph_name": "estimator.mid_blocks.3.1.2.norm1.weight",
            "length": 1024,
            "offset": 96765248,
            "sha256": "c51af6244eec30c5d9bfe1a05535ebfa6da7635edb01bf935cdec0e7d3a91c3c",
            "shape": [
              256
            ],
            "state_name": "estimator.mid_blocks.3.1.2.norm1.weight"
          },
          {
            "dtype": "float32",
            "graph_name": "estimator.mid_blocks.3.1.2.norm1.bias",
            "length": 1024,
            "offset": 96766272,
            "sha256": "07a9b134f856a3adf217b4ee8e15da9d2d2a6370eebeac0756e132ff05ba408f",
            "shape": [
              256
            ],
            "state_name": "estimator.mid_blocks.3.1.2.norm1.bias"
          },
          {
            "dtype": "float32",
            "graph_name": "estimator.mid_blocks.3.1.2.attn1.to_q.weight",
            "length": 524288,
            "offset": 96767296,
            "sha256": "a555a052f703388107fed9740f24fc3115ee4fbfb3f660bbeae3bf41e8d1d353",
            "shape": [
              512,
              256
            ],
            "state_name": "estimator.mid_blocks.3.1.2.attn1.to_q.weight"
          },
          {
            "dtype": "float32",
            "graph_name": "estimator.mid_blocks.3.1.2.attn1.to_k.weight",
            "length": 524288,
            "offset": 97291584,
            "sha256": "a05f9c15f18b83856ed3479e42c2c41cb84b3361eb574652a1694e395ee3f51b",
            "shape": [
              512,
              256
            ],
            "state_name": "estimator.mid_blocks.3.1.2.attn1.to_k.weight"
          },
          {
            "dtype": "float32",
            "graph_name": "estimator.mid_blocks.3.1.2.attn1.to_v.weight",
            "length": 524288,
            "offset": 97815872,
            "sha256": "2203c66f931d23cb7c2564f8a5ad2d6cd7cfa67eec78c450a796e15442a4d2b1",
            "shape": [
              512,
              256
            ],
            "state_name": "estimator.mid_blocks.3.1.2.attn1.to_v.weight"
          },
          {
            "dtype": "float32",
            "graph_name": "estimator.mid_blocks.3.1.2.attn1.to_out.0.weight",
            "length": 524288,
            "offset": 98340160,
            "sha256": "4cdf7e21258ee82fe1de270632e7bad155f7cdba57061e856443b69f3d152240",
            "shape": [
              256,
              512
            ],
            "state_name": "estimator.mid_blocks.3.1.2.attn1.to_out.0.weight"
          },
          {
            "dtype": "float32",
            "graph_name": "estimator.mid_blocks.3.1.2.attn1.to_out.0.bias",
            "length": 1024,
            "offset": 98864448,
            "sha256": "33db363f7c4bf9fed0ac10800dce63ca5e20f443a939faea016ad534850c245b",
            "shape": [
              256
            ],
            "state_name": "estimator.mid_blocks.3.1.2.attn1.to_out.0.bias"
          },
          {
            "dtype": "float32",
            "graph_name": "estimator.mid_blocks.3.1.2.norm3.weight",
            "length": 1024,
            "offset": 98865472,
            "sha256": "b4c4c0fbd5986ab4f7904835d6674e1cddc0c9f5a2f396114efb0a955ab9b774",
            "shape": [
              256
            ],
            "state_name": "estimator.mid_blocks.3.1.2.norm3.weight"
          },
          {
            "dtype": "float32",
            "graph_name": "estimator.mid_blocks.3.1.2.norm3.bias",
            "length": 1024,
            "offset": 98866496,
            "sha256": "d0e8396ed3f8cbd47a34cd7df2286cbb16cf19a7cbdf0d3b2dd3218fb007a3fc",
            "shape": [
              256
            ],
            "state_name": "estimator.mid_blocks.3.1.2.norm3.bias"
          },
          {
            "dtype": "float32",
            "graph_name": "estimator.mid_blocks.3.1.2.ff.net.0.proj.weight",
            "length": 1048576,
            "offset": 98867520,
            "sha256": "78e5fb6300b84de1186689077a63ed4782a23955b5f151e495ed4eea323e477c",
            "shape": [
              1024,
              256
            ],
            "state_name": "estimator.mid_blocks.3.1.2.ff.net.0.proj.weight"
          },
          {
            "dtype": "float32",
            "graph_name": "estimator.mid_blocks.3.1.2.ff.net.0.proj.bias",
            "length": 4096,
            "offset": 99916096,
            "sha256": "e5de1d0d04e1635228b9d74c417fd2e11bbefc1f2593712d0df8d94d37dbb509",
            "shape": [
              1024
            ],
            "state_name": "estimator.mid_blocks.3.1.2.ff.net.0.proj.bias"
          },
          {
            "dtype": "float32",
            "graph_name": "estimator.mid_blocks.3.1.2.ff.net.2.weight",
            "length": 1048576,
            "offset": 99920192,
            "sha256": "db72eb8af3d8694cfd3335115cde3feb62a416899b3c6d44ebbe5246845668ca",
            "shape": [
              256,
              1024
            ],
            "state_name": "estimator.mid_blocks.3.1.2.ff.net.2.weight"
          },
          {
            "dtype": "float32",
            "graph_name": "estimator.mid_blocks.3.1.2.ff.net.2.bias",
            "length": 1024,
            "offset": 100968768,
            "sha256": "e0e8585e54377a5cc78193e95edcbcc6fa7d92fe717ebe48e1ae2a8b3045f6ed",
            "shape": [
              256
            ],
            "state_name": "estimator.mid_blocks.3.1.2.ff.net.2.bias"
          },
          {
            "dtype": "float32",
            "graph_name": "estimator.mid_blocks.3.1.3.norm1.weight",
            "length": 1024,
            "offset": 100969792,
            "sha256": "b128a209df69fdd722de584d5a54da22e1fc0b6dcb08fcf11ca87efeab68de4b",
            "shape": [
              256
            ],
            "state_name": "estimator.mid_blocks.3.1.3.norm1.weight"
          },
          {
            "dtype": "float32",
            "graph_name": "estimator.mid_blocks.3.1.3.norm1.bias",
            "length": 1024,
            "offset": 100970816,
            "sha256": "48f1f6dd4ea786eedbb072b28bfe09e9b162310ad17a032fbb7e965a3a51333e",
            "shape": [
              256
            ],
            "state_name": "estimator.mid_blocks.3.1.3.norm1.bias"
          },
          {
            "dtype": "float32",
            "graph_name": "estimator.mid_blocks.3.1.3.attn1.to_q.weight",
            "length": 524288,
            "offset": 100971840,
            "sha256": "e3964658d20427270ac13081dcef28b2d9bad49cecfa2584cc9630a869d74943",
            "shape": [
              512,
              256
            ],
            "state_name": "estimator.mid_blocks.3.1.3.attn1.to_q.weight"
          },
          {
            "dtype": "float32",
            "graph_name": "estimator.mid_blocks.3.1.3.attn1.to_k.weight",
            "length": 524288,
            "offset": 101496128,
            "sha256": "eef7fa45ca328ecc48a0628b2e9ac0fe0f6070c85c9f2e1c77dcfe73e503cd0e",
            "shape": [
              512,
              256
            ],
            "state_name": "estimator.mid_blocks.3.1.3.attn1.to_k.weight"
          },
          {
            "dtype": "float32",
            "graph_name": "estimator.mid_blocks.3.1.3.attn1.to_v.weight",
            "length": 524288,
            "offset": 102020416,
            "sha256": "bb3531af48dd4eaf47422592e5dec934ca100bef95087fbb42dafe403e9bf678",
            "shape": [
              512,
              256
            ],
            "state_name": "estimator.mid_blocks.3.1.3.attn1.to_v.weight"
          },
          {
            "dtype": "float32",
            "graph_name": "estimator.mid_blocks.3.1.3.attn1.to_out.0.weight",
            "length": 524288,
            "offset": 102544704,
            "sha256": "f248737e889d442602f5ab5a9e2da1eed737369f774315a40648f60b21a25e98",
            "shape": [
              256,
              512
            ],
            "state_name": "estimator.mid_blocks.3.1.3.attn1.to_out.0.weight"
          },
          {
            "dtype": "float32",
            "graph_name": "estimator.mid_blocks.3.1.3.attn1.to_out.0.bias",
            "length": 1024,
            "offset": 103068992,
            "sha256": "8c0a5713a25db1de80728c73c554b58769bdb26a1b45ffc15fe6b9410a2274d4",
            "shape": [
              256
            ],
            "state_name": "estimator.mid_blocks.3.1.3.attn1.to_out.0.bias"
          },
          {
            "dtype": "float32",
            "graph_name": "estimator.mid_blocks.3.1.3.norm3.weight",
            "length": 1024,
            "offset": 103070016,
            "sha256": "a597a01e9b146dd91a865ca0b7850b17970327f74094cb9d69aeb6e39da9a582",
            "shape": [
              256
            ],
            "state_name": "estimator.mid_blocks.3.1.3.norm3.weight"
          },
          {
            "dtype": "float32",
            "graph_name": "estimator.mid_blocks.3.1.3.norm3.bias",
            "length": 1024,
            "offset": 103071040,
            "sha256": "7fb87334b1ec7bdb38f12f0f323a4462c0b488b2cf3867959edc670662b1fd1e",
            "shape": [
              256
            ],
            "state_name": "estimator.mid_blocks.3.1.3.norm3.bias"
          },
          {
            "dtype": "float32",
            "graph_name": "estimator.mid_blocks.3.1.3.ff.net.0.proj.weight",
            "length": 1048576,
            "offset": 103072064,
            "sha256": "92d7a7277bdb74ad07dd089d56eaaff698799c89aac0ac802a309364a1b7ae3c",
            "shape": [
              1024,
              256
            ],
            "state_name": "estimator.mid_blocks.3.1.3.ff.net.0.proj.weight"
          },
          {
            "dtype": "float32",
            "graph_name": "estimator.mid_blocks.3.1.3.ff.net.0.proj.bias",
            "length": 4096,
            "offset": 104120640,
            "sha256": "802950677849a800af110a74970fea075d4a606b016c016a9609c83f621eb7c4",
            "shape": [
              1024
            ],
            "state_name": "estimator.mid_blocks.3.1.3.ff.net.0.proj.bias"
          },
          {
            "dtype": "float32",
            "graph_name": "estimator.mid_blocks.3.1.3.ff.net.2.weight",
            "length": 1048576,
            "offset": 104124736,
            "sha256": "4fed6a8e091c744a82df8be413c3c922490e1ea17d5796c5ed258a3c249eaa06",
            "shape": [
              256,
              1024
            ],
            "state_name": "estimator.mid_blocks.3.1.3.ff.net.2.weight"
          },
          {
            "dtype": "float32",
            "graph_name": "estimator.mid_blocks.3.1.3.ff.net.2.bias",
            "length": 1024,
            "offset": 105173312,
            "sha256": "2d7882385a55b70ce787e33cbd5183e4fef9d8ad03538cc82fb6f73d07269078",
            "shape": [
              256
            ],
            "state_name": "estimator.mid_blocks.3.1.3.ff.net.2.bias"
          },
          {
            "dtype": "float32",
            "graph_name": "estimator.mid_blocks.4.0.mlp.1.weight",
            "length": 1048576,
            "offset": 105174336,
            "sha256": "5e05ea37310c68bc645008e4d6cac55cb2796f4c615adf0461b6825004543011",
            "shape": [
              256,
              1024
            ],
            "state_name": "estimator.mid_blocks.4.0.mlp.1.weight"
          },
          {
            "dtype": "float32",
            "graph_name": "estimator.mid_blocks.4.0.mlp.1.bias",
            "length": 1024,
            "offset": 106222912,
            "sha256": "c5254c7f65226a374ea043bb1a2155704328785859207ef8a8dcc3508e2cb613",
            "shape": [
              256
            ],
            "state_name": "estimator.mid_blocks.4.0.mlp.1.bias"
          },
          {
            "dtype": "float32",
            "graph_name": "estimator.mid_blocks.4.0.block1.block.0.weight",
            "length": 786432,
            "offset": 106223936,
            "sha256": "ef2fada895c792aba3057515d9d4bf8b31a9153ffaee4833e24d3c5b155fbeeb",
            "shape": [
              256,
              256,
              3
            ],
            "state_name": "estimator.mid_blocks.4.0.block1.block.0.weight"
          },
          {
            "dtype": "float32",
            "graph_name": "estimator.mid_blocks.4.0.block1.block.0.bias",
            "length": 1024,
            "offset": 107010368,
            "sha256": "da6ca3a83851c3e72a8e126f833177bfc15100f1cc05514af2b2d34239ff03ab",
            "shape": [
              256
            ],
            "state_name": "estimator.mid_blocks.4.0.block1.block.0.bias"
          },
          {
            "dtype": "float32",
            "graph_name": "estimator.mid_blocks.4.0.block1.block.2.weight",
            "length": 1024,
            "offset": 107011392,
            "sha256": "126031c995ddaf8c17ccc1ae898e89464b4dc36dbbc4d624cc09101f1c6887db",
            "shape": [
              256
            ],
            "state_name": "estimator.mid_blocks.4.0.block1.block.2.weight"
          },
          {
            "dtype": "float32",
            "graph_name": "estimator.mid_blocks.4.0.block1.block.2.bias",
            "length": 1024,
            "offset": 107012416,
            "sha256": "96a9ea716254707e33608edaaf7dfab3c3dcdd3bbbfa0d6cbaa3395dec4e7e8a",
            "shape": [
              256
            ],
            "state_name": "estimator.mid_blocks.4.0.block1.block.2.bias"
          },
          {
            "dtype": "float32",
            "graph_name": "estimator.mid_blocks.4.0.block2.block.0.weight",
            "length": 786432,
            "offset": 107013440,
            "sha256": "1e76765fae52db700e4465150eaaf52d874c60bfe0a150e4ed5eb891f21997bf",
            "shape": [
              256,
              256,
              3
            ],
            "state_name": "estimator.mid_blocks.4.0.block2.block.0.weight"
          },
          {
            "dtype": "float32",
            "graph_name": "estimator.mid_blocks.4.0.block2.block.0.bias",
            "length": 1024,
            "offset": 107799872,
            "sha256": "1938a2e31bb2f492916991b2fd4a92a937878e524d8810cb9578307987c30fab",
            "shape": [
              256
            ],
            "state_name": "estimator.mid_blocks.4.0.block2.block.0.bias"
          },
          {
            "dtype": "float32",
            "graph_name": "estimator.mid_blocks.4.0.block2.block.2.weight",
            "length": 1024,
            "offset": 107800896,
            "sha256": "fec0616e4bdbd905aadd9e26814556effa8ee6b518b951654287e38becab7963",
            "shape": [
              256
            ],
            "state_name": "estimator.mid_blocks.4.0.block2.block.2.weight"
          },
          {
            "dtype": "float32",
            "graph_name": "estimator.mid_blocks.4.0.block2.block.2.bias",
            "length": 1024,
            "offset": 107801920,
            "sha256": "c42bbe83f3800132c846b921583d49982a583880333ff7726a5e1c8cf259f810",
            "shape": [
              256
            ],
            "state_name": "estimator.mid_blocks.4.0.block2.block.2.bias"
          },
          {
            "dtype": "float32",
            "graph_name": "estimator.mid_blocks.4.0.res_conv.weight",
            "length": 262144,
            "offset": 107802944,
            "sha256": "351c61420f0a1442f0081eb50fbc39581df2d48da6e08f69051101d1b3cefcc3",
            "shape": [
              256,
              256,
              1
            ],
            "state_name": "estimator.mid_blocks.4.0.res_conv.weight"
          },
          {
            "dtype": "float32",
            "graph_name": "estimator.mid_blocks.4.0.res_conv.bias",
            "length": 1024,
            "offset": 108065088,
            "sha256": "926509d67fa165312d2940a46a4cb76fc2e0d0186e3f8d0b4e911476491bd73a",
            "shape": [
              256
            ],
            "state_name": "estimator.mid_blocks.4.0.res_conv.bias"
          },
          {
            "dtype": "float32",
            "graph_name": "estimator.mid_blocks.4.1.0.norm1.weight",
            "length": 1024,
            "offset": 108066112,
            "sha256": "a36da180be5f14b0f206711fc1dba4cb6a46a622a83a434a4effc6540dafa943",
            "shape": [
              256
            ],
            "state_name": "estimator.mid_blocks.4.1.0.norm1.weight"
          },
          {
            "dtype": "float32",
            "graph_name": "estimator.mid_blocks.4.1.0.norm1.bias",
            "length": 1024,
            "offset": 108067136,
            "sha256": "c38a31cef67a65d75d6f512ca1e29436b1874955ab4172381f023f92cd43c47e",
            "shape": [
              256
            ],
            "state_name": "estimator.mid_blocks.4.1.0.norm1.bias"
          },
          {
            "dtype": "float32",
            "graph_name": "estimator.mid_blocks.4.1.0.attn1.to_q.weight",
            "length": 524288,
            "offset": 108068160,
            "sha256": "805adc4435771349e3f7c9694be0c1980f6a10e507f144d747856cb6efb129f8",
            "shape": [
              512,
              256
            ],
            "state_name": "estimator.mid_blocks.4.1.0.attn1.to_q.weight"
          },
          {
            "dtype": "float32",
            "graph_name": "estimator.mid_blocks.4.1.0.attn1.to_k.weight",
            "length": 524288,
            "offset": 108592448,
            "sha256": "4b52d0616a5f349247b95b3d45e3c8c4009b23efb10436c63943bdb8d50f52f8",
            "shape": [
              512,
              256
            ],
            "state_name": "estimator.mid_blocks.4.1.0.attn1.to_k.weight"
          },
          {
            "dtype": "float32",
            "graph_name": "estimator.mid_blocks.4.1.0.attn1.to_v.weight",
            "length": 524288,
            "offset": 109116736,
            "sha256": "2275abb8df98a4aab8ccb8dc139cd3faf2896c63f83d605a5f55f94c29b1d146",
            "shape": [
              512,
              256
            ],
            "state_name": "estimator.mid_blocks.4.1.0.attn1.to_v.weight"
          },
          {
            "dtype": "float32",
            "graph_name": "estimator.mid_blocks.4.1.0.attn1.to_out.0.weight",
            "length": 524288,
            "offset": 109641024,
            "sha256": "2cb120af520d2866bc52e1162d30076337ed09d03a481ca1bf2c4c4028c1ed28",
            "shape": [
              256,
              512
            ],
            "state_name": "estimator.mid_blocks.4.1.0.attn1.to_out.0.weight"
          },
          {
            "dtype": "float32",
            "graph_name": "estimator.mid_blocks.4.1.0.attn1.to_out.0.bias",
            "length": 1024,
            "offset": 110165312,
            "sha256": "0b069f245eae233ab5eb87dcb4417c1a3fe5437ac7e1e2fe824e9f3a49eb3d1a",
            "shape": [
              256
            ],
            "state_name": "estimator.mid_blocks.4.1.0.attn1.to_out.0.bias"
          },
          {
            "dtype": "float32",
            "graph_name": "estimator.mid_blocks.4.1.0.norm3.weight",
            "length": 1024,
            "offset": 110166336,
            "sha256": "7f0f63898e96549d2fbe0ed16fc5a73345aec23b46c31236f5788c0387d9219f",
            "shape": [
              256
            ],
            "state_name": "estimator.mid_blocks.4.1.0.norm3.weight"
          },
          {
            "dtype": "float32",
            "graph_name": "estimator.mid_blocks.4.1.0.norm3.bias",
            "length": 1024,
            "offset": 110167360,
            "sha256": "f994829b79a5f06eeaa7add7cffe56a23e3ffdcf574e3685f12317f37ed9dbe9",
            "shape": [
              256
            ],
            "state_name": "estimator.mid_blocks.4.1.0.norm3.bias"
          },
          {
            "dtype": "float32",
            "graph_name": "estimator.mid_blocks.4.1.0.ff.net.0.proj.weight",
            "length": 1048576,
            "offset": 110168384,
            "sha256": "7f1da66eca5dc349ce8d8de6fb824abea78f1fa854b8a8a9b2c8b57cde47f936",
            "shape": [
              1024,
              256
            ],
            "state_name": "estimator.mid_blocks.4.1.0.ff.net.0.proj.weight"
          },
          {
            "dtype": "float32",
            "graph_name": "estimator.mid_blocks.4.1.0.ff.net.0.proj.bias",
            "length": 4096,
            "offset": 111216960,
            "sha256": "9b2d933a1e5d7113483d47b224cc6c4d911191ed042c180dc9fa93025480f0b8",
            "shape": [
              1024
            ],
            "state_name": "estimator.mid_blocks.4.1.0.ff.net.0.proj.bias"
          },
          {
            "dtype": "float32",
            "graph_name": "estimator.mid_blocks.4.1.0.ff.net.2.weight",
            "length": 1048576,
            "offset": 111221056,
            "sha256": "a7f0af5ee0b625298628e9e5609379dbb0d5d451399ac8adb0812a94c39b7d1a",
            "shape": [
              256,
              1024
            ],
            "state_name": "estimator.mid_blocks.4.1.0.ff.net.2.weight"
          },
          {
            "dtype": "float32",
            "graph_name": "estimator.mid_blocks.4.1.0.ff.net.2.bias",
            "length": 1024,
            "offset": 112269632,
            "sha256": "f727c2bafc79dd42e0a5cda7f45e9fba9f379e71cfa41093d99958a8fd1b4ab0",
            "shape": [
              256
            ],
            "state_name": "estimator.mid_blocks.4.1.0.ff.net.2.bias"
          },
          {
            "dtype": "float32",
            "graph_name": "estimator.mid_blocks.4.1.1.norm1.weight",
            "length": 1024,
            "offset": 112270656,
            "sha256": "807f9db012274ab6c579b4610093b83a512551abca2d26418fb3e2bba5fce1d5",
            "shape": [
              256
            ],
            "state_name": "estimator.mid_blocks.4.1.1.norm1.weight"
          },
          {
            "dtype": "float32",
            "graph_name": "estimator.mid_blocks.4.1.1.norm1.bias",
            "length": 1024,
            "offset": 112271680,
            "sha256": "59ff1a2baa8db3c12ea54542cebdf9db866611e866f26e70e85e3fcc46f840af",
            "shape": [
              256
            ],
            "state_name": "estimator.mid_blocks.4.1.1.norm1.bias"
          },
          {
            "dtype": "float32",
            "graph_name": "estimator.mid_blocks.4.1.1.attn1.to_q.weight",
            "length": 524288,
            "offset": 112272704,
            "sha256": "ce9923c11f7d24452cdebb78c766474016cbeaced73042400aecc3692a983a22",
            "shape": [
              512,
              256
            ],
            "state_name": "estimator.mid_blocks.4.1.1.attn1.to_q.weight"
          },
          {
            "dtype": "float32",
            "graph_name": "estimator.mid_blocks.4.1.1.attn1.to_k.weight",
            "length": 524288,
            "offset": 112796992,
            "sha256": "c80e907b99bada379d5d716e659c4c77b03859911724663f709dd379a1442845",
            "shape": [
              512,
              256
            ],
            "state_name": "estimator.mid_blocks.4.1.1.attn1.to_k.weight"
          },
          {
            "dtype": "float32",
            "graph_name": "estimator.mid_blocks.4.1.1.attn1.to_v.weight",
            "length": 524288,
            "offset": 113321280,
            "sha256": "0c3484320b8465e7bb8c6bf790bea647c1642d24298fe86160f89ff9d29d0bb3",
            "shape": [
              512,
              256
            ],
            "state_name": "estimator.mid_blocks.4.1.1.attn1.to_v.weight"
          },
          {
            "dtype": "float32",
            "graph_name": "estimator.mid_blocks.4.1.1.attn1.to_out.0.weight",
            "length": 524288,
            "offset": 113845568,
            "sha256": "8edf8808c4daf1ee140e7f76a891209be45cf4a51eca748edbab0f4daefbd5bf",
            "shape": [
              256,
              512
            ],
            "state_name": "estimator.mid_blocks.4.1.1.attn1.to_out.0.weight"
          },
          {
            "dtype": "float32",
            "graph_name": "estimator.mid_blocks.4.1.1.attn1.to_out.0.bias",
            "length": 1024,
            "offset": 114369856,
            "sha256": "41e37360ecc20272ca2e86648af2766ee17e36bfeba945009d02b06b24896bc8",
            "shape": [
              256
            ],
            "state_name": "estimator.mid_blocks.4.1.1.attn1.to_out.0.bias"
          },
          {
            "dtype": "float32",
            "graph_name": "estimator.mid_blocks.4.1.1.norm3.weight",
            "length": 1024,
            "offset": 114370880,
            "sha256": "2f959743c367b48b9efbc1902cef7b60b8c2ac3e3005744388077b37e8d99a3b",
            "shape": [
              256
            ],
            "state_name": "estimator.mid_blocks.4.1.1.norm3.weight"
          },
          {
            "dtype": "float32",
            "graph_name": "estimator.mid_blocks.4.1.1.norm3.bias",
            "length": 1024,
            "offset": 114371904,
            "sha256": "c5509b601f04bd0b830d55529f6cd58af50b5fccd1ebc4383f47984a31d2b325",
            "shape": [
              256
            ],
            "state_name": "estimator.mid_blocks.4.1.1.norm3.bias"
          },
          {
            "dtype": "float32",
            "graph_name": "estimator.mid_blocks.4.1.1.ff.net.0.proj.weight",
            "length": 1048576,
            "offset": 114372928,
            "sha256": "c68b6b14fc55571d3703bc4f345bda4e9617865ae4d2ea7287e97290c09f1e45",
            "shape": [
              1024,
              256
            ],
            "state_name": "estimator.mid_blocks.4.1.1.ff.net.0.proj.weight"
          },
          {
            "dtype": "float32",
            "graph_name": "estimator.mid_blocks.4.1.1.ff.net.0.proj.bias",
            "length": 4096,
            "offset": 115421504,
            "sha256": "45251c962a76bc370396509becb295c48436d893294f74385d520e4a65fd1b6b",
            "shape": [
              1024
            ],
            "state_name": "estimator.mid_blocks.4.1.1.ff.net.0.proj.bias"
          },
          {
            "dtype": "float32",
            "graph_name": "estimator.mid_blocks.4.1.1.ff.net.2.weight",
            "length": 1048576,
            "offset": 115425600,
            "sha256": "2f588c673bad712bdbd15b0a3721e3f869566e2e72c7ae042de4c7a13d0f35e8",
            "shape": [
              256,
              1024
            ],
            "state_name": "estimator.mid_blocks.4.1.1.ff.net.2.weight"
          },
          {
            "dtype": "float32",
            "graph_name": "estimator.mid_blocks.4.1.1.ff.net.2.bias",
            "length": 1024,
            "offset": 116474176,
            "sha256": "dc0caab8fa5c86085d8249cd37cbea5b507a2fa6026fc5361d26c6ae6dbb7f2f",
            "shape": [
              256
            ],
            "state_name": "estimator.mid_blocks.4.1.1.ff.net.2.bias"
          },
          {
            "dtype": "float32",
            "graph_name": "estimator.mid_blocks.4.1.2.norm1.weight",
            "length": 1024,
            "offset": 116475200,
            "sha256": "6137a0873f4487b48a6dab80aabe1a5bd6cf8a0fc9fc590aba611a165f7754e1",
            "shape": [
              256
            ],
            "state_name": "estimator.mid_blocks.4.1.2.norm1.weight"
          },
          {
            "dtype": "float32",
            "graph_name": "estimator.mid_blocks.4.1.2.norm1.bias",
            "length": 1024,
            "offset": 116476224,
            "sha256": "7db5d07ad4c33640ef37259c0d6e4e4833cc29838530c06585bc146e043c5a39",
            "shape": [
              256
            ],
            "state_name": "estimator.mid_blocks.4.1.2.norm1.bias"
          },
          {
            "dtype": "float32",
            "graph_name": "estimator.mid_blocks.4.1.2.attn1.to_q.weight",
            "length": 524288,
            "offset": 116477248,
            "sha256": "d5bf57b46703d4c63545479b6fd9a458586d610530bcbedcaa178e3dc30575f8",
            "shape": [
              512,
              256
            ],
            "state_name": "estimator.mid_blocks.4.1.2.attn1.to_q.weight"
          },
          {
            "dtype": "float32",
            "graph_name": "estimator.mid_blocks.4.1.2.attn1.to_k.weight",
            "length": 524288,
            "offset": 117001536,
            "sha256": "40d3c877b725b64b5ce905054c00c96ff1a24b7ba0aaa53ebd4ad1629fe13572",
            "shape": [
              512,
              256
            ],
            "state_name": "estimator.mid_blocks.4.1.2.attn1.to_k.weight"
          },
          {
            "dtype": "float32",
            "graph_name": "estimator.mid_blocks.4.1.2.attn1.to_v.weight",
            "length": 524288,
            "offset": 117525824,
            "sha256": "38b471c7243443f1f4fd2f49c9be48d3d0cd60a6cc55bb9f8c60c068e56700a8",
            "shape": [
              512,
              256
            ],
            "state_name": "estimator.mid_blocks.4.1.2.attn1.to_v.weight"
          },
          {
            "dtype": "float32",
            "graph_name": "estimator.mid_blocks.4.1.2.attn1.to_out.0.weight",
            "length": 524288,
            "offset": 118050112,
            "sha256": "5085e21d1abd408170323741fb2f587d9a8626a32c086492159236f43ff270e3",
            "shape": [
              256,
              512
            ],
            "state_name": "estimator.mid_blocks.4.1.2.attn1.to_out.0.weight"
          },
          {
            "dtype": "float32",
            "graph_name": "estimator.mid_blocks.4.1.2.attn1.to_out.0.bias",
            "length": 1024,
            "offset": 118574400,
            "sha256": "94ff2b5d1ae8299079c15597e872c58f8d2203e8275abecd0aeca8e87b700293",
            "shape": [
              256
            ],
            "state_name": "estimator.mid_blocks.4.1.2.attn1.to_out.0.bias"
          },
          {
            "dtype": "float32",
            "graph_name": "estimator.mid_blocks.4.1.2.norm3.weight",
            "length": 1024,
            "offset": 118575424,
            "sha256": "40dd264681d30e0b7e61dcc3abc66e5153c2a810b40be015bf1f786e06d95fe9",
            "shape": [
              256
            ],
            "state_name": "estimator.mid_blocks.4.1.2.norm3.weight"
          },
          {
            "dtype": "float32",
            "graph_name": "estimator.mid_blocks.4.1.2.norm3.bias",
            "length": 1024,
            "offset": 118576448,
            "sha256": "46c346de82cd9cb15da2d04da968197c08a3d1771751704b1e4fa1e7311e1ad5",
            "shape": [
              256
            ],
            "state_name": "estimator.mid_blocks.4.1.2.norm3.bias"
          },
          {
            "dtype": "float32",
            "graph_name": "estimator.mid_blocks.4.1.2.ff.net.0.proj.weight",
            "length": 1048576,
            "offset": 118577472,
            "sha256": "d83714a20b03035369c742199fe07b19207ad8be59625e0d7df63ae389ab0081",
            "shape": [
              1024,
              256
            ],
            "state_name": "estimator.mid_blocks.4.1.2.ff.net.0.proj.weight"
          },
          {
            "dtype": "float32",
            "graph_name": "estimator.mid_blocks.4.1.2.ff.net.0.proj.bias",
            "length": 4096,
            "offset": 119626048,
            "sha256": "92048bc372d42a70330bb8d770b70712aa8c9309e0ddb2bb84e136541ec6e473",
            "shape": [
              1024
            ],
            "state_name": "estimator.mid_blocks.4.1.2.ff.net.0.proj.bias"
          },
          {
            "dtype": "float32",
            "graph_name": "estimator.mid_blocks.4.1.2.ff.net.2.weight",
            "length": 1048576,
            "offset": 119630144,
            "sha256": "7f028f8ae6e672a35c84281d7880514adcead8b1b5b03ba039db539c45ff7329",
            "shape": [
              256,
              1024
            ],
            "state_name": "estimator.mid_blocks.4.1.2.ff.net.2.weight"
          },
          {
            "dtype": "float32",
            "graph_name": "estimator.mid_blocks.4.1.2.ff.net.2.bias",
            "length": 1024,
            "offset": 120678720,
            "sha256": "b9ee79f7cce405606500aea5adc280e8333b805f55778ef6b0169f7b3471141f",
            "shape": [
              256
            ],
            "state_name": "estimator.mid_blocks.4.1.2.ff.net.2.bias"
          },
          {
            "dtype": "float32",
            "graph_name": "estimator.mid_blocks.4.1.3.norm1.weight",
            "length": 1024,
            "offset": 120679744,
            "sha256": "936c96725d8c0e157fecaeb8db71e831ccc947bd9944a757532030f9da1801a4",
            "shape": [
              256
            ],
            "state_name": "estimator.mid_blocks.4.1.3.norm1.weight"
          },
          {
            "dtype": "float32",
            "graph_name": "estimator.mid_blocks.4.1.3.norm1.bias",
            "length": 1024,
            "offset": 120680768,
            "sha256": "bf070b1c6aa0c36bc262daa602df13327033766df6748cd90d12b00cb410257d",
            "shape": [
              256
            ],
            "state_name": "estimator.mid_blocks.4.1.3.norm1.bias"
          },
          {
            "dtype": "float32",
            "graph_name": "estimator.mid_blocks.4.1.3.attn1.to_q.weight",
            "length": 524288,
            "offset": 120681792,
            "sha256": "fc79841bd3d99b69e8920c3a2cea54cd389a682d34393af2770fe63a95f3d3dc",
            "shape": [
              512,
              256
            ],
            "state_name": "estimator.mid_blocks.4.1.3.attn1.to_q.weight"
          },
          {
            "dtype": "float32",
            "graph_name": "estimator.mid_blocks.4.1.3.attn1.to_k.weight",
            "length": 524288,
            "offset": 121206080,
            "sha256": "8aea41e1c4eb2c4d33a52e16094b16eda831d6067e7301345c1d9f5eb4ed2869",
            "shape": [
              512,
              256
            ],
            "state_name": "estimator.mid_blocks.4.1.3.attn1.to_k.weight"
          },
          {
            "dtype": "float32",
            "graph_name": "estimator.mid_blocks.4.1.3.attn1.to_v.weight",
            "length": 524288,
            "offset": 121730368,
            "sha256": "fc2093df3e0a2f7315879935e28a12e16c8626389351ff0195e887e2ee6c8e4a",
            "shape": [
              512,
              256
            ],
            "state_name": "estimator.mid_blocks.4.1.3.attn1.to_v.weight"
          },
          {
            "dtype": "float32",
            "graph_name": "estimator.mid_blocks.4.1.3.attn1.to_out.0.weight",
            "length": 524288,
            "offset": 122254656,
            "sha256": "d7382445a89a236b7ca6cf5869a0c9c93a629975e26b3c827aba5cb3c7007189",
            "shape": [
              256,
              512
            ],
            "state_name": "estimator.mid_blocks.4.1.3.attn1.to_out.0.weight"
          },
          {
            "dtype": "float32",
            "graph_name": "estimator.mid_blocks.4.1.3.attn1.to_out.0.bias",
            "length": 1024,
            "offset": 122778944,
            "sha256": "9377a5e1279fb7617aaf84f4693c74beb3af55620925b6b713e7c025096b6448",
            "shape": [
              256
            ],
            "state_name": "estimator.mid_blocks.4.1.3.attn1.to_out.0.bias"
          },
          {
            "dtype": "float32",
            "graph_name": "estimator.mid_blocks.4.1.3.norm3.weight",
            "length": 1024,
            "offset": 122779968,
            "sha256": "709577e2e6a851bb346d5a7d284217366e647466937e3e38e0c1b2c9b6668b32",
            "shape": [
              256
            ],
            "state_name": "estimator.mid_blocks.4.1.3.norm3.weight"
          },
          {
            "dtype": "float32",
            "graph_name": "estimator.mid_blocks.4.1.3.norm3.bias",
            "length": 1024,
            "offset": 122780992,
            "sha256": "2ce7ccc521f4b6fc5f84deb88aab640ef4bccd3ff6c65b53a1b1068b74aaf69c",
            "shape": [
              256
            ],
            "state_name": "estimator.mid_blocks.4.1.3.norm3.bias"
          },
          {
            "dtype": "float32",
            "graph_name": "estimator.mid_blocks.4.1.3.ff.net.0.proj.weight",
            "length": 1048576,
            "offset": 122782016,
            "sha256": "21c0d784448dd05d0c6651d990366fff86ac14129915e513207d98955cf0bf99",
            "shape": [
              1024,
              256
            ],
            "state_name": "estimator.mid_blocks.4.1.3.ff.net.0.proj.weight"
          },
          {
            "dtype": "float32",
            "graph_name": "estimator.mid_blocks.4.1.3.ff.net.0.proj.bias",
            "length": 4096,
            "offset": 123830592,
            "sha256": "ae28a778dff6efe15790faa572535cf277a0e13a39bdf4c54c1ebb8007b542ba",
            "shape": [
              1024
            ],
            "state_name": "estimator.mid_blocks.4.1.3.ff.net.0.proj.bias"
          },
          {
            "dtype": "float32",
            "graph_name": "estimator.mid_blocks.4.1.3.ff.net.2.weight",
            "length": 1048576,
            "offset": 123834688,
            "sha256": "752baabd84b44b2c2b1c567bef0239a691927a19b824ad19019549f414b534a2",
            "shape": [
              256,
              1024
            ],
            "state_name": "estimator.mid_blocks.4.1.3.ff.net.2.weight"
          },
          {
            "dtype": "float32",
            "graph_name": "estimator.mid_blocks.4.1.3.ff.net.2.bias",
            "length": 1024,
            "offset": 124883264,
            "sha256": "1937b7599d605cecb1b4520c84d86c1f9486e513b08277c0606b530dcf5276a5",
            "shape": [
              256
            ],
            "state_name": "estimator.mid_blocks.4.1.3.ff.net.2.bias"
          },
          {
            "dtype": "float32",
            "graph_name": "estimator.mid_blocks.5.0.mlp.1.weight",
            "length": 1048576,
            "offset": 124884288,
            "sha256": "c831cd8adb6010c45b0f2bb0ba0f430d34725c9147412b72eb700de78c7cdb07",
            "shape": [
              256,
              1024
            ],
            "state_name": "estimator.mid_blocks.5.0.mlp.1.weight"
          },
          {
            "dtype": "float32",
            "graph_name": "estimator.mid_blocks.5.0.mlp.1.bias",
            "length": 1024,
            "offset": 125932864,
            "sha256": "6167631030baeec399ad37bd5577a045438b82e6e44cce088e9849d3a9a5dbe1",
            "shape": [
              256
            ],
            "state_name": "estimator.mid_blocks.5.0.mlp.1.bias"
          },
          {
            "dtype": "float32",
            "graph_name": "estimator.mid_blocks.5.0.block1.block.0.weight",
            "length": 786432,
            "offset": 125933888,
            "sha256": "e5960d4124f9c2911aa37e8c84aa093ee460450ce15a29b8d81def5262ea6dea",
            "shape": [
              256,
              256,
              3
            ],
            "state_name": "estimator.mid_blocks.5.0.block1.block.0.weight"
          },
          {
            "dtype": "float32",
            "graph_name": "estimator.mid_blocks.5.0.block1.block.0.bias",
            "length": 1024,
            "offset": 126720320,
            "sha256": "b5e9196b01ec836180df3ec4cdc30044524130d620ee5acb4881b3867fa84aba",
            "shape": [
              256
            ],
            "state_name": "estimator.mid_blocks.5.0.block1.block.0.bias"
          },
          {
            "dtype": "float32",
            "graph_name": "estimator.mid_blocks.5.0.block1.block.2.weight",
            "length": 1024,
            "offset": 126721344,
            "sha256": "2c2a2c10661a8528ea39a9136b3536a5853812eed4b6ec1003e484434e390439",
            "shape": [
              256
            ],
            "state_name": "estimator.mid_blocks.5.0.block1.block.2.weight"
          },
          {
            "dtype": "float32",
            "graph_name": "estimator.mid_blocks.5.0.block1.block.2.bias",
            "length": 1024,
            "offset": 126722368,
            "sha256": "03f84d26e6050c7061a1956fd57f2554d4ae9a4613742e22fdc69d565578403f",
            "shape": [
              256
            ],
            "state_name": "estimator.mid_blocks.5.0.block1.block.2.bias"
          },
          {
            "dtype": "float32",
            "graph_name": "estimator.mid_blocks.5.0.block2.block.0.weight",
            "length": 786432,
            "offset": 126723392,
            "sha256": "b4df9ccd584ae565a67f4d6ac4b2921117162fed6c6dd7d50d43fa5500ea34bd",
            "shape": [
              256,
              256,
              3
            ],
            "state_name": "estimator.mid_blocks.5.0.block2.block.0.weight"
          },
          {
            "dtype": "float32",
            "graph_name": "estimator.mid_blocks.5.0.block2.block.0.bias",
            "length": 1024,
            "offset": 127509824,
            "sha256": "b203876d4f147d68688f2d9c5156bc3b3fc0e42b4c4335337305954d4936ea1b",
            "shape": [
              256
            ],
            "state_name": "estimator.mid_blocks.5.0.block2.block.0.bias"
          },
          {
            "dtype": "float32",
            "graph_name": "estimator.mid_blocks.5.0.block2.block.2.weight",
            "length": 1024,
            "offset": 127510848,
            "sha256": "d60b1fd143deaa8dc93cfb88f70db8c36462988d17527c3020dd93ebd413127a",
            "shape": [
              256
            ],
            "state_name": "estimator.mid_blocks.5.0.block2.block.2.weight"
          },
          {
            "dtype": "float32",
            "graph_name": "estimator.mid_blocks.5.0.block2.block.2.bias",
            "length": 1024,
            "offset": 127511872,
            "sha256": "b95caa2417dd4a54d9c12dd7f60a1c2f3232c1bc185b20aef5ea4a05e103e4d2",
            "shape": [
              256
            ],
            "state_name": "estimator.mid_blocks.5.0.block2.block.2.bias"
          },
          {
            "dtype": "float32",
            "graph_name": "estimator.mid_blocks.5.0.res_conv.weight",
            "length": 262144,
            "offset": 127512896,
            "sha256": "09aaf982b39e9beaf95ae77cffad19e8d1f815b4e586c1132056bb3755a943de",
            "shape": [
              256,
              256,
              1
            ],
            "state_name": "estimator.mid_blocks.5.0.res_conv.weight"
          },
          {
            "dtype": "float32",
            "graph_name": "estimator.mid_blocks.5.0.res_conv.bias",
            "length": 1024,
            "offset": 127775040,
            "sha256": "b2dbbe0e7298bd67c2d903db9a8ebedc23ddc1fb84cde0d21f88bfb47d3dcd4b",
            "shape": [
              256
            ],
            "state_name": "estimator.mid_blocks.5.0.res_conv.bias"
          },
          {
            "dtype": "float32",
            "graph_name": "estimator.mid_blocks.5.1.0.norm1.weight",
            "length": 1024,
            "offset": 127776064,
            "sha256": "2d91098672e2caa14ed62b8aa5a75e56baacbd2f9575e74fc7a1cdd1654e6ef4",
            "shape": [
              256
            ],
            "state_name": "estimator.mid_blocks.5.1.0.norm1.weight"
          },
          {
            "dtype": "float32",
            "graph_name": "estimator.mid_blocks.5.1.0.norm1.bias",
            "length": 1024,
            "offset": 127777088,
            "sha256": "425dc8ca9a6660a25e245ba901c2b7c5d902af88c03a2170433c4d6a729aa39d",
            "shape": [
              256
            ],
            "state_name": "estimator.mid_blocks.5.1.0.norm1.bias"
          },
          {
            "dtype": "float32",
            "graph_name": "estimator.mid_blocks.5.1.0.attn1.to_q.weight",
            "length": 524288,
            "offset": 127778112,
            "sha256": "7b203c739e062f6d4dc7b9b1b9d92a4964feceb079dab28e8f0cc77c202f548f",
            "shape": [
              512,
              256
            ],
            "state_name": "estimator.mid_blocks.5.1.0.attn1.to_q.weight"
          },
          {
            "dtype": "float32",
            "graph_name": "estimator.mid_blocks.5.1.0.attn1.to_k.weight",
            "length": 524288,
            "offset": 128302400,
            "sha256": "74c7c06e13a307c17ca98fb37c2a77d047e265e79a1767575b51836b13d2c4f7",
            "shape": [
              512,
              256
            ],
            "state_name": "estimator.mid_blocks.5.1.0.attn1.to_k.weight"
          },
          {
            "dtype": "float32",
            "graph_name": "estimator.mid_blocks.5.1.0.attn1.to_v.weight",
            "length": 524288,
            "offset": 128826688,
            "sha256": "ece0cbc46087076aa5d8d1dd70f78459070268ac4e1fb911054b0be88f957be2",
            "shape": [
              512,
              256
            ],
            "state_name": "estimator.mid_blocks.5.1.0.attn1.to_v.weight"
          },
          {
            "dtype": "float32",
            "graph_name": "estimator.mid_blocks.5.1.0.attn1.to_out.0.weight",
            "length": 524288,
            "offset": 129350976,
            "sha256": "b8a5b077d8a2c1ce5ce0b902cb3ce57465f59d20a4180d6f26f4e72f0ebabe91",
            "shape": [
              256,
              512
            ],
            "state_name": "estimator.mid_blocks.5.1.0.attn1.to_out.0.weight"
          },
          {
            "dtype": "float32",
            "graph_name": "estimator.mid_blocks.5.1.0.attn1.to_out.0.bias",
            "length": 1024,
            "offset": 129875264,
            "sha256": "e348d04778416f9fa3fb87ba6362665dd1c1bf7f32ba2c08d4c9aeffc97ad96f",
            "shape": [
              256
            ],
            "state_name": "estimator.mid_blocks.5.1.0.attn1.to_out.0.bias"
          },
          {
            "dtype": "float32",
            "graph_name": "estimator.mid_blocks.5.1.0.norm3.weight",
            "length": 1024,
            "offset": 129876288,
            "sha256": "48224c1b1209c246bd3f5fb16b9a97c4a151cf137ff9e2e947cdd22f31082649",
            "shape": [
              256
            ],
            "state_name": "estimator.mid_blocks.5.1.0.norm3.weight"
          },
          {
            "dtype": "float32",
            "graph_name": "estimator.mid_blocks.5.1.0.norm3.bias",
            "length": 1024,
            "offset": 129877312,
            "sha256": "b21c2658f5b3ba29cdbd222bfd565e4ca6b443754ecf68f99ae8aad18ff6f70d",
            "shape": [
              256
            ],
            "state_name": "estimator.mid_blocks.5.1.0.norm3.bias"
          },
          {
            "dtype": "float32",
            "graph_name": "estimator.mid_blocks.5.1.0.ff.net.0.proj.weight",
            "length": 1048576,
            "offset": 129878336,
            "sha256": "32640e62c582eb7d4f65c77fe11448b343b20c3e012e5ebaf833f9e1ae6f80f7",
            "shape": [
              1024,
              256
            ],
            "state_name": "estimator.mid_blocks.5.1.0.ff.net.0.proj.weight"
          },
          {
            "dtype": "float32",
            "graph_name": "estimator.mid_blocks.5.1.0.ff.net.0.proj.bias",
            "length": 4096,
            "offset": 130926912,
            "sha256": "dee7222f1a239d70f93bd4646caab2c220520c8f0d9c5ab7610a6ca094a77310",
            "shape": [
              1024
            ],
            "state_name": "estimator.mid_blocks.5.1.0.ff.net.0.proj.bias"
          },
          {
            "dtype": "float32",
            "graph_name": "estimator.mid_blocks.5.1.0.ff.net.2.weight",
            "length": 1048576,
            "offset": 130931008,
            "sha256": "698175488c8c21d706ab7e85a64829f59d3feedd7556c760c656ce2f4a2e255c",
            "shape": [
              256,
              1024
            ],
            "state_name": "estimator.mid_blocks.5.1.0.ff.net.2.weight"
          },
          {
            "dtype": "float32",
            "graph_name": "estimator.mid_blocks.5.1.0.ff.net.2.bias",
            "length": 1024,
            "offset": 131979584,
            "sha256": "d5d9621c1f1583811fa501872698db5843cddd39d91e4c03b103742c90575c33",
            "shape": [
              256
            ],
            "state_name": "estimator.mid_blocks.5.1.0.ff.net.2.bias"
          },
          {
            "dtype": "float32",
            "graph_name": "estimator.mid_blocks.5.1.1.norm1.weight",
            "length": 1024,
            "offset": 131980608,
            "sha256": "f430d7b5ce544b0aacb2f2933462a0eaa241f8eb7c602f8d01e365a21e9b2692",
            "shape": [
              256
            ],
            "state_name": "estimator.mid_blocks.5.1.1.norm1.weight"
          },
          {
            "dtype": "float32",
            "graph_name": "estimator.mid_blocks.5.1.1.norm1.bias",
            "length": 1024,
            "offset": 131981632,
            "sha256": "68fa4c36193559669e156fd49b900faa78d22b304e68898e05dcec790549e612",
            "shape": [
              256
            ],
            "state_name": "estimator.mid_blocks.5.1.1.norm1.bias"
          },
          {
            "dtype": "float32",
            "graph_name": "estimator.mid_blocks.5.1.1.attn1.to_q.weight",
            "length": 524288,
            "offset": 131982656,
            "sha256": "cb5aa7853ef30f564312904dd65584e7c1939d57894e8b42838713ff8837855c",
            "shape": [
              512,
              256
            ],
            "state_name": "estimator.mid_blocks.5.1.1.attn1.to_q.weight"
          },
          {
            "dtype": "float32",
            "graph_name": "estimator.mid_blocks.5.1.1.attn1.to_k.weight",
            "length": 524288,
            "offset": 132506944,
            "sha256": "207a0c1f84f0673a2e99657b37eeb2f8ef31595260b7a2a889db6bcd694b8285",
            "shape": [
              512,
              256
            ],
            "state_name": "estimator.mid_blocks.5.1.1.attn1.to_k.weight"
          },
          {
            "dtype": "float32",
            "graph_name": "estimator.mid_blocks.5.1.1.attn1.to_v.weight",
            "length": 524288,
            "offset": 133031232,
            "sha256": "c64e9ba72f3fbcab07af560d88f261cf1136f340e5fe3dbfcd6fd841ee4db369",
            "shape": [
              512,
              256
            ],
            "state_name": "estimator.mid_blocks.5.1.1.attn1.to_v.weight"
          },
          {
            "dtype": "float32",
            "graph_name": "estimator.mid_blocks.5.1.1.attn1.to_out.0.weight",
            "length": 524288,
            "offset": 133555520,
            "sha256": "8400365b451b1b20efc62ddda9155b9451c219e7b14899d7d7acb91ddb808914",
            "shape": [
              256,
              512
            ],
            "state_name": "estimator.mid_blocks.5.1.1.attn1.to_out.0.weight"
          },
          {
            "dtype": "float32",
            "graph_name": "estimator.mid_blocks.5.1.1.attn1.to_out.0.bias",
            "length": 1024,
            "offset": 134079808,
            "sha256": "58f9948d809dc0dd51bfe0653cf6877eac8c3f8d6206d60d9e57f814d1f4bec0",
            "shape": [
              256
            ],
            "state_name": "estimator.mid_blocks.5.1.1.attn1.to_out.0.bias"
          },
          {
            "dtype": "float32",
            "graph_name": "estimator.mid_blocks.5.1.1.norm3.weight",
            "length": 1024,
            "offset": 134080832,
            "sha256": "5cd283b5ebcdf192f0aaca4d5d0941dd72f64c28e8c54c3523ebb4ca452ee570",
            "shape": [
              256
            ],
            "state_name": "estimator.mid_blocks.5.1.1.norm3.weight"
          },
          {
            "dtype": "float32",
            "graph_name": "estimator.mid_blocks.5.1.1.norm3.bias",
            "length": 1024,
            "offset": 134081856,
            "sha256": "f4d80cb2a933968e32df439198d3062cade65b03170f82b782973f99ca360821",
            "shape": [
              256
            ],
            "state_name": "estimator.mid_blocks.5.1.1.norm3.bias"
          },
          {
            "dtype": "float32",
            "graph_name": "estimator.mid_blocks.5.1.1.ff.net.0.proj.weight",
            "length": 1048576,
            "offset": 134082880,
            "sha256": "9118ca5ad24b0ae6187293329dc05f04ac6d79b8cc72c6df49a4fbebdf6a66fe",
            "shape": [
              1024,
              256
            ],
            "state_name": "estimator.mid_blocks.5.1.1.ff.net.0.proj.weight"
          },
          {
            "dtype": "float32",
            "graph_name": "estimator.mid_blocks.5.1.1.ff.net.0.proj.bias",
            "length": 4096,
            "offset": 135131456,
            "sha256": "d11e1671a9d38cf147a2303292154ac8476699dd08d1418ca71e1b6253ded597",
            "shape": [
              1024
            ],
            "state_name": "estimator.mid_blocks.5.1.1.ff.net.0.proj.bias"
          },
          {
            "dtype": "float32",
            "graph_name": "estimator.mid_blocks.5.1.1.ff.net.2.weight",
            "length": 1048576,
            "offset": 135135552,
            "sha256": "02c7ba9dd2cc2b02dcbd541c62265003b322378df29a9fddb2b0a78cd24adf56",
            "shape": [
              256,
              1024
            ],
            "state_name": "estimator.mid_blocks.5.1.1.ff.net.2.weight"
          },
          {
            "dtype": "float32",
            "graph_name": "estimator.mid_blocks.5.1.1.ff.net.2.bias",
            "length": 1024,
            "offset": 136184128,
            "sha256": "8e8cc381a136504cffa7088831828e8a349575704411551f1914857edf7e6670",
            "shape": [
              256
            ],
            "state_name": "estimator.mid_blocks.5.1.1.ff.net.2.bias"
          },
          {
            "dtype": "float32",
            "graph_name": "estimator.mid_blocks.5.1.2.norm1.weight",
            "length": 1024,
            "offset": 136185152,
            "sha256": "13136c9387e87dc3771243cdd32bdb1c08146e9e6866f107656598d2fbc2996f",
            "shape": [
              256
            ],
            "state_name": "estimator.mid_blocks.5.1.2.norm1.weight"
          },
          {
            "dtype": "float32",
            "graph_name": "estimator.mid_blocks.5.1.2.norm1.bias",
            "length": 1024,
            "offset": 136186176,
            "sha256": "53a376bf84a58f8f6aedee6c3cf19f69d46a8b31113b3f89df71e97afac0f001",
            "shape": [
              256
            ],
            "state_name": "estimator.mid_blocks.5.1.2.norm1.bias"
          },
          {
            "dtype": "float32",
            "graph_name": "estimator.mid_blocks.5.1.2.attn1.to_q.weight",
            "length": 524288,
            "offset": 136187200,
            "sha256": "9271c1363698a3e99bf2db0f958cd5099ee351d3e18b00e52067edc4d449ce2b",
            "shape": [
              512,
              256
            ],
            "state_name": "estimator.mid_blocks.5.1.2.attn1.to_q.weight"
          },
          {
            "dtype": "float32",
            "graph_name": "estimator.mid_blocks.5.1.2.attn1.to_k.weight",
            "length": 524288,
            "offset": 136711488,
            "sha256": "910d7d418635d5712e396006b88e28f88cbb6779baad4a28e9f85755418cf9fe",
            "shape": [
              512,
              256
            ],
            "state_name": "estimator.mid_blocks.5.1.2.attn1.to_k.weight"
          },
          {
            "dtype": "float32",
            "graph_name": "estimator.mid_blocks.5.1.2.attn1.to_v.weight",
            "length": 524288,
            "offset": 137235776,
            "sha256": "f9562b33c9c734a5c0bb3504a02422d9f7d770cff1ce48a0ed90250774352cf8",
            "shape": [
              512,
              256
            ],
            "state_name": "estimator.mid_blocks.5.1.2.attn1.to_v.weight"
          },
          {
            "dtype": "float32",
            "graph_name": "estimator.mid_blocks.5.1.2.attn1.to_out.0.weight",
            "length": 524288,
            "offset": 137760064,
            "sha256": "22453f822a8610e31ba311da93f8f3a5f20912d4e5ef8d17b460c6144be5435b",
            "shape": [
              256,
              512
            ],
            "state_name": "estimator.mid_blocks.5.1.2.attn1.to_out.0.weight"
          },
          {
            "dtype": "float32",
            "graph_name": "estimator.mid_blocks.5.1.2.attn1.to_out.0.bias",
            "length": 1024,
            "offset": 138284352,
            "sha256": "939d5a11ee951affd02a202b71969f3006c5bc4e4d585cb759f8e2a46f688185",
            "shape": [
              256
            ],
            "state_name": "estimator.mid_blocks.5.1.2.attn1.to_out.0.bias"
          },
          {
            "dtype": "float32",
            "graph_name": "estimator.mid_blocks.5.1.2.norm3.weight",
            "length": 1024,
            "offset": 138285376,
            "sha256": "ed6d269937d5d007376a9b42da97f8892f4edebb7d8b987812670ec95f053ae1",
            "shape": [
              256
            ],
            "state_name": "estimator.mid_blocks.5.1.2.norm3.weight"
          },
          {
            "dtype": "float32",
            "graph_name": "estimator.mid_blocks.5.1.2.norm3.bias",
            "length": 1024,
            "offset": 138286400,
            "sha256": "35e17f1bf7eabbbbd1fa2ad2fc91a3a15a407d27ee0b59926972b924b9fc4b9a",
            "shape": [
              256
            ],
            "state_name": "estimator.mid_blocks.5.1.2.norm3.bias"
          },
          {
            "dtype": "float32",
            "graph_name": "estimator.mid_blocks.5.1.2.ff.net.0.proj.weight",
            "length": 1048576,
            "offset": 138287424,
            "sha256": "08d600c6dec1c4361236715d1fa21f21ab681bedba83d8c3de9706b6af15bf07",
            "shape": [
              1024,
              256
            ],
            "state_name": "estimator.mid_blocks.5.1.2.ff.net.0.proj.weight"
          },
          {
            "dtype": "float32",
            "graph_name": "estimator.mid_blocks.5.1.2.ff.net.0.proj.bias",
            "length": 4096,
            "offset": 139336000,
            "sha256": "27c2a32526f4c09044bc91510d8ca842c25ca4306430abc8fe3abe573df020c5",
            "shape": [
              1024
            ],
            "state_name": "estimator.mid_blocks.5.1.2.ff.net.0.proj.bias"
          },
          {
            "dtype": "float32",
            "graph_name": "estimator.mid_blocks.5.1.2.ff.net.2.weight",
            "length": 1048576,
            "offset": 139340096,
            "sha256": "236c77f1991b3207df026f08aa14a997488dfa8c39c39e15e554027235a33529",
            "shape": [
              256,
              1024
            ],
            "state_name": "estimator.mid_blocks.5.1.2.ff.net.2.weight"
          },
          {
            "dtype": "float32",
            "graph_name": "estimator.mid_blocks.5.1.2.ff.net.2.bias",
            "length": 1024,
            "offset": 140388672,
            "sha256": "ac0eb776ad973e13832af7cbd945d47dcce08f6e61997c785b565ccd858b7678",
            "shape": [
              256
            ],
            "state_name": "estimator.mid_blocks.5.1.2.ff.net.2.bias"
          },
          {
            "dtype": "float32",
            "graph_name": "estimator.mid_blocks.5.1.3.norm1.weight",
            "length": 1024,
            "offset": 140389696,
            "sha256": "be7fc350c1e4e4c56e72ca1e7aadb57dc3b43a45bdd63992b23dd68f33d92bf8",
            "shape": [
              256
            ],
            "state_name": "estimator.mid_blocks.5.1.3.norm1.weight"
          },
          {
            "dtype": "float32",
            "graph_name": "estimator.mid_blocks.5.1.3.norm1.bias",
            "length": 1024,
            "offset": 140390720,
            "sha256": "883cb186c322cbb99cf69aa52fed93914ed35c05e1a3956eaa279d2d05264d1b",
            "shape": [
              256
            ],
            "state_name": "estimator.mid_blocks.5.1.3.norm1.bias"
          },
          {
            "dtype": "float32",
            "graph_name": "estimator.mid_blocks.5.1.3.attn1.to_q.weight",
            "length": 524288,
            "offset": 140391744,
            "sha256": "ce79a31eb068ee30a670209b3e415ff7db335aefec58aa3057ac55b55177688f",
            "shape": [
              512,
              256
            ],
            "state_name": "estimator.mid_blocks.5.1.3.attn1.to_q.weight"
          },
          {
            "dtype": "float32",
            "graph_name": "estimator.mid_blocks.5.1.3.attn1.to_k.weight",
            "length": 524288,
            "offset": 140916032,
            "sha256": "92e29f1db52b99afb81b8acdeab6f1bf52a595b2dad252194806216466b8ffca",
            "shape": [
              512,
              256
            ],
            "state_name": "estimator.mid_blocks.5.1.3.attn1.to_k.weight"
          },
          {
            "dtype": "float32",
            "graph_name": "estimator.mid_blocks.5.1.3.attn1.to_v.weight",
            "length": 524288,
            "offset": 141440320,
            "sha256": "3aff1bace5d3871f1939c58a1b059b326929c5f1e4359264a97f6f34367c2814",
            "shape": [
              512,
              256
            ],
            "state_name": "estimator.mid_blocks.5.1.3.attn1.to_v.weight"
          },
          {
            "dtype": "float32",
            "graph_name": "estimator.mid_blocks.5.1.3.attn1.to_out.0.weight",
            "length": 524288,
            "offset": 141964608,
            "sha256": "17e22e0becbf076e9973ae2f49ea18402f0722ff531142c82f922d891b0c5650",
            "shape": [
              256,
              512
            ],
            "state_name": "estimator.mid_blocks.5.1.3.attn1.to_out.0.weight"
          },
          {
            "dtype": "float32",
            "graph_name": "estimator.mid_blocks.5.1.3.attn1.to_out.0.bias",
            "length": 1024,
            "offset": 142488896,
            "sha256": "ef04884c30897576aedceb101261e449ed68ca6902f90c079d08614bb1dc4e56",
            "shape": [
              256
            ],
            "state_name": "estimator.mid_blocks.5.1.3.attn1.to_out.0.bias"
          },
          {
            "dtype": "float32",
            "graph_name": "estimator.mid_blocks.5.1.3.norm3.weight",
            "length": 1024,
            "offset": 142489920,
            "sha256": "9392c0e8557159884e9f7eb0ed8d24f5c0ebf40d60cb10561d7ebded107c0797",
            "shape": [
              256
            ],
            "state_name": "estimator.mid_blocks.5.1.3.norm3.weight"
          },
          {
            "dtype": "float32",
            "graph_name": "estimator.mid_blocks.5.1.3.norm3.bias",
            "length": 1024,
            "offset": 142490944,
            "sha256": "440a3777cea4289260755b33db824effd12aca5bb8fcca37007fdef53b805304",
            "shape": [
              256
            ],
            "state_name": "estimator.mid_blocks.5.1.3.norm3.bias"
          },
          {
            "dtype": "float32",
            "graph_name": "estimator.mid_blocks.5.1.3.ff.net.0.proj.weight",
            "length": 1048576,
            "offset": 142491968,
            "sha256": "31baac6039e6c141e7aaa3625bba90427c06fe372f75396d49915e9d547596db",
            "shape": [
              1024,
              256
            ],
            "state_name": "estimator.mid_blocks.5.1.3.ff.net.0.proj.weight"
          },
          {
            "dtype": "float32",
            "graph_name": "estimator.mid_blocks.5.1.3.ff.net.0.proj.bias",
            "length": 4096,
            "offset": 143540544,
            "sha256": "b64427e7706eea3356a5186631d47fe791de64cce8a299af10abc4e185c908e2",
            "shape": [
              1024
            ],
            "state_name": "estimator.mid_blocks.5.1.3.ff.net.0.proj.bias"
          },
          {
            "dtype": "float32",
            "graph_name": "estimator.mid_blocks.5.1.3.ff.net.2.weight",
            "length": 1048576,
            "offset": 143544640,
            "sha256": "8c2ccdc704c43b3a27e220b4d8b12e9d9ce50d8f27b66d500e307fb411f06fbf",
            "shape": [
              256,
              1024
            ],
            "state_name": "estimator.mid_blocks.5.1.3.ff.net.2.weight"
          },
          {
            "dtype": "float32",
            "graph_name": "estimator.mid_blocks.5.1.3.ff.net.2.bias",
            "length": 1024,
            "offset": 144593216,
            "sha256": "2d81f161c20f79eda27c4f906c814e2cdde0bb0667098cc4406813af1d244fe6",
            "shape": [
              256
            ],
            "state_name": "estimator.mid_blocks.5.1.3.ff.net.2.bias"
          },
          {
            "dtype": "float32",
            "graph_name": "estimator.mid_blocks.6.0.mlp.1.weight",
            "length": 1048576,
            "offset": 144594240,
            "sha256": "7e46a949bd76eb447811e0bdc60b4ff84a1ae4fdded933b92e915a3b42f97376",
            "shape": [
              256,
              1024
            ],
            "state_name": "estimator.mid_blocks.6.0.mlp.1.weight"
          },
          {
            "dtype": "float32",
            "graph_name": "estimator.mid_blocks.6.0.mlp.1.bias",
            "length": 1024,
            "offset": 145642816,
            "sha256": "396c13d8e2d58a3b424b400c963c9dbcd8c652cd6aacdce02844e46ac1e3a47a",
            "shape": [
              256
            ],
            "state_name": "estimator.mid_blocks.6.0.mlp.1.bias"
          },
          {
            "dtype": "float32",
            "graph_name": "estimator.mid_blocks.6.0.block1.block.0.weight",
            "length": 786432,
            "offset": 145643840,
            "sha256": "6cc22ce4b86dbf02b0095bb202f78b68890907f4fa04d623af1a00303114af3f",
            "shape": [
              256,
              256,
              3
            ],
            "state_name": "estimator.mid_blocks.6.0.block1.block.0.weight"
          },
          {
            "dtype": "float32",
            "graph_name": "estimator.mid_blocks.6.0.block1.block.0.bias",
            "length": 1024,
            "offset": 146430272,
            "sha256": "ad27bc222957982840230393a0a9563cc1803fce0143c64c25f1f791b360d7f5",
            "shape": [
              256
            ],
            "state_name": "estimator.mid_blocks.6.0.block1.block.0.bias"
          },
          {
            "dtype": "float32",
            "graph_name": "estimator.mid_blocks.6.0.block1.block.2.weight",
            "length": 1024,
            "offset": 146431296,
            "sha256": "8dbf19c02d126e8df7d2f529d4bdd55212687d92d01673f1cd008f0599b2a950",
            "shape": [
              256
            ],
            "state_name": "estimator.mid_blocks.6.0.block1.block.2.weight"
          },
          {
            "dtype": "float32",
            "graph_name": "estimator.mid_blocks.6.0.block1.block.2.bias",
            "length": 1024,
            "offset": 146432320,
            "sha256": "083af62d77c1ceb52a9e295bc73b1d7e862f5a4e29f441a5617dacd043a35449",
            "shape": [
              256
            ],
            "state_name": "estimator.mid_blocks.6.0.block1.block.2.bias"
          },
          {
            "dtype": "float32",
            "graph_name": "estimator.mid_blocks.6.0.block2.block.0.weight",
            "length": 786432,
            "offset": 146433344,
            "sha256": "0ea56e0833a675aa8696b197e3af27cfd3f1e3be275e241f8e1b39afafe5f038",
            "shape": [
              256,
              256,
              3
            ],
            "state_name": "estimator.mid_blocks.6.0.block2.block.0.weight"
          },
          {
            "dtype": "float32",
            "graph_name": "estimator.mid_blocks.6.0.block2.block.0.bias",
            "length": 1024,
            "offset": 147219776,
            "sha256": "f70ca2c4acccc4cdfb6627c42def2aa1cf4550193bf6b5dc462275b93947d140",
            "shape": [
              256
            ],
            "state_name": "estimator.mid_blocks.6.0.block2.block.0.bias"
          },
          {
            "dtype": "float32",
            "graph_name": "estimator.mid_blocks.6.0.block2.block.2.weight",
            "length": 1024,
            "offset": 147220800,
            "sha256": "e559fed6ea13cad8af5c1b8e52c43a4762a1bf9a16a30d91a987cb9482066e63",
            "shape": [
              256
            ],
            "state_name": "estimator.mid_blocks.6.0.block2.block.2.weight"
          },
          {
            "dtype": "float32",
            "graph_name": "estimator.mid_blocks.6.0.block2.block.2.bias",
            "length": 1024,
            "offset": 147221824,
            "sha256": "71950779369994ee9f1866fa66e121314cd4e3fd8e3310da1060c2cc60106495",
            "shape": [
              256
            ],
            "state_name": "estimator.mid_blocks.6.0.block2.block.2.bias"
          },
          {
            "dtype": "float32",
            "graph_name": "estimator.mid_blocks.6.0.res_conv.weight",
            "length": 262144,
            "offset": 147222848,
            "sha256": "fde2381e0d441e563fad2e02105a42f1fddccf36218535cfac34a57880eb0e64",
            "shape": [
              256,
              256,
              1
            ],
            "state_name": "estimator.mid_blocks.6.0.res_conv.weight"
          },
          {
            "dtype": "float32",
            "graph_name": "estimator.mid_blocks.6.0.res_conv.bias",
            "length": 1024,
            "offset": 147484992,
            "sha256": "db200b044754760302347173bfe36ed6f80954cb173acb04ef952b898a6d1bf2",
            "shape": [
              256
            ],
            "state_name": "estimator.mid_blocks.6.0.res_conv.bias"
          },
          {
            "dtype": "float32",
            "graph_name": "estimator.mid_blocks.6.1.0.norm1.weight",
            "length": 1024,
            "offset": 147486016,
            "sha256": "2c6540fded81a5ba07d3deaa62c95cef00652718c72f9490aa22e3069acff796",
            "shape": [
              256
            ],
            "state_name": "estimator.mid_blocks.6.1.0.norm1.weight"
          },
          {
            "dtype": "float32",
            "graph_name": "estimator.mid_blocks.6.1.0.norm1.bias",
            "length": 1024,
            "offset": 147487040,
            "sha256": "8c0b65e59f9c49875a163b00e94e6f24f5d02c163da065fab134d1f0fcf68239",
            "shape": [
              256
            ],
            "state_name": "estimator.mid_blocks.6.1.0.norm1.bias"
          },
          {
            "dtype": "float32",
            "graph_name": "estimator.mid_blocks.6.1.0.attn1.to_q.weight",
            "length": 524288,
            "offset": 147488064,
            "sha256": "8f0bdde19b9fe29d80d1e8e13a48bd720378e72ce70484d53e41745007fbdce0",
            "shape": [
              512,
              256
            ],
            "state_name": "estimator.mid_blocks.6.1.0.attn1.to_q.weight"
          },
          {
            "dtype": "float32",
            "graph_name": "estimator.mid_blocks.6.1.0.attn1.to_k.weight",
            "length": 524288,
            "offset": 148012352,
            "sha256": "c50b081229e31f5814f62710c57b3f18a869540c942008c509582c32556b8f72",
            "shape": [
              512,
              256
            ],
            "state_name": "estimator.mid_blocks.6.1.0.attn1.to_k.weight"
          },
          {
            "dtype": "float32",
            "graph_name": "estimator.mid_blocks.6.1.0.attn1.to_v.weight",
            "length": 524288,
            "offset": 148536640,
            "sha256": "433dd6e4c07941df32e6a5219f29df15f590645ebd472b17ae5b778312f90e87",
            "shape": [
              512,
              256
            ],
            "state_name": "estimator.mid_blocks.6.1.0.attn1.to_v.weight"
          },
          {
            "dtype": "float32",
            "graph_name": "estimator.mid_blocks.6.1.0.attn1.to_out.0.weight",
            "length": 524288,
            "offset": 149060928,
            "sha256": "67912dd6750051dfe5d8131ee60b735aa866d6d1b5f25878a8c0558582aabe57",
            "shape": [
              256,
              512
            ],
            "state_name": "estimator.mid_blocks.6.1.0.attn1.to_out.0.weight"
          },
          {
            "dtype": "float32",
            "graph_name": "estimator.mid_blocks.6.1.0.attn1.to_out.0.bias",
            "length": 1024,
            "offset": 149585216,
            "sha256": "d18d2f235fce819cea46561743dfcfb2447bdc39231e83bb596f6d59547e73c2",
            "shape": [
              256
            ],
            "state_name": "estimator.mid_blocks.6.1.0.attn1.to_out.0.bias"
          },
          {
            "dtype": "float32",
            "graph_name": "estimator.mid_blocks.6.1.0.norm3.weight",
            "length": 1024,
            "offset": 149586240,
            "sha256": "b13a2c54c8f097c7dc32a931c8a44e4a898f264e8524e130480f76e4a61692db",
            "shape": [
              256
            ],
            "state_name": "estimator.mid_blocks.6.1.0.norm3.weight"
          },
          {
            "dtype": "float32",
            "graph_name": "estimator.mid_blocks.6.1.0.norm3.bias",
            "length": 1024,
            "offset": 149587264,
            "sha256": "d58393fef2e3c26462e3b54927b7f3dbcdfca1ead825f5b8379df19dfea0d25f",
            "shape": [
              256
            ],
            "state_name": "estimator.mid_blocks.6.1.0.norm3.bias"
          },
          {
            "dtype": "float32",
            "graph_name": "estimator.mid_blocks.6.1.0.ff.net.0.proj.weight",
            "length": 1048576,
            "offset": 149588288,
            "sha256": "e5147dc5bd946751f11b1ad2524aaf7cf0419da9888835a905b89d7d3fc269a7",
            "shape": [
              1024,
              256
            ],
            "state_name": "estimator.mid_blocks.6.1.0.ff.net.0.proj.weight"
          },
          {
            "dtype": "float32",
            "graph_name": "estimator.mid_blocks.6.1.0.ff.net.0.proj.bias",
            "length": 4096,
            "offset": 150636864,
            "sha256": "fc19b722f55fa8b2a554609a1355cab0561ed18f054fa7657e008615931ab540",
            "shape": [
              1024
            ],
            "state_name": "estimator.mid_blocks.6.1.0.ff.net.0.proj.bias"
          },
          {
            "dtype": "float32",
            "graph_name": "estimator.mid_blocks.6.1.0.ff.net.2.weight",
            "length": 1048576,
            "offset": 150640960,
            "sha256": "9e313c81b9644c04fea7f64d19a379f36b68e0c3690dd12f94d2d1003975e939",
            "shape": [
              256,
              1024
            ],
            "state_name": "estimator.mid_blocks.6.1.0.ff.net.2.weight"
          },
          {
            "dtype": "float32",
            "graph_name": "estimator.mid_blocks.6.1.0.ff.net.2.bias",
            "length": 1024,
            "offset": 151689536,
            "sha256": "1cc6737ffc9dc573722017a2a90bdadc6ae8c62b1ac42a7af92dbd5e70b1d943",
            "shape": [
              256
            ],
            "state_name": "estimator.mid_blocks.6.1.0.ff.net.2.bias"
          },
          {
            "dtype": "float32",
            "graph_name": "estimator.mid_blocks.6.1.1.norm1.weight",
            "length": 1024,
            "offset": 151690560,
            "sha256": "a12841ce984bc15affe63042833605234865ab795a40becefc7ec90cdddccdcc",
            "shape": [
              256
            ],
            "state_name": "estimator.mid_blocks.6.1.1.norm1.weight"
          },
          {
            "dtype": "float32",
            "graph_name": "estimator.mid_blocks.6.1.1.norm1.bias",
            "length": 1024,
            "offset": 151691584,
            "sha256": "d80a1fd139376c27f9c95e7b96e3636280529cd03ab2543ef9f6537f2550c725",
            "shape": [
              256
            ],
            "state_name": "estimator.mid_blocks.6.1.1.norm1.bias"
          },
          {
            "dtype": "float32",
            "graph_name": "estimator.mid_blocks.6.1.1.attn1.to_q.weight",
            "length": 524288,
            "offset": 151692608,
            "sha256": "5727859310b4817eda86215f3b97187c7296fff9dfcf6ca788c4fd5112a50d14",
            "shape": [
              512,
              256
            ],
            "state_name": "estimator.mid_blocks.6.1.1.attn1.to_q.weight"
          },
          {
            "dtype": "float32",
            "graph_name": "estimator.mid_blocks.6.1.1.attn1.to_k.weight",
            "length": 524288,
            "offset": 152216896,
            "sha256": "d5a95a72e8c7bf32c3c33247fee49467afdc2e89283d10410f152af9080dbbac",
            "shape": [
              512,
              256
            ],
            "state_name": "estimator.mid_blocks.6.1.1.attn1.to_k.weight"
          },
          {
            "dtype": "float32",
            "graph_name": "estimator.mid_blocks.6.1.1.attn1.to_v.weight",
            "length": 524288,
            "offset": 152741184,
            "sha256": "bb2a483347e17f45c16bb3070d473f8e5ee16046788a07551cf3ee2f880686f5",
            "shape": [
              512,
              256
            ],
            "state_name": "estimator.mid_blocks.6.1.1.attn1.to_v.weight"
          },
          {
            "dtype": "float32",
            "graph_name": "estimator.mid_blocks.6.1.1.attn1.to_out.0.weight",
            "length": 524288,
            "offset": 153265472,
            "sha256": "751f1bd0a3be9a3e0d0cb6152f50d4e21802956bb28bfb73d835bd3b0946df4f",
            "shape": [
              256,
              512
            ],
            "state_name": "estimator.mid_blocks.6.1.1.attn1.to_out.0.weight"
          },
          {
            "dtype": "float32",
            "graph_name": "estimator.mid_blocks.6.1.1.attn1.to_out.0.bias",
            "length": 1024,
            "offset": 153789760,
            "sha256": "b0aa1d7258403481f4f99022e74f9c4a999691a6b48c31da334958ee6207d85b",
            "shape": [
              256
            ],
            "state_name": "estimator.mid_blocks.6.1.1.attn1.to_out.0.bias"
          },
          {
            "dtype": "float32",
            "graph_name": "estimator.mid_blocks.6.1.1.norm3.weight",
            "length": 1024,
            "offset": 153790784,
            "sha256": "29f17ca5ee73174c8521b7938699f30976f2fcb242bf0553eaf9c7e0a09d4b2a",
            "shape": [
              256
            ],
            "state_name": "estimator.mid_blocks.6.1.1.norm3.weight"
          },
          {
            "dtype": "float32",
            "graph_name": "estimator.mid_blocks.6.1.1.norm3.bias",
            "length": 1024,
            "offset": 153791808,
            "sha256": "156f269d6b3732c52e4bed5b58a71c294e9c798fc7fa2b4062a1ee52719768dd",
            "shape": [
              256
            ],
            "state_name": "estimator.mid_blocks.6.1.1.norm3.bias"
          },
          {
            "dtype": "float32",
            "graph_name": "estimator.mid_blocks.6.1.1.ff.net.0.proj.weight",
            "length": 1048576,
            "offset": 153792832,
            "sha256": "1f9030e45a438cdcfcc3efad15dba8c8ccd50b27e0dced99bf7d5094bf457501",
            "shape": [
              1024,
              256
            ],
            "state_name": "estimator.mid_blocks.6.1.1.ff.net.0.proj.weight"
          },
          {
            "dtype": "float32",
            "graph_name": "estimator.mid_blocks.6.1.1.ff.net.0.proj.bias",
            "length": 4096,
            "offset": 154841408,
            "sha256": "5167b0178c37e06d9f843c23287470f2eeec7759e85ba12eb2d7e094ea8e0f4c",
            "shape": [
              1024
            ],
            "state_name": "estimator.mid_blocks.6.1.1.ff.net.0.proj.bias"
          },
          {
            "dtype": "float32",
            "graph_name": "estimator.mid_blocks.6.1.1.ff.net.2.weight",
            "length": 1048576,
            "offset": 154845504,
            "sha256": "1032bfb09d005e5619aa455c28e480b70db869577548eb6324c98d1931a01e7f",
            "shape": [
              256,
              1024
            ],
            "state_name": "estimator.mid_blocks.6.1.1.ff.net.2.weight"
          },
          {
            "dtype": "float32",
            "graph_name": "estimator.mid_blocks.6.1.1.ff.net.2.bias",
            "length": 1024,
            "offset": 155894080,
            "sha256": "6f777652fd5c152be8a81bc768f4f91caba9fcff6a4514ff37c3c8bba64f349f",
            "shape": [
              256
            ],
            "state_name": "estimator.mid_blocks.6.1.1.ff.net.2.bias"
          },
          {
            "dtype": "float32",
            "graph_name": "estimator.mid_blocks.6.1.2.norm1.weight",
            "length": 1024,
            "offset": 155895104,
            "sha256": "dfd9cabf68b7bd98f85a56c0abbf3920235895925179fe45a398ab9dc68abcf5",
            "shape": [
              256
            ],
            "state_name": "estimator.mid_blocks.6.1.2.norm1.weight"
          },
          {
            "dtype": "float32",
            "graph_name": "estimator.mid_blocks.6.1.2.norm1.bias",
            "length": 1024,
            "offset": 155896128,
            "sha256": "e77a808e355f07aefd6ecac395bf35de2d52c924e960343f707555aa198a2eec",
            "shape": [
              256
            ],
            "state_name": "estimator.mid_blocks.6.1.2.norm1.bias"
          },
          {
            "dtype": "float32",
            "graph_name": "estimator.mid_blocks.6.1.2.attn1.to_q.weight",
            "length": 524288,
            "offset": 155897152,
            "sha256": "951f0b25a813bebd0bbbfc21ec0ee35cc455d78a4cdd76e71edf89f3908d9e3c",
            "shape": [
              512,
              256
            ],
            "state_name": "estimator.mid_blocks.6.1.2.attn1.to_q.weight"
          },
          {
            "dtype": "float32",
            "graph_name": "estimator.mid_blocks.6.1.2.attn1.to_k.weight",
            "length": 524288,
            "offset": 156421440,
            "sha256": "a22387399bb8f2b20171222d9df678fc7806394563fd6482e726702c75d0bf9e",
            "shape": [
              512,
              256
            ],
            "state_name": "estimator.mid_blocks.6.1.2.attn1.to_k.weight"
          },
          {
            "dtype": "float32",
            "graph_name": "estimator.mid_blocks.6.1.2.attn1.to_v.weight",
            "length": 524288,
            "offset": 156945728,
            "sha256": "a5c92d45e7b9b3136dd9433352c4e8d13e38088b22d6e8270241bcee192f2502",
            "shape": [
              512,
              256
            ],
            "state_name": "estimator.mid_blocks.6.1.2.attn1.to_v.weight"
          },
          {
            "dtype": "float32",
            "graph_name": "estimator.mid_blocks.6.1.2.attn1.to_out.0.weight",
            "length": 524288,
            "offset": 157470016,
            "sha256": "a4cbb5e0c5552bfea8f1dd1cc3211b4ae7a900946bed839dc62ad1c672d9319a",
            "shape": [
              256,
              512
            ],
            "state_name": "estimator.mid_blocks.6.1.2.attn1.to_out.0.weight"
          },
          {
            "dtype": "float32",
            "graph_name": "estimator.mid_blocks.6.1.2.attn1.to_out.0.bias",
            "length": 1024,
            "offset": 157994304,
            "sha256": "857519546f7f4a513742d894e680f0b85c49927b00bd37ab67a720d195d493b7",
            "shape": [
              256
            ],
            "state_name": "estimator.mid_blocks.6.1.2.attn1.to_out.0.bias"
          },
          {
            "dtype": "float32",
            "graph_name": "estimator.mid_blocks.6.1.2.norm3.weight",
            "length": 1024,
            "offset": 157995328,
            "sha256": "8bae2064607a0bab3ab862d224e97db0ca47d0d24c9c61730f80b7314834a74b",
            "shape": [
              256
            ],
            "state_name": "estimator.mid_blocks.6.1.2.norm3.weight"
          },
          {
            "dtype": "float32",
            "graph_name": "estimator.mid_blocks.6.1.2.norm3.bias",
            "length": 1024,
            "offset": 157996352,
            "sha256": "bf5a77d285db6087ef710096ea639af65e68606eb296b4b208473a6a0f9fa874",
            "shape": [
              256
            ],
            "state_name": "estimator.mid_blocks.6.1.2.norm3.bias"
          },
          {
            "dtype": "float32",
            "graph_name": "estimator.mid_blocks.6.1.2.ff.net.0.proj.weight",
            "length": 1048576,
            "offset": 157997376,
            "sha256": "f6caa841943dda7656085641d286807c2c1876c1d7158c4c1c9a4742b14e7bf4",
            "shape": [
              1024,
              256
            ],
            "state_name": "estimator.mid_blocks.6.1.2.ff.net.0.proj.weight"
          },
          {
            "dtype": "float32",
            "graph_name": "estimator.mid_blocks.6.1.2.ff.net.0.proj.bias",
            "length": 4096,
            "offset": 159045952,
            "sha256": "a88e3f877fd1f0f227b55451c2ec3fee335e34ebfc50a0cc73ef28602b02a06c",
            "shape": [
              1024
            ],
            "state_name": "estimator.mid_blocks.6.1.2.ff.net.0.proj.bias"
          },
          {
            "dtype": "float32",
            "graph_name": "estimator.mid_blocks.6.1.2.ff.net.2.weight",
            "length": 1048576,
            "offset": 159050048,
            "sha256": "430ee9a0ca8539542b6eb1ad39b667aefc98d27ece2298042d4026758181c4eb",
            "shape": [
              256,
              1024
            ],
            "state_name": "estimator.mid_blocks.6.1.2.ff.net.2.weight"
          },
          {
            "dtype": "float32",
            "graph_name": "estimator.mid_blocks.6.1.2.ff.net.2.bias",
            "length": 1024,
            "offset": 160098624,
            "sha256": "9b9a22c38db4c58b3519568a3f26d345e01dffb503941f2347f55ebc779d5f26",
            "shape": [
              256
            ],
            "state_name": "estimator.mid_blocks.6.1.2.ff.net.2.bias"
          },
          {
            "dtype": "float32",
            "graph_name": "estimator.mid_blocks.6.1.3.norm1.weight",
            "length": 1024,
            "offset": 160099648,
            "sha256": "bf38cdbfbf751e9bc8755f4cee220894754c3b1da943e770686ad6ff823269f5",
            "shape": [
              256
            ],
            "state_name": "estimator.mid_blocks.6.1.3.norm1.weight"
          },
          {
            "dtype": "float32",
            "graph_name": "estimator.mid_blocks.6.1.3.norm1.bias",
            "length": 1024,
            "offset": 160100672,
            "sha256": "96b1381acbdc563c13058253936e7cbfa7ef0d1d87eaa5285ca630955de89f4e",
            "shape": [
              256
            ],
            "state_name": "estimator.mid_blocks.6.1.3.norm1.bias"
          },
          {
            "dtype": "float32",
            "graph_name": "estimator.mid_blocks.6.1.3.attn1.to_q.weight",
            "length": 524288,
            "offset": 160101696,
            "sha256": "e2553988e31896db88c8de280f88bc7bf0828ca8f9fed0ec67aef18e9f7cb25a",
            "shape": [
              512,
              256
            ],
            "state_name": "estimator.mid_blocks.6.1.3.attn1.to_q.weight"
          },
          {
            "dtype": "float32",
            "graph_name": "estimator.mid_blocks.6.1.3.attn1.to_k.weight",
            "length": 524288,
            "offset": 160625984,
            "sha256": "2eddf8e0f2d60361c0cfa3d7bed940775e7fbcccd1ddae661b401dae31bfca86",
            "shape": [
              512,
              256
            ],
            "state_name": "estimator.mid_blocks.6.1.3.attn1.to_k.weight"
          },
          {
            "dtype": "float32",
            "graph_name": "estimator.mid_blocks.6.1.3.attn1.to_v.weight",
            "length": 524288,
            "offset": 161150272,
            "sha256": "64369140ea57798f7092ff770de9225b3e127acd6a95827beacd11858cace0a9",
            "shape": [
              512,
              256
            ],
            "state_name": "estimator.mid_blocks.6.1.3.attn1.to_v.weight"
          },
          {
            "dtype": "float32",
            "graph_name": "estimator.mid_blocks.6.1.3.attn1.to_out.0.weight",
            "length": 524288,
            "offset": 161674560,
            "sha256": "ba2f1d49503fb5b54561aa76f402fca71741a5be3d2096c14127824950149a93",
            "shape": [
              256,
              512
            ],
            "state_name": "estimator.mid_blocks.6.1.3.attn1.to_out.0.weight"
          },
          {
            "dtype": "float32",
            "graph_name": "estimator.mid_blocks.6.1.3.attn1.to_out.0.bias",
            "length": 1024,
            "offset": 162198848,
            "sha256": "9fd1764823024f854d39000f75f597fcbb51941cdc829a8b632fd3dcf0a5520d",
            "shape": [
              256
            ],
            "state_name": "estimator.mid_blocks.6.1.3.attn1.to_out.0.bias"
          },
          {
            "dtype": "float32",
            "graph_name": "estimator.mid_blocks.6.1.3.norm3.weight",
            "length": 1024,
            "offset": 162199872,
            "sha256": "0e0587f452bc7c5d03d7ce1ea7f927c5ae31c8933c34bceb59ef257f2acd7b8d",
            "shape": [
              256
            ],
            "state_name": "estimator.mid_blocks.6.1.3.norm3.weight"
          },
          {
            "dtype": "float32",
            "graph_name": "estimator.mid_blocks.6.1.3.norm3.bias",
            "length": 1024,
            "offset": 162200896,
            "sha256": "b09e06ba5ea4e7754707eb10d5f3bebe64735610c0051172aa7c9017ed39fc41",
            "shape": [
              256
            ],
            "state_name": "estimator.mid_blocks.6.1.3.norm3.bias"
          },
          {
            "dtype": "float32",
            "graph_name": "estimator.mid_blocks.6.1.3.ff.net.0.proj.weight",
            "length": 1048576,
            "offset": 162201920,
            "sha256": "00f31ca21018e94dc218fd7e0d536cf97d38f76467a3aa70ef9822a30d998576",
            "shape": [
              1024,
              256
            ],
            "state_name": "estimator.mid_blocks.6.1.3.ff.net.0.proj.weight"
          },
          {
            "dtype": "float32",
            "graph_name": "estimator.mid_blocks.6.1.3.ff.net.0.proj.bias",
            "length": 4096,
            "offset": 163250496,
            "sha256": "61d19b1999de26fc79b225a8a107a241fa479d902983432d592c106141335682",
            "shape": [
              1024
            ],
            "state_name": "estimator.mid_blocks.6.1.3.ff.net.0.proj.bias"
          },
          {
            "dtype": "float32",
            "graph_name": "estimator.mid_blocks.6.1.3.ff.net.2.weight",
            "length": 1048576,
            "offset": 163254592,
            "sha256": "92abdfc9adc4148f13a200f74b6a89388f3d3bd5d3052e77b59afd7065360011",
            "shape": [
              256,
              1024
            ],
            "state_name": "estimator.mid_blocks.6.1.3.ff.net.2.weight"
          },
          {
            "dtype": "float32",
            "graph_name": "estimator.mid_blocks.6.1.3.ff.net.2.bias",
            "length": 1024,
            "offset": 164303168,
            "sha256": "763c9414e224bdc78b87fad7b86f526b5f6fcca072b70ef9c5a20cc443534165",
            "shape": [
              256
            ],
            "state_name": "estimator.mid_blocks.6.1.3.ff.net.2.bias"
          },
          {
            "dtype": "float32",
            "graph_name": "estimator.mid_blocks.7.0.mlp.1.weight",
            "length": 1048576,
            "offset": 164304192,
            "sha256": "f1b3354e4b03c2bddbd94a78d8739a60fecd3f63e4e5b68f9b9f0e88c1ca2801",
            "shape": [
              256,
              1024
            ],
            "state_name": "estimator.mid_blocks.7.0.mlp.1.weight"
          },
          {
            "dtype": "float32",
            "graph_name": "estimator.mid_blocks.7.0.mlp.1.bias",
            "length": 1024,
            "offset": 165352768,
            "sha256": "e9a947bb38951aee6c4f8a5559e869da07622385bf9bd93ca05caf14baf0cd3f",
            "shape": [
              256
            ],
            "state_name": "estimator.mid_blocks.7.0.mlp.1.bias"
          },
          {
            "dtype": "float32",
            "graph_name": "estimator.mid_blocks.7.0.block1.block.0.weight",
            "length": 786432,
            "offset": 165353792,
            "sha256": "f745ae6b2b7607d0cec1b5e4ca22d5b436448748154bc4368208c48bbbc202f4",
            "shape": [
              256,
              256,
              3
            ],
            "state_name": "estimator.mid_blocks.7.0.block1.block.0.weight"
          },
          {
            "dtype": "float32",
            "graph_name": "estimator.mid_blocks.7.0.block1.block.0.bias",
            "length": 1024,
            "offset": 166140224,
            "sha256": "340b9b803e9ff8d8b54b1e2fc8a9e71bfd1e89714c36bc12d22ddac9087eb525",
            "shape": [
              256
            ],
            "state_name": "estimator.mid_blocks.7.0.block1.block.0.bias"
          },
          {
            "dtype": "float32",
            "graph_name": "estimator.mid_blocks.7.0.block1.block.2.weight",
            "length": 1024,
            "offset": 166141248,
            "sha256": "efb7b2c82e7d901dd16042a161f97b5a25a07656f9757a944033f82eb95fce72",
            "shape": [
              256
            ],
            "state_name": "estimator.mid_blocks.7.0.block1.block.2.weight"
          },
          {
            "dtype": "float32",
            "graph_name": "estimator.mid_blocks.7.0.block1.block.2.bias",
            "length": 1024,
            "offset": 166142272,
            "sha256": "272a16af77b7564c69f22f5e629a12bd9d87afca26c850ce7e98cb71382305e9",
            "shape": [
              256
            ],
            "state_name": "estimator.mid_blocks.7.0.block1.block.2.bias"
          },
          {
            "dtype": "float32",
            "graph_name": "estimator.mid_blocks.7.0.block2.block.0.weight",
            "length": 786432,
            "offset": 166143296,
            "sha256": "742aa58f0c3913b850c2e9025df64b89bd27f9682baca0e10b5aed32d1e0d000",
            "shape": [
              256,
              256,
              3
            ],
            "state_name": "estimator.mid_blocks.7.0.block2.block.0.weight"
          },
          {
            "dtype": "float32",
            "graph_name": "estimator.mid_blocks.7.0.block2.block.0.bias",
            "length": 1024,
            "offset": 166929728,
            "sha256": "bbd3d3731f4af8a99f6835a19adb54aba79c80c3bcd6ec546613eaceb3f5a96f",
            "shape": [
              256
            ],
            "state_name": "estimator.mid_blocks.7.0.block2.block.0.bias"
          },
          {
            "dtype": "float32",
            "graph_name": "estimator.mid_blocks.7.0.block2.block.2.weight",
            "length": 1024,
            "offset": 166930752,
            "sha256": "3e0e6501db97031c31c1b81182c55ca3c4bfe1673a4328959ff9c67279c7c810",
            "shape": [
              256
            ],
            "state_name": "estimator.mid_blocks.7.0.block2.block.2.weight"
          },
          {
            "dtype": "float32",
            "graph_name": "estimator.mid_blocks.7.0.block2.block.2.bias",
            "length": 1024,
            "offset": 166931776,
            "sha256": "9fa00f9603d07dc41c68e6d9a51c17129af07781353f000436324e3bf05a8c87",
            "shape": [
              256
            ],
            "state_name": "estimator.mid_blocks.7.0.block2.block.2.bias"
          },
          {
            "dtype": "float32",
            "graph_name": "estimator.mid_blocks.7.0.res_conv.weight",
            "length": 262144,
            "offset": 166932800,
            "sha256": "a1f504b230a0db4a12918f6516c75f0cda15a91f9ecf5abe6fa14a92bd32f0d1",
            "shape": [
              256,
              256,
              1
            ],
            "state_name": "estimator.mid_blocks.7.0.res_conv.weight"
          },
          {
            "dtype": "float32",
            "graph_name": "estimator.mid_blocks.7.0.res_conv.bias",
            "length": 1024,
            "offset": 167194944,
            "sha256": "14d9cfbdc8a2120349a3ce7104b645e050ffcab0fa46e8b3c8aedffb3ba99e3d",
            "shape": [
              256
            ],
            "state_name": "estimator.mid_blocks.7.0.res_conv.bias"
          },
          {
            "dtype": "float32",
            "graph_name": "estimator.mid_blocks.7.1.0.norm1.weight",
            "length": 1024,
            "offset": 167195968,
            "sha256": "46b64abe9780f29a5e139e48bab95f26e150e121fc94c9e4846078fae8eedafd",
            "shape": [
              256
            ],
            "state_name": "estimator.mid_blocks.7.1.0.norm1.weight"
          },
          {
            "dtype": "float32",
            "graph_name": "estimator.mid_blocks.7.1.0.norm1.bias",
            "length": 1024,
            "offset": 167196992,
            "sha256": "d1dd0fb9361a854261e675734e711fd1524cfbddf8de4cbe3506d55a9334a46f",
            "shape": [
              256
            ],
            "state_name": "estimator.mid_blocks.7.1.0.norm1.bias"
          },
          {
            "dtype": "float32",
            "graph_name": "estimator.mid_blocks.7.1.0.attn1.to_q.weight",
            "length": 524288,
            "offset": 167198016,
            "sha256": "c93602efb40e200b7bca2e52e737e24cf6c39c77b3e20e0561d5ade3cae1067d",
            "shape": [
              512,
              256
            ],
            "state_name": "estimator.mid_blocks.7.1.0.attn1.to_q.weight"
          },
          {
            "dtype": "float32",
            "graph_name": "estimator.mid_blocks.7.1.0.attn1.to_k.weight",
            "length": 524288,
            "offset": 167722304,
            "sha256": "f16a1d3dc54c47d2b8cd92beef2adee9017392b740514a28d14935b5b8100dbc",
            "shape": [
              512,
              256
            ],
            "state_name": "estimator.mid_blocks.7.1.0.attn1.to_k.weight"
          },
          {
            "dtype": "float32",
            "graph_name": "estimator.mid_blocks.7.1.0.attn1.to_v.weight",
            "length": 524288,
            "offset": 168246592,
            "sha256": "eb5f739d3ca731ac84c76dd044ce179a889d0fe7378e730e9384cf9e4dd1987e",
            "shape": [
              512,
              256
            ],
            "state_name": "estimator.mid_blocks.7.1.0.attn1.to_v.weight"
          },
          {
            "dtype": "float32",
            "graph_name": "estimator.mid_blocks.7.1.0.attn1.to_out.0.weight",
            "length": 524288,
            "offset": 168770880,
            "sha256": "9bb852f378a821c37700879c3fabb4f5121e236ae754b93f9beb4d0be021eb1b",
            "shape": [
              256,
              512
            ],
            "state_name": "estimator.mid_blocks.7.1.0.attn1.to_out.0.weight"
          },
          {
            "dtype": "float32",
            "graph_name": "estimator.mid_blocks.7.1.0.attn1.to_out.0.bias",
            "length": 1024,
            "offset": 169295168,
            "sha256": "4a73fb720a6024670d83f4fb4d52bf1318268f1706ee8e3afe62e7c09af342ef",
            "shape": [
              256
            ],
            "state_name": "estimator.mid_blocks.7.1.0.attn1.to_out.0.bias"
          },
          {
            "dtype": "float32",
            "graph_name": "estimator.mid_blocks.7.1.0.norm3.weight",
            "length": 1024,
            "offset": 169296192,
            "sha256": "9b5668022e5f986470210dbdee1f7681861c8db4caf3a12502e92e6881bc3d6b",
            "shape": [
              256
            ],
            "state_name": "estimator.mid_blocks.7.1.0.norm3.weight"
          },
          {
            "dtype": "float32",
            "graph_name": "estimator.mid_blocks.7.1.0.norm3.bias",
            "length": 1024,
            "offset": 169297216,
            "sha256": "69e03cd1895208e20a81e32088c03bd1d94a224eca643049412ef7a1371af77e",
            "shape": [
              256
            ],
            "state_name": "estimator.mid_blocks.7.1.0.norm3.bias"
          },
          {
            "dtype": "float32",
            "graph_name": "estimator.mid_blocks.7.1.0.ff.net.0.proj.weight",
            "length": 1048576,
            "offset": 169298240,
            "sha256": "16cf8ea696978a4498de1ca85bfb3d95fe0c1291690a9e1b8b97eeb73763ce6f",
            "shape": [
              1024,
              256
            ],
            "state_name": "estimator.mid_blocks.7.1.0.ff.net.0.proj.weight"
          },
          {
            "dtype": "float32",
            "graph_name": "estimator.mid_blocks.7.1.0.ff.net.0.proj.bias",
            "length": 4096,
            "offset": 170346816,
            "sha256": "b5d4627425d38f535c652e0cc4fc3377e04467adbf3809d3925cbf086660b8e4",
            "shape": [
              1024
            ],
            "state_name": "estimator.mid_blocks.7.1.0.ff.net.0.proj.bias"
          },
          {
            "dtype": "float32",
            "graph_name": "estimator.mid_blocks.7.1.0.ff.net.2.weight",
            "length": 1048576,
            "offset": 170350912,
            "sha256": "834ac828a1fd556dd3d75c75eec8caeb2a19ffc05ff6f5b09e927f98bebb7cf5",
            "shape": [
              256,
              1024
            ],
            "state_name": "estimator.mid_blocks.7.1.0.ff.net.2.weight"
          },
          {
            "dtype": "float32",
            "graph_name": "estimator.mid_blocks.7.1.0.ff.net.2.bias",
            "length": 1024,
            "offset": 171399488,
            "sha256": "dec1dd8d7d88d25bde8e3f4fa7c5b595f012519ad71f21bcd56498429ba44544",
            "shape": [
              256
            ],
            "state_name": "estimator.mid_blocks.7.1.0.ff.net.2.bias"
          },
          {
            "dtype": "float32",
            "graph_name": "estimator.mid_blocks.7.1.1.norm1.weight",
            "length": 1024,
            "offset": 171400512,
            "sha256": "6646b058608e8ccfc0ae0707d4544c280d958c9ff61f9ac2f2924593f445ebb6",
            "shape": [
              256
            ],
            "state_name": "estimator.mid_blocks.7.1.1.norm1.weight"
          },
          {
            "dtype": "float32",
            "graph_name": "estimator.mid_blocks.7.1.1.norm1.bias",
            "length": 1024,
            "offset": 171401536,
            "sha256": "1444917a1f971cd68825a732283c48bed01e1995eab78c114b4a498b4864db0b",
            "shape": [
              256
            ],
            "state_name": "estimator.mid_blocks.7.1.1.norm1.bias"
          },
          {
            "dtype": "float32",
            "graph_name": "estimator.mid_blocks.7.1.1.attn1.to_q.weight",
            "length": 524288,
            "offset": 171402560,
            "sha256": "5cd917b1d474b3df468b9bd9903bd6f780f8f0269e2532a9ba0f57937b2e6d40",
            "shape": [
              512,
              256
            ],
            "state_name": "estimator.mid_blocks.7.1.1.attn1.to_q.weight"
          },
          {
            "dtype": "float32",
            "graph_name": "estimator.mid_blocks.7.1.1.attn1.to_k.weight",
            "length": 524288,
            "offset": 171926848,
            "sha256": "524deb2ffbde131be581756efbb96815e019785fb5c975416084f775265eb962",
            "shape": [
              512,
              256
            ],
            "state_name": "estimator.mid_blocks.7.1.1.attn1.to_k.weight"
          },
          {
            "dtype": "float32",
            "graph_name": "estimator.mid_blocks.7.1.1.attn1.to_v.weight",
            "length": 524288,
            "offset": 172451136,
            "sha256": "e85e239182889c0fefe0d5b769edf6d29fac95dd10c72b944ed9acaef6388a1c",
            "shape": [
              512,
              256
            ],
            "state_name": "estimator.mid_blocks.7.1.1.attn1.to_v.weight"
          },
          {
            "dtype": "float32",
            "graph_name": "estimator.mid_blocks.7.1.1.attn1.to_out.0.weight",
            "length": 524288,
            "offset": 172975424,
            "sha256": "f6e6c09fbe9178df069ff489b6a3efa2a0bda16a447d1bc569ffbebf4adbb316",
            "shape": [
              256,
              512
            ],
            "state_name": "estimator.mid_blocks.7.1.1.attn1.to_out.0.weight"
          },
          {
            "dtype": "float32",
            "graph_name": "estimator.mid_blocks.7.1.1.attn1.to_out.0.bias",
            "length": 1024,
            "offset": 173499712,
            "sha256": "ff45c3558a6cf25a16cd4f6644360628c502201dcee832f8c82d6e0e0ecdfb62",
            "shape": [
              256
            ],
            "state_name": "estimator.mid_blocks.7.1.1.attn1.to_out.0.bias"
          },
          {
            "dtype": "float32",
            "graph_name": "estimator.mid_blocks.7.1.1.norm3.weight",
            "length": 1024,
            "offset": 173500736,
            "sha256": "bd27228801a78e19f9de4a9b32fcd71374cbf8262f7602f76e65f3dda39e6603",
            "shape": [
              256
            ],
            "state_name": "estimator.mid_blocks.7.1.1.norm3.weight"
          },
          {
            "dtype": "float32",
            "graph_name": "estimator.mid_blocks.7.1.1.norm3.bias",
            "length": 1024,
            "offset": 173501760,
            "sha256": "0cdb33d2eb60e23202e315d2f51165fb78735470d1490bd3ceee0982e1347138",
            "shape": [
              256
            ],
            "state_name": "estimator.mid_blocks.7.1.1.norm3.bias"
          },
          {
            "dtype": "float32",
            "graph_name": "estimator.mid_blocks.7.1.1.ff.net.0.proj.weight",
            "length": 1048576,
            "offset": 173502784,
            "sha256": "78e42c49af5ee88dad4ad30fd538569e79c8b48fc2caa13769bdc4b9aaa1d2a7",
            "shape": [
              1024,
              256
            ],
            "state_name": "estimator.mid_blocks.7.1.1.ff.net.0.proj.weight"
          },
          {
            "dtype": "float32",
            "graph_name": "estimator.mid_blocks.7.1.1.ff.net.0.proj.bias",
            "length": 4096,
            "offset": 174551360,
            "sha256": "fc9eec59d73a1a3aa25722dc28e7041668e17bd6e22ab32d864ae17dd16792d3",
            "shape": [
              1024
            ],
            "state_name": "estimator.mid_blocks.7.1.1.ff.net.0.proj.bias"
          },
          {
            "dtype": "float32",
            "graph_name": "estimator.mid_blocks.7.1.1.ff.net.2.weight",
            "length": 1048576,
            "offset": 174555456,
            "sha256": "a6590045e8640d710fae4ccc6373c0c434d9e2edf3622616e5aff3de94b0267e",
            "shape": [
              256,
              1024
            ],
            "state_name": "estimator.mid_blocks.7.1.1.ff.net.2.weight"
          },
          {
            "dtype": "float32",
            "graph_name": "estimator.mid_blocks.7.1.1.ff.net.2.bias",
            "length": 1024,
            "offset": 175604032,
            "sha256": "48aed3f57b5cd5adfb93b7188129576004a565e495aeb1c1537aff9a53320000",
            "shape": [
              256
            ],
            "state_name": "estimator.mid_blocks.7.1.1.ff.net.2.bias"
          },
          {
            "dtype": "float32",
            "graph_name": "estimator.mid_blocks.7.1.2.norm1.weight",
            "length": 1024,
            "offset": 175605056,
            "sha256": "73790ba2493dae089a0dcb04795c3e7679386aea0bdb9cc3d8a291f8ae5e5784",
            "shape": [
              256
            ],
            "state_name": "estimator.mid_blocks.7.1.2.norm1.weight"
          },
          {
            "dtype": "float32",
            "graph_name": "estimator.mid_blocks.7.1.2.norm1.bias",
            "length": 1024,
            "offset": 175606080,
            "sha256": "ca35c4d763505a919ad0e691c8257845d0e3a86ec4f1739e594ffafaac7e15bb",
            "shape": [
              256
            ],
            "state_name": "estimator.mid_blocks.7.1.2.norm1.bias"
          },
          {
            "dtype": "float32",
            "graph_name": "estimator.mid_blocks.7.1.2.attn1.to_q.weight",
            "length": 524288,
            "offset": 175607104,
            "sha256": "49aff359bbf9b1513d7e389345a1b387d728184662d69b2a5f0e45fe60b49770",
            "shape": [
              512,
              256
            ],
            "state_name": "estimator.mid_blocks.7.1.2.attn1.to_q.weight"
          },
          {
            "dtype": "float32",
            "graph_name": "estimator.mid_blocks.7.1.2.attn1.to_k.weight",
            "length": 524288,
            "offset": 176131392,
            "sha256": "777fbf905488baa39e8d0ad70ca98ffc3889b571260614a5316b9d4eb8e06720",
            "shape": [
              512,
              256
            ],
            "state_name": "estimator.mid_blocks.7.1.2.attn1.to_k.weight"
          },
          {
            "dtype": "float32",
            "graph_name": "estimator.mid_blocks.7.1.2.attn1.to_v.weight",
            "length": 524288,
            "offset": 176655680,
            "sha256": "2176dc27f57b5009e71f7aae2c0fca784eef11c6b39ccd1df2ed7b45de677462",
            "shape": [
              512,
              256
            ],
            "state_name": "estimator.mid_blocks.7.1.2.attn1.to_v.weight"
          },
          {
            "dtype": "float32",
            "graph_name": "estimator.mid_blocks.7.1.2.attn1.to_out.0.weight",
            "length": 524288,
            "offset": 177179968,
            "sha256": "b67deb2608960eaf27e17229aa97c405753635e943919bf46a360799b6b156ed",
            "shape": [
              256,
              512
            ],
            "state_name": "estimator.mid_blocks.7.1.2.attn1.to_out.0.weight"
          },
          {
            "dtype": "float32",
            "graph_name": "estimator.mid_blocks.7.1.2.attn1.to_out.0.bias",
            "length": 1024,
            "offset": 177704256,
            "sha256": "392d6cf20fe8c335f538c51d639177d53e2564f812a99e2aaa17a4eb647286d9",
            "shape": [
              256
            ],
            "state_name": "estimator.mid_blocks.7.1.2.attn1.to_out.0.bias"
          },
          {
            "dtype": "float32",
            "graph_name": "estimator.mid_blocks.7.1.2.norm3.weight",
            "length": 1024,
            "offset": 177705280,
            "sha256": "b3314c2efae6cbdaacd93083fc49a51b0fe457f3d3031b45262a690c5eede98b",
            "shape": [
              256
            ],
            "state_name": "estimator.mid_blocks.7.1.2.norm3.weight"
          },
          {
            "dtype": "float32",
            "graph_name": "estimator.mid_blocks.7.1.2.norm3.bias",
            "length": 1024,
            "offset": 177706304,
            "sha256": "3f5bd530c5e2310f00097447a7a41ac56da88fca77f5da3c19379f4b6eb2f0c7",
            "shape": [
              256
            ],
            "state_name": "estimator.mid_blocks.7.1.2.norm3.bias"
          },
          {
            "dtype": "float32",
            "graph_name": "estimator.mid_blocks.7.1.2.ff.net.0.proj.weight",
            "length": 1048576,
            "offset": 177707328,
            "sha256": "a0cd8e95016be72dbf6f328458cf3083e02b93f68c5393380ed0640a2e024034",
            "shape": [
              1024,
              256
            ],
            "state_name": "estimator.mid_blocks.7.1.2.ff.net.0.proj.weight"
          },
          {
            "dtype": "float32",
            "graph_name": "estimator.mid_blocks.7.1.2.ff.net.0.proj.bias",
            "length": 4096,
            "offset": 178755904,
            "sha256": "406a7ffd1f54e4080eaf99b1dd7b0bb291ef9d870fdf5013fbaa320b9d48869a",
            "shape": [
              1024
            ],
            "state_name": "estimator.mid_blocks.7.1.2.ff.net.0.proj.bias"
          },
          {
            "dtype": "float32",
            "graph_name": "estimator.mid_blocks.7.1.2.ff.net.2.weight",
            "length": 1048576,
            "offset": 178760000,
            "sha256": "4e07ba516f1e3ca01d3049176ba1282b489276d78ed9cd81511ba156247efe9d",
            "shape": [
              256,
              1024
            ],
            "state_name": "estimator.mid_blocks.7.1.2.ff.net.2.weight"
          },
          {
            "dtype": "float32",
            "graph_name": "estimator.mid_blocks.7.1.2.ff.net.2.bias",
            "length": 1024,
            "offset": 179808576,
            "sha256": "60225d6737256c558740ed8f69524c648394bbb80187d5308d5ec876fa1e8f36",
            "shape": [
              256
            ],
            "state_name": "estimator.mid_blocks.7.1.2.ff.net.2.bias"
          },
          {
            "dtype": "float32",
            "graph_name": "estimator.mid_blocks.7.1.3.norm1.weight",
            "length": 1024,
            "offset": 179809600,
            "sha256": "ec2dd12108bf2219f49aa2d82437c99de84f9fe1f8118964f092a16e9f3df10c",
            "shape": [
              256
            ],
            "state_name": "estimator.mid_blocks.7.1.3.norm1.weight"
          },
          {
            "dtype": "float32",
            "graph_name": "estimator.mid_blocks.7.1.3.norm1.bias",
            "length": 1024,
            "offset": 179810624,
            "sha256": "1bd173a06bd2b5537f7101daf367568fa8a7d498b7e4d5508988c5d252669693",
            "shape": [
              256
            ],
            "state_name": "estimator.mid_blocks.7.1.3.norm1.bias"
          },
          {
            "dtype": "float32",
            "graph_name": "estimator.mid_blocks.7.1.3.attn1.to_q.weight",
            "length": 524288,
            "offset": 179811648,
            "sha256": "bc409d0595e06b392c7dc1ce97e6a29a026f696a623da864971e6bb7e60d9b5d",
            "shape": [
              512,
              256
            ],
            "state_name": "estimator.mid_blocks.7.1.3.attn1.to_q.weight"
          },
          {
            "dtype": "float32",
            "graph_name": "estimator.mid_blocks.7.1.3.attn1.to_k.weight",
            "length": 524288,
            "offset": 180335936,
            "sha256": "28386e5ced3c9c65c2c263b940898a39525be22a60f2682218355230b5329e6c",
            "shape": [
              512,
              256
            ],
            "state_name": "estimator.mid_blocks.7.1.3.attn1.to_k.weight"
          },
          {
            "dtype": "float32",
            "graph_name": "estimator.mid_blocks.7.1.3.attn1.to_v.weight",
            "length": 524288,
            "offset": 180860224,
            "sha256": "fe93ce18288419672f22630dca8465aba45a3d5f334ac651a57a11bcb2a26800",
            "shape": [
              512,
              256
            ],
            "state_name": "estimator.mid_blocks.7.1.3.attn1.to_v.weight"
          },
          {
            "dtype": "float32",
            "graph_name": "estimator.mid_blocks.7.1.3.attn1.to_out.0.weight",
            "length": 524288,
            "offset": 181384512,
            "sha256": "f67ea3e118dea770d49bd9589cf911c1dbe9a473b92f5dd48edc15dda13538c6",
            "shape": [
              256,
              512
            ],
            "state_name": "estimator.mid_blocks.7.1.3.attn1.to_out.0.weight"
          },
          {
            "dtype": "float32",
            "graph_name": "estimator.mid_blocks.7.1.3.attn1.to_out.0.bias",
            "length": 1024,
            "offset": 181908800,
            "sha256": "b43eb47149527bbbadfd662ae3110f69d21ce64d7580728823526787206089be",
            "shape": [
              256
            ],
            "state_name": "estimator.mid_blocks.7.1.3.attn1.to_out.0.bias"
          },
          {
            "dtype": "float32",
            "graph_name": "estimator.mid_blocks.7.1.3.norm3.weight",
            "length": 1024,
            "offset": 181909824,
            "sha256": "7bb56664dab4a31024c59c806691ac187ecdb9db3d6fd0353ae3d40f2fc9d1a8",
            "shape": [
              256
            ],
            "state_name": "estimator.mid_blocks.7.1.3.norm3.weight"
          },
          {
            "dtype": "float32",
            "graph_name": "estimator.mid_blocks.7.1.3.norm3.bias",
            "length": 1024,
            "offset": 181910848,
            "sha256": "8f0147dc61b2d2ef63995e1a1b2ae8681380c7c37953c59fa4221d41c7747a53",
            "shape": [
              256
            ],
            "state_name": "estimator.mid_blocks.7.1.3.norm3.bias"
          },
          {
            "dtype": "float32",
            "graph_name": "estimator.mid_blocks.7.1.3.ff.net.0.proj.weight",
            "length": 1048576,
            "offset": 181911872,
            "sha256": "48dde1948d9683c4d568933a75263bc1a336b93755f09735fe9023a3bb021e67",
            "shape": [
              1024,
              256
            ],
            "state_name": "estimator.mid_blocks.7.1.3.ff.net.0.proj.weight"
          },
          {
            "dtype": "float32",
            "graph_name": "estimator.mid_blocks.7.1.3.ff.net.0.proj.bias",
            "length": 4096,
            "offset": 182960448,
            "sha256": "1cc6eb108e853ded2e2ecb3814d3f1f86676e27188f622770b292f51b396cb2e",
            "shape": [
              1024
            ],
            "state_name": "estimator.mid_blocks.7.1.3.ff.net.0.proj.bias"
          },
          {
            "dtype": "float32",
            "graph_name": "estimator.mid_blocks.7.1.3.ff.net.2.weight",
            "length": 1048576,
            "offset": 182964544,
            "sha256": "359dedcc84837d9748f972ce689d5b839fa94dbe11c35c52e530987a54858e73",
            "shape": [
              256,
              1024
            ],
            "state_name": "estimator.mid_blocks.7.1.3.ff.net.2.weight"
          },
          {
            "dtype": "float32",
            "graph_name": "estimator.mid_blocks.7.1.3.ff.net.2.bias",
            "length": 1024,
            "offset": 184013120,
            "sha256": "a5db14000b3e631ac7c936bc625b8e2cd90f3b24274d7710261ad581b17e5895",
            "shape": [
              256
            ],
            "state_name": "estimator.mid_blocks.7.1.3.ff.net.2.bias"
          },
          {
            "dtype": "float32",
            "graph_name": "estimator.mid_blocks.8.0.mlp.1.weight",
            "length": 1048576,
            "offset": 184014144,
            "sha256": "4ba1aa25aa11c70b8b5824fffb76dbd4c81e07d3fd5c9b8544021b3d43a53fc1",
            "shape": [
              256,
              1024
            ],
            "state_name": "estimator.mid_blocks.8.0.mlp.1.weight"
          },
          {
            "dtype": "float32",
            "graph_name": "estimator.mid_blocks.8.0.mlp.1.bias",
            "length": 1024,
            "offset": 185062720,
            "sha256": "9ab44f3533287a9c81454068ef97425d6f436f22509d1522eaf083fe69693f19",
            "shape": [
              256
            ],
            "state_name": "estimator.mid_blocks.8.0.mlp.1.bias"
          },
          {
            "dtype": "float32",
            "graph_name": "estimator.mid_blocks.8.0.block1.block.0.weight",
            "length": 786432,
            "offset": 185063744,
            "sha256": "b16c6cb65bc1f915694b0af316463e0bf2c6bb3aeac572716288edec5a7d6a79",
            "shape": [
              256,
              256,
              3
            ],
            "state_name": "estimator.mid_blocks.8.0.block1.block.0.weight"
          },
          {
            "dtype": "float32",
            "graph_name": "estimator.mid_blocks.8.0.block1.block.0.bias",
            "length": 1024,
            "offset": 185850176,
            "sha256": "a3e30361522111d1bd06f7eac4680ec1897788f30511024b037eaba3248f5d5c",
            "shape": [
              256
            ],
            "state_name": "estimator.mid_blocks.8.0.block1.block.0.bias"
          },
          {
            "dtype": "float32",
            "graph_name": "estimator.mid_blocks.8.0.block1.block.2.weight",
            "length": 1024,
            "offset": 185851200,
            "sha256": "0f450f7404733b4d7e0f9271654f5d69f4d0013965a2b10069204c1a76b25ceb",
            "shape": [
              256
            ],
            "state_name": "estimator.mid_blocks.8.0.block1.block.2.weight"
          },
          {
            "dtype": "float32",
            "graph_name": "estimator.mid_blocks.8.0.block1.block.2.bias",
            "length": 1024,
            "offset": 185852224,
            "sha256": "1a3da52ac82a9c25e2f972e60adb235d9f925960e6c429a141e1ea7c387bb1fc",
            "shape": [
              256
            ],
            "state_name": "estimator.mid_blocks.8.0.block1.block.2.bias"
          },
          {
            "dtype": "float32",
            "graph_name": "estimator.mid_blocks.8.0.block2.block.0.weight",
            "length": 786432,
            "offset": 185853248,
            "sha256": "ceb104fd8506d504a84518292ab33318a52cf053f28466c0bda028cddee56c4c",
            "shape": [
              256,
              256,
              3
            ],
            "state_name": "estimator.mid_blocks.8.0.block2.block.0.weight"
          },
          {
            "dtype": "float32",
            "graph_name": "estimator.mid_blocks.8.0.block2.block.0.bias",
            "length": 1024,
            "offset": 186639680,
            "sha256": "8c360f5c2863156182534682e1032622d43d5e04caab341c54f5c5c4c6698353",
            "shape": [
              256
            ],
            "state_name": "estimator.mid_blocks.8.0.block2.block.0.bias"
          },
          {
            "dtype": "float32",
            "graph_name": "estimator.mid_blocks.8.0.block2.block.2.weight",
            "length": 1024,
            "offset": 186640704,
            "sha256": "0c52492de8c87f07da92425554054529c45adaca4584aae894609ad73bb850de",
            "shape": [
              256
            ],
            "state_name": "estimator.mid_blocks.8.0.block2.block.2.weight"
          },
          {
            "dtype": "float32",
            "graph_name": "estimator.mid_blocks.8.0.block2.block.2.bias",
            "length": 1024,
            "offset": 186641728,
            "sha256": "a5d1aafd6c4637e826d11ed1feda784e22e3454a679da93d12b18b7c408cc8a5",
            "shape": [
              256
            ],
            "state_name": "estimator.mid_blocks.8.0.block2.block.2.bias"
          },
          {
            "dtype": "float32",
            "graph_name": "estimator.mid_blocks.8.0.res_conv.weight",
            "length": 262144,
            "offset": 186642752,
            "sha256": "fc7bb57fb6cba8f30cd8d9a7967f3faf144bd8219b9648466d4b040bac56a8af",
            "shape": [
              256,
              256,
              1
            ],
            "state_name": "estimator.mid_blocks.8.0.res_conv.weight"
          },
          {
            "dtype": "float32",
            "graph_name": "estimator.mid_blocks.8.0.res_conv.bias",
            "length": 1024,
            "offset": 186904896,
            "sha256": "09da21f7d61068e3ddad89dc218cdc4eb1f8e2426b1689ef9001aa6758749006",
            "shape": [
              256
            ],
            "state_name": "estimator.mid_blocks.8.0.res_conv.bias"
          },
          {
            "dtype": "float32",
            "graph_name": "estimator.mid_blocks.8.1.0.norm1.weight",
            "length": 1024,
            "offset": 186905920,
            "sha256": "70901bf38dca94e052aec2e578470d5df71ee349c30760e94e1342add98fdd72",
            "shape": [
              256
            ],
            "state_name": "estimator.mid_blocks.8.1.0.norm1.weight"
          },
          {
            "dtype": "float32",
            "graph_name": "estimator.mid_blocks.8.1.0.norm1.bias",
            "length": 1024,
            "offset": 186906944,
            "sha256": "48f9a72da9e93729bfab46176496514f0597d6f9e153d7354e86a589c308701a",
            "shape": [
              256
            ],
            "state_name": "estimator.mid_blocks.8.1.0.norm1.bias"
          },
          {
            "dtype": "float32",
            "graph_name": "estimator.mid_blocks.8.1.0.attn1.to_q.weight",
            "length": 524288,
            "offset": 186907968,
            "sha256": "212ceca4aeeed5019e5de17b6516aea858539f53e8a108a77205405ea364409e",
            "shape": [
              512,
              256
            ],
            "state_name": "estimator.mid_blocks.8.1.0.attn1.to_q.weight"
          },
          {
            "dtype": "float32",
            "graph_name": "estimator.mid_blocks.8.1.0.attn1.to_k.weight",
            "length": 524288,
            "offset": 187432256,
            "sha256": "88367f07aa20afe90d135409e05cbd24f2df7823cf7ad1bf19fe49d95ef9373b",
            "shape": [
              512,
              256
            ],
            "state_name": "estimator.mid_blocks.8.1.0.attn1.to_k.weight"
          },
          {
            "dtype": "float32",
            "graph_name": "estimator.mid_blocks.8.1.0.attn1.to_v.weight",
            "length": 524288,
            "offset": 187956544,
            "sha256": "81dc98667bc0622968ed0c6b684f1b2a178e09f07509646486c3bb29ad5bdc3a",
            "shape": [
              512,
              256
            ],
            "state_name": "estimator.mid_blocks.8.1.0.attn1.to_v.weight"
          },
          {
            "dtype": "float32",
            "graph_name": "estimator.mid_blocks.8.1.0.attn1.to_out.0.weight",
            "length": 524288,
            "offset": 188480832,
            "sha256": "038c4aa9cd53bb3e75e3866a3faf68a76afad54e394a0508424ea62fb22ed645",
            "shape": [
              256,
              512
            ],
            "state_name": "estimator.mid_blocks.8.1.0.attn1.to_out.0.weight"
          },
          {
            "dtype": "float32",
            "graph_name": "estimator.mid_blocks.8.1.0.attn1.to_out.0.bias",
            "length": 1024,
            "offset": 189005120,
            "sha256": "1215ad4637d050547ac38a9a3e5b5d6d3b96a0fd6dfc137df1d5f44524f24173",
            "shape": [
              256
            ],
            "state_name": "estimator.mid_blocks.8.1.0.attn1.to_out.0.bias"
          },
          {
            "dtype": "float32",
            "graph_name": "estimator.mid_blocks.8.1.0.norm3.weight",
            "length": 1024,
            "offset": 189006144,
            "sha256": "31e067dbef393695e58e629637766930ddee115fb42d3a86d1a1deac4ed8c57c",
            "shape": [
              256
            ],
            "state_name": "estimator.mid_blocks.8.1.0.norm3.weight"
          },
          {
            "dtype": "float32",
            "graph_name": "estimator.mid_blocks.8.1.0.norm3.bias",
            "length": 1024,
            "offset": 189007168,
            "sha256": "5d3d4ec09b0588538ecf35936c41d0128eecc1d3f74d47babb73c679213dabb5",
            "shape": [
              256
            ],
            "state_name": "estimator.mid_blocks.8.1.0.norm3.bias"
          },
          {
            "dtype": "float32",
            "graph_name": "estimator.mid_blocks.8.1.0.ff.net.0.proj.weight",
            "length": 1048576,
            "offset": 189008192,
            "sha256": "d4e37895ad3771f22576f5971bbe886d20be8337559b5862bd609c09969294ff",
            "shape": [
              1024,
              256
            ],
            "state_name": "estimator.mid_blocks.8.1.0.ff.net.0.proj.weight"
          },
          {
            "dtype": "float32",
            "graph_name": "estimator.mid_blocks.8.1.0.ff.net.0.proj.bias",
            "length": 4096,
            "offset": 190056768,
            "sha256": "d3bf9e67387be3bcff429f63b9fbe653936b2eb0dfab5404a9292e8d7c2f4d1a",
            "shape": [
              1024
            ],
            "state_name": "estimator.mid_blocks.8.1.0.ff.net.0.proj.bias"
          },
          {
            "dtype": "float32",
            "graph_name": "estimator.mid_blocks.8.1.0.ff.net.2.weight",
            "length": 1048576,
            "offset": 190060864,
            "sha256": "289052ce5547bc4d1c169f6cc38c3495b1f28f9df60730ca0b77951fcc577006",
            "shape": [
              256,
              1024
            ],
            "state_name": "estimator.mid_blocks.8.1.0.ff.net.2.weight"
          },
          {
            "dtype": "float32",
            "graph_name": "estimator.mid_blocks.8.1.0.ff.net.2.bias",
            "length": 1024,
            "offset": 191109440,
            "sha256": "9572c5fa499e928e19a713fce727874fe10fcf769d1815ee0674d0cecbec8ee8",
            "shape": [
              256
            ],
            "state_name": "estimator.mid_blocks.8.1.0.ff.net.2.bias"
          },
          {
            "dtype": "float32",
            "graph_name": "estimator.mid_blocks.8.1.1.norm1.weight",
            "length": 1024,
            "offset": 191110464,
            "sha256": "2b4501e3c4f1fa4c664e183e5688d880363552d32efa166b7ffbcc03d916a3cf",
            "shape": [
              256
            ],
            "state_name": "estimator.mid_blocks.8.1.1.norm1.weight"
          },
          {
            "dtype": "float32",
            "graph_name": "estimator.mid_blocks.8.1.1.norm1.bias",
            "length": 1024,
            "offset": 191111488,
            "sha256": "58fc6c7824106f30c59ee1c4e4eba5917ea1dfc85bfd35edc8bfc3df42589c45",
            "shape": [
              256
            ],
            "state_name": "estimator.mid_blocks.8.1.1.norm1.bias"
          },
          {
            "dtype": "float32",
            "graph_name": "estimator.mid_blocks.8.1.1.attn1.to_q.weight",
            "length": 524288,
            "offset": 191112512,
            "sha256": "6a8cc37ed99cc3e53712a0839396ce6b1211d70a93033665d1309a18c44ed4a2",
            "shape": [
              512,
              256
            ],
            "state_name": "estimator.mid_blocks.8.1.1.attn1.to_q.weight"
          },
          {
            "dtype": "float32",
            "graph_name": "estimator.mid_blocks.8.1.1.attn1.to_k.weight",
            "length": 524288,
            "offset": 191636800,
            "sha256": "5eab5d28d0c76efa26b2a41bd921c20e051b6ab839fb10c3fe3e0d979fa69405",
            "shape": [
              512,
              256
            ],
            "state_name": "estimator.mid_blocks.8.1.1.attn1.to_k.weight"
          },
          {
            "dtype": "float32",
            "graph_name": "estimator.mid_blocks.8.1.1.attn1.to_v.weight",
            "length": 524288,
            "offset": 192161088,
            "sha256": "2d234a4e0b41e73d80880d1f6ade03ac786a45cb244746aaae66a9d5a03750c6",
            "shape": [
              512,
              256
            ],
            "state_name": "estimator.mid_blocks.8.1.1.attn1.to_v.weight"
          },
          {
            "dtype": "float32",
            "graph_name": "estimator.mid_blocks.8.1.1.attn1.to_out.0.weight",
            "length": 524288,
            "offset": 192685376,
            "sha256": "9aea6f2a2fc898994c6ebc1aec3bfabfd843ccc771c58747d0784381cfbbdcea",
            "shape": [
              256,
              512
            ],
            "state_name": "estimator.mid_blocks.8.1.1.attn1.to_out.0.weight"
          },
          {
            "dtype": "float32",
            "graph_name": "estimator.mid_blocks.8.1.1.attn1.to_out.0.bias",
            "length": 1024,
            "offset": 193209664,
            "sha256": "097dc23ce8244fe5847984b2928f4ddf001005e5e5d0c5aa486de50e4aa96ca1",
            "shape": [
              256
            ],
            "state_name": "estimator.mid_blocks.8.1.1.attn1.to_out.0.bias"
          },
          {
            "dtype": "float32",
            "graph_name": "estimator.mid_blocks.8.1.1.norm3.weight",
            "length": 1024,
            "offset": 193210688,
            "sha256": "84f7febfaf8944fb5044b1dec098f594d8deb3d6fdb41a90497b79ee26c0ba88",
            "shape": [
              256
            ],
            "state_name": "estimator.mid_blocks.8.1.1.norm3.weight"
          },
          {
            "dtype": "float32",
            "graph_name": "estimator.mid_blocks.8.1.1.norm3.bias",
            "length": 1024,
            "offset": 193211712,
            "sha256": "bbb73f1c1eaaf4f95e549d98a03dd6d876f73d9a40a33adc542a9a0d5ceaa3a1",
            "shape": [
              256
            ],
            "state_name": "estimator.mid_blocks.8.1.1.norm3.bias"
          },
          {
            "dtype": "float32",
            "graph_name": "estimator.mid_blocks.8.1.1.ff.net.0.proj.weight",
            "length": 1048576,
            "offset": 193212736,
            "sha256": "4f551f3c5340792060afdc371632727b9f4d3c684f3ffc44b98362dba7137d7a",
            "shape": [
              1024,
              256
            ],
            "state_name": "estimator.mid_blocks.8.1.1.ff.net.0.proj.weight"
          },
          {
            "dtype": "float32",
            "graph_name": "estimator.mid_blocks.8.1.1.ff.net.0.proj.bias",
            "length": 4096,
            "offset": 194261312,
            "sha256": "dbb082a91dfda5a6534ef072bd130a016c88484d9513eb490cd93029e877d1b2",
            "shape": [
              1024
            ],
            "state_name": "estimator.mid_blocks.8.1.1.ff.net.0.proj.bias"
          },
          {
            "dtype": "float32",
            "graph_name": "estimator.mid_blocks.8.1.1.ff.net.2.weight",
            "length": 1048576,
            "offset": 194265408,
            "sha256": "4c397f7a426eed978bd814b9c0ef95761c5447b9fe29c9aef70b2ed25831e7f9",
            "shape": [
              256,
              1024
            ],
            "state_name": "estimator.mid_blocks.8.1.1.ff.net.2.weight"
          },
          {
            "dtype": "float32",
            "graph_name": "estimator.mid_blocks.8.1.1.ff.net.2.bias",
            "length": 1024,
            "offset": 195313984,
            "sha256": "d05872fe37f5f983d9b8ed08a89de083ac6d879adf11b51e89d4eec40cd18936",
            "shape": [
              256
            ],
            "state_name": "estimator.mid_blocks.8.1.1.ff.net.2.bias"
          },
          {
            "dtype": "float32",
            "graph_name": "estimator.mid_blocks.8.1.2.norm1.weight",
            "length": 1024,
            "offset": 195315008,
            "sha256": "155bd3351c235db9eec85be11318b4fe64592c0c8b41d63d17478fa0019553bd",
            "shape": [
              256
            ],
            "state_name": "estimator.mid_blocks.8.1.2.norm1.weight"
          },
          {
            "dtype": "float32",
            "graph_name": "estimator.mid_blocks.8.1.2.norm1.bias",
            "length": 1024,
            "offset": 195316032,
            "sha256": "2ee30c81acb61230c62a6328216c58e6a8926b279e729275dca8221ae1425e70",
            "shape": [
              256
            ],
            "state_name": "estimator.mid_blocks.8.1.2.norm1.bias"
          },
          {
            "dtype": "float32",
            "graph_name": "estimator.mid_blocks.8.1.2.attn1.to_q.weight",
            "length": 524288,
            "offset": 195317056,
            "sha256": "ec4f55809f2104af6c380449356dd309c6c1001d95536cf7de65a5a1803f6d80",
            "shape": [
              512,
              256
            ],
            "state_name": "estimator.mid_blocks.8.1.2.attn1.to_q.weight"
          },
          {
            "dtype": "float32",
            "graph_name": "estimator.mid_blocks.8.1.2.attn1.to_k.weight",
            "length": 524288,
            "offset": 195841344,
            "sha256": "f5ca67a15df86de122dd0195d28619fb0a1e6dc60875ec112a743b96d08863e5",
            "shape": [
              512,
              256
            ],
            "state_name": "estimator.mid_blocks.8.1.2.attn1.to_k.weight"
          },
          {
            "dtype": "float32",
            "graph_name": "estimator.mid_blocks.8.1.2.attn1.to_v.weight",
            "length": 524288,
            "offset": 196365632,
            "sha256": "c2f2b41679c7093bc5cd745461878f50a1de42ef513d5086402246b0adeff109",
            "shape": [
              512,
              256
            ],
            "state_name": "estimator.mid_blocks.8.1.2.attn1.to_v.weight"
          },
          {
            "dtype": "float32",
            "graph_name": "estimator.mid_blocks.8.1.2.attn1.to_out.0.weight",
            "length": 524288,
            "offset": 196889920,
            "sha256": "4fc9c74e6eb965ca4398f41cee66e5b1c6d2a42528bb70fdfac0b963ddc1a481",
            "shape": [
              256,
              512
            ],
            "state_name": "estimator.mid_blocks.8.1.2.attn1.to_out.0.weight"
          },
          {
            "dtype": "float32",
            "graph_name": "estimator.mid_blocks.8.1.2.attn1.to_out.0.bias",
            "length": 1024,
            "offset": 197414208,
            "sha256": "d76efcdb6980eecca3973605f7774f21ffaf218c717ba0941f6a8577af6b0ca9",
            "shape": [
              256
            ],
            "state_name": "estimator.mid_blocks.8.1.2.attn1.to_out.0.bias"
          },
          {
            "dtype": "float32",
            "graph_name": "estimator.mid_blocks.8.1.2.norm3.weight",
            "length": 1024,
            "offset": 197415232,
            "sha256": "17bcee58d5b4d377e41efee9e8f3c8fec164eb48657530021ebef0b3d0916dec",
            "shape": [
              256
            ],
            "state_name": "estimator.mid_blocks.8.1.2.norm3.weight"
          },
          {
            "dtype": "float32",
            "graph_name": "estimator.mid_blocks.8.1.2.norm3.bias",
            "length": 1024,
            "offset": 197416256,
            "sha256": "2f89ba4a59dddb1cb478f4a5c6bd04e14ac5226b226de7e0c2cc0378e67952e1",
            "shape": [
              256
            ],
            "state_name": "estimator.mid_blocks.8.1.2.norm3.bias"
          },
          {
            "dtype": "float32",
            "graph_name": "estimator.mid_blocks.8.1.2.ff.net.0.proj.weight",
            "length": 1048576,
            "offset": 197417280,
            "sha256": "bedb0c4567a8c5410c39193077bce8acce30e85bdb8c12004aaaf2e9bc690c95",
            "shape": [
              1024,
              256
            ],
            "state_name": "estimator.mid_blocks.8.1.2.ff.net.0.proj.weight"
          },
          {
            "dtype": "float32",
            "graph_name": "estimator.mid_blocks.8.1.2.ff.net.0.proj.bias",
            "length": 4096,
            "offset": 198465856,
            "sha256": "3e35e5ccd70164fc1c07266eacbee4419da159b727792c5054a9ad71fb158b63",
            "shape": [
              1024
            ],
            "state_name": "estimator.mid_blocks.8.1.2.ff.net.0.proj.bias"
          },
          {
            "dtype": "float32",
            "graph_name": "estimator.mid_blocks.8.1.2.ff.net.2.weight",
            "length": 1048576,
            "offset": 198469952,
            "sha256": "4aad07a23a40100c79190670fc90f6f69c275d90248df9a5b294e621d1bd7f1c",
            "shape": [
              256,
              1024
            ],
            "state_name": "estimator.mid_blocks.8.1.2.ff.net.2.weight"
          },
          {
            "dtype": "float32",
            "graph_name": "estimator.mid_blocks.8.1.2.ff.net.2.bias",
            "length": 1024,
            "offset": 199518528,
            "sha256": "c5aea0a567c1d66d4c945d75870f46338bc534a5669215392731260537e9d879",
            "shape": [
              256
            ],
            "state_name": "estimator.mid_blocks.8.1.2.ff.net.2.bias"
          },
          {
            "dtype": "float32",
            "graph_name": "estimator.mid_blocks.8.1.3.norm1.weight",
            "length": 1024,
            "offset": 199519552,
            "sha256": "40b2f6bd89d3c27292a16e521bac52c279cd25dbeae3914f276de317c49d9e19",
            "shape": [
              256
            ],
            "state_name": "estimator.mid_blocks.8.1.3.norm1.weight"
          },
          {
            "dtype": "float32",
            "graph_name": "estimator.mid_blocks.8.1.3.norm1.bias",
            "length": 1024,
            "offset": 199520576,
            "sha256": "01141878b4141fc43b66e01e638fdb0c1c227191de3a37650d42db8550131996",
            "shape": [
              256
            ],
            "state_name": "estimator.mid_blocks.8.1.3.norm1.bias"
          },
          {
            "dtype": "float32",
            "graph_name": "estimator.mid_blocks.8.1.3.attn1.to_q.weight",
            "length": 524288,
            "offset": 199521600,
            "sha256": "a2bb77bfe2359f7bfa8a4f2f57c41a2be693dd0daae4c85eac8b469ef2f5ba77",
            "shape": [
              512,
              256
            ],
            "state_name": "estimator.mid_blocks.8.1.3.attn1.to_q.weight"
          },
          {
            "dtype": "float32",
            "graph_name": "estimator.mid_blocks.8.1.3.attn1.to_k.weight",
            "length": 524288,
            "offset": 200045888,
            "sha256": "7584937b3da149318e27b9010ce0ca1a9960dcbae514aa9bbae56e9eef8d4c33",
            "shape": [
              512,
              256
            ],
            "state_name": "estimator.mid_blocks.8.1.3.attn1.to_k.weight"
          },
          {
            "dtype": "float32",
            "graph_name": "estimator.mid_blocks.8.1.3.attn1.to_v.weight",
            "length": 524288,
            "offset": 200570176,
            "sha256": "c778f3619ee7355990c6ba02520c27a6adbd7d587bd09eea436446be315ed506",
            "shape": [
              512,
              256
            ],
            "state_name": "estimator.mid_blocks.8.1.3.attn1.to_v.weight"
          },
          {
            "dtype": "float32",
            "graph_name": "estimator.mid_blocks.8.1.3.attn1.to_out.0.weight",
            "length": 524288,
            "offset": 201094464,
            "sha256": "28e1e8fec129602d7ae0517b27b1aeb5eb74ff29c4b81c6f48e80af0ef564e25",
            "shape": [
              256,
              512
            ],
            "state_name": "estimator.mid_blocks.8.1.3.attn1.to_out.0.weight"
          },
          {
            "dtype": "float32",
            "graph_name": "estimator.mid_blocks.8.1.3.attn1.to_out.0.bias",
            "length": 1024,
            "offset": 201618752,
            "sha256": "4baecd99c57faf1f20e22ecb1912ef2ecfd8d4de3c664e21c87f410778087572",
            "shape": [
              256
            ],
            "state_name": "estimator.mid_blocks.8.1.3.attn1.to_out.0.bias"
          },
          {
            "dtype": "float32",
            "graph_name": "estimator.mid_blocks.8.1.3.norm3.weight",
            "length": 1024,
            "offset": 201619776,
            "sha256": "0b9827f259a2807527690241f82e12a5d0733b2880017f6123e99fa79bedc8a8",
            "shape": [
              256
            ],
            "state_name": "estimator.mid_blocks.8.1.3.norm3.weight"
          },
          {
            "dtype": "float32",
            "graph_name": "estimator.mid_blocks.8.1.3.norm3.bias",
            "length": 1024,
            "offset": 201620800,
            "sha256": "5dc50249e92aa161b50d57f1e34f930d3bd104011468fc790c88db71b7fd2f44",
            "shape": [
              256
            ],
            "state_name": "estimator.mid_blocks.8.1.3.norm3.bias"
          },
          {
            "dtype": "float32",
            "graph_name": "estimator.mid_blocks.8.1.3.ff.net.0.proj.weight",
            "length": 1048576,
            "offset": 201621824,
            "sha256": "011d4a7156e7c28786ecd04b8585e989f7f3c0b8b4b0de07823c3d96b2017e5b",
            "shape": [
              1024,
              256
            ],
            "state_name": "estimator.mid_blocks.8.1.3.ff.net.0.proj.weight"
          },
          {
            "dtype": "float32",
            "graph_name": "estimator.mid_blocks.8.1.3.ff.net.0.proj.bias",
            "length": 4096,
            "offset": 202670400,
            "sha256": "e5995fcd2eb8a94f45108309a63df18496d0b74845aefe869d65c88a34d4e37a",
            "shape": [
              1024
            ],
            "state_name": "estimator.mid_blocks.8.1.3.ff.net.0.proj.bias"
          },
          {
            "dtype": "float32",
            "graph_name": "estimator.mid_blocks.8.1.3.ff.net.2.weight",
            "length": 1048576,
            "offset": 202674496,
            "sha256": "f2a228118bfc53372a521c078a4c56afade896c461aab1bcfb08d5ddebefd94a",
            "shape": [
              256,
              1024
            ],
            "state_name": "estimator.mid_blocks.8.1.3.ff.net.2.weight"
          },
          {
            "dtype": "float32",
            "graph_name": "estimator.mid_blocks.8.1.3.ff.net.2.bias",
            "length": 1024,
            "offset": 203723072,
            "sha256": "242eb0982587dbbffa1092d607c411330b938bb98e816f0f04ffbed5b2f75838",
            "shape": [
              256
            ],
            "state_name": "estimator.mid_blocks.8.1.3.ff.net.2.bias"
          },
          {
            "dtype": "float32",
            "graph_name": "estimator.mid_blocks.9.0.mlp.1.weight",
            "length": 1048576,
            "offset": 203724096,
            "sha256": "e43ed97c2051ccd9fd1ec12c81183cd3a918dc321af9713a907fd528c3661ec2",
            "shape": [
              256,
              1024
            ],
            "state_name": "estimator.mid_blocks.9.0.mlp.1.weight"
          },
          {
            "dtype": "float32",
            "graph_name": "estimator.mid_blocks.9.0.mlp.1.bias",
            "length": 1024,
            "offset": 204772672,
            "sha256": "415678a02fb73bc5c8fb53894a2f1296c95d151338884030b58ca819eea5ea52",
            "shape": [
              256
            ],
            "state_name": "estimator.mid_blocks.9.0.mlp.1.bias"
          },
          {
            "dtype": "float32",
            "graph_name": "estimator.mid_blocks.9.0.block1.block.0.weight",
            "length": 786432,
            "offset": 204773696,
            "sha256": "0eb9877aba4c14def2292d430dd0d437d41e4e18f5a0c7f0629a330bbaff4a1c",
            "shape": [
              256,
              256,
              3
            ],
            "state_name": "estimator.mid_blocks.9.0.block1.block.0.weight"
          },
          {
            "dtype": "float32",
            "graph_name": "estimator.mid_blocks.9.0.block1.block.0.bias",
            "length": 1024,
            "offset": 205560128,
            "sha256": "12dbc58dfa3a0a65d406e8d0f0464fb6b69900bc4911b842fa5d068a99213eed",
            "shape": [
              256
            ],
            "state_name": "estimator.mid_blocks.9.0.block1.block.0.bias"
          },
          {
            "dtype": "float32",
            "graph_name": "estimator.mid_blocks.9.0.block1.block.2.weight",
            "length": 1024,
            "offset": 205561152,
            "sha256": "8a375795aff6f2544caf8b2499cdcd0e2c915f2201b7175f6a3b7629a3f41675",
            "shape": [
              256
            ],
            "state_name": "estimator.mid_blocks.9.0.block1.block.2.weight"
          },
          {
            "dtype": "float32",
            "graph_name": "estimator.mid_blocks.9.0.block1.block.2.bias",
            "length": 1024,
            "offset": 205562176,
            "sha256": "59fa39c0dd65523b024fac5874b65d240e2156caea3a6397bf9be99b09f36f53",
            "shape": [
              256
            ],
            "state_name": "estimator.mid_blocks.9.0.block1.block.2.bias"
          },
          {
            "dtype": "float32",
            "graph_name": "estimator.mid_blocks.9.0.block2.block.0.weight",
            "length": 786432,
            "offset": 205563200,
            "sha256": "ccc8d93187a7900f1fb8160d994e7a79f37b5403c805dcaf8f1a51624d635e55",
            "shape": [
              256,
              256,
              3
            ],
            "state_name": "estimator.mid_blocks.9.0.block2.block.0.weight"
          },
          {
            "dtype": "float32",
            "graph_name": "estimator.mid_blocks.9.0.block2.block.0.bias",
            "length": 1024,
            "offset": 206349632,
            "sha256": "4a2f319b141890b085459432df95e9607b3378924d84bbf759c494145db7d26c",
            "shape": [
              256
            ],
            "state_name": "estimator.mid_blocks.9.0.block2.block.0.bias"
          },
          {
            "dtype": "float32",
            "graph_name": "estimator.mid_blocks.9.0.block2.block.2.weight",
            "length": 1024,
            "offset": 206350656,
            "sha256": "4043eea6626f39d2b9889f798d16eed59abe4823f74449fa22026f40bed526e7",
            "shape": [
              256
            ],
            "state_name": "estimator.mid_blocks.9.0.block2.block.2.weight"
          },
          {
            "dtype": "float32",
            "graph_name": "estimator.mid_blocks.9.0.block2.block.2.bias",
            "length": 1024,
            "offset": 206351680,
            "sha256": "04b80081d513cfabea1ae6c3a1d3f39d8a033ec051496cbfe386fd70999a1917",
            "shape": [
              256
            ],
            "state_name": "estimator.mid_blocks.9.0.block2.block.2.bias"
          },
          {
            "dtype": "float32",
            "graph_name": "estimator.mid_blocks.9.0.res_conv.weight",
            "length": 262144,
            "offset": 206352704,
            "sha256": "aca68697ad588c540f13f1ee2b299376a235d0e275f0ad0f20c37239cec98daa",
            "shape": [
              256,
              256,
              1
            ],
            "state_name": "estimator.mid_blocks.9.0.res_conv.weight"
          },
          {
            "dtype": "float32",
            "graph_name": "estimator.mid_blocks.9.0.res_conv.bias",
            "length": 1024,
            "offset": 206614848,
            "sha256": "8ebf5b0b5c688362bc047849cd4560b174b29b41cbbcaa46102e5b9f683c0c25",
            "shape": [
              256
            ],
            "state_name": "estimator.mid_blocks.9.0.res_conv.bias"
          },
          {
            "dtype": "float32",
            "graph_name": "estimator.mid_blocks.9.1.0.norm1.weight",
            "length": 1024,
            "offset": 206615872,
            "sha256": "ea47c92df7c26841594cb3c6804c3f0b669ef813da97908c6db88c40210dfb6e",
            "shape": [
              256
            ],
            "state_name": "estimator.mid_blocks.9.1.0.norm1.weight"
          },
          {
            "dtype": "float32",
            "graph_name": "estimator.mid_blocks.9.1.0.norm1.bias",
            "length": 1024,
            "offset": 206616896,
            "sha256": "886b92da43fac36155fee2a3a96775437b5e71e2595f7307b9fd5af7dc3d1f40",
            "shape": [
              256
            ],
            "state_name": "estimator.mid_blocks.9.1.0.norm1.bias"
          },
          {
            "dtype": "float32",
            "graph_name": "estimator.mid_blocks.9.1.0.attn1.to_q.weight",
            "length": 524288,
            "offset": 206617920,
            "sha256": "a14bd2497ce0a16aee6733d3bb2ac3961321ef2dab29265ffa6ae80e75d4d4b2",
            "shape": [
              512,
              256
            ],
            "state_name": "estimator.mid_blocks.9.1.0.attn1.to_q.weight"
          },
          {
            "dtype": "float32",
            "graph_name": "estimator.mid_blocks.9.1.0.attn1.to_k.weight",
            "length": 524288,
            "offset": 207142208,
            "sha256": "22dcb8a3b9f7e56eaa14998c01d0f544ea2c39f16c342555abbeab8917d230be",
            "shape": [
              512,
              256
            ],
            "state_name": "estimator.mid_blocks.9.1.0.attn1.to_k.weight"
          },
          {
            "dtype": "float32",
            "graph_name": "estimator.mid_blocks.9.1.0.attn1.to_v.weight",
            "length": 524288,
            "offset": 207666496,
            "sha256": "0cba9b08f52e340b854bbee61a2f81ffbe8e3d62c5925b8bdb7658d1a36723dc",
            "shape": [
              512,
              256
            ],
            "state_name": "estimator.mid_blocks.9.1.0.attn1.to_v.weight"
          },
          {
            "dtype": "float32",
            "graph_name": "estimator.mid_blocks.9.1.0.attn1.to_out.0.weight",
            "length": 524288,
            "offset": 208190784,
            "sha256": "e6d05d97f1188da85490433e5764f9a85f7faa11fc937c1d7582058e69e3020d",
            "shape": [
              256,
              512
            ],
            "state_name": "estimator.mid_blocks.9.1.0.attn1.to_out.0.weight"
          },
          {
            "dtype": "float32",
            "graph_name": "estimator.mid_blocks.9.1.0.attn1.to_out.0.bias",
            "length": 1024,
            "offset": 208715072,
            "sha256": "54cae40a0ffe19fec3b1e0ee841ff20eb96d8ae98144e7aa514adc1bec858c38",
            "shape": [
              256
            ],
            "state_name": "estimator.mid_blocks.9.1.0.attn1.to_out.0.bias"
          },
          {
            "dtype": "float32",
            "graph_name": "estimator.mid_blocks.9.1.0.norm3.weight",
            "length": 1024,
            "offset": 208716096,
            "sha256": "b4b7b2e6413d41244324a1704da3ed3a4e09d6fed3e6e248b23ee7588e23355d",
            "shape": [
              256
            ],
            "state_name": "estimator.mid_blocks.9.1.0.norm3.weight"
          },
          {
            "dtype": "float32",
            "graph_name": "estimator.mid_blocks.9.1.0.norm3.bias",
            "length": 1024,
            "offset": 208717120,
            "sha256": "b1b2ae4577c6c6fb0a9aa4a42bd122f83bfd45d26238dc514bdde8558d67bbdf",
            "shape": [
              256
            ],
            "state_name": "estimator.mid_blocks.9.1.0.norm3.bias"
          },
          {
            "dtype": "float32",
            "graph_name": "estimator.mid_blocks.9.1.0.ff.net.0.proj.weight",
            "length": 1048576,
            "offset": 208718144,
            "sha256": "74d860a8465475e11357b3c4307a814a3d2677c7b54fa0aebc926ac22c7dbec8",
            "shape": [
              1024,
              256
            ],
            "state_name": "estimator.mid_blocks.9.1.0.ff.net.0.proj.weight"
          },
          {
            "dtype": "float32",
            "graph_name": "estimator.mid_blocks.9.1.0.ff.net.0.proj.bias",
            "length": 4096,
            "offset": 209766720,
            "sha256": "506969ec214491cc786ea27f847bda76a8863d003d8011c5bc5a09028baf5fcb",
            "shape": [
              1024
            ],
            "state_name": "estimator.mid_blocks.9.1.0.ff.net.0.proj.bias"
          },
          {
            "dtype": "float32",
            "graph_name": "estimator.mid_blocks.9.1.0.ff.net.2.weight",
            "length": 1048576,
            "offset": 209770816,
            "sha256": "da7347bf22a67ef35815554cf77c68a43a2487fe8f7b09ac388e1daef9cb105c",
            "shape": [
              256,
              1024
            ],
            "state_name": "estimator.mid_blocks.9.1.0.ff.net.2.weight"
          },
          {
            "dtype": "float32",
            "graph_name": "estimator.mid_blocks.9.1.0.ff.net.2.bias",
            "length": 1024,
            "offset": 210819392,
            "sha256": "393767a664acb0e60fdb11b119faade29598506ecabd5c0490a5a27567fa0e22",
            "shape": [
              256
            ],
            "state_name": "estimator.mid_blocks.9.1.0.ff.net.2.bias"
          },
          {
            "dtype": "float32",
            "graph_name": "estimator.mid_blocks.9.1.1.norm1.weight",
            "length": 1024,
            "offset": 210820416,
            "sha256": "5cd71ed14eea5f005e630d28809f70ed54f29f7e51d3396c2b089e53feffb313",
            "shape": [
              256
            ],
            "state_name": "estimator.mid_blocks.9.1.1.norm1.weight"
          },
          {
            "dtype": "float32",
            "graph_name": "estimator.mid_blocks.9.1.1.norm1.bias",
            "length": 1024,
            "offset": 210821440,
            "sha256": "2e92720a74e5d00dff34f12cb8ff61761dc11cdff316406a3ae0b388286fdcd7",
            "shape": [
              256
            ],
            "state_name": "estimator.mid_blocks.9.1.1.norm1.bias"
          },
          {
            "dtype": "float32",
            "graph_name": "estimator.mid_blocks.9.1.1.attn1.to_q.weight",
            "length": 524288,
            "offset": 210822464,
            "sha256": "7890e073fb9f5c0ddab94bebb242e5475ddb89c0174615df99dde23f537c331c",
            "shape": [
              512,
              256
            ],
            "state_name": "estimator.mid_blocks.9.1.1.attn1.to_q.weight"
          },
          {
            "dtype": "float32",
            "graph_name": "estimator.mid_blocks.9.1.1.attn1.to_k.weight",
            "length": 524288,
            "offset": 211346752,
            "sha256": "49fc6be0d96a82a0c0cb8ff78f664411487b0f87185a86a112735cbcdfaca3dd",
            "shape": [
              512,
              256
            ],
            "state_name": "estimator.mid_blocks.9.1.1.attn1.to_k.weight"
          },
          {
            "dtype": "float32",
            "graph_name": "estimator.mid_blocks.9.1.1.attn1.to_v.weight",
            "length": 524288,
            "offset": 211871040,
            "sha256": "28ef855dd7fb1093810b50c26e5e796031d5d3dca1205361872faf65b9a72451",
            "shape": [
              512,
              256
            ],
            "state_name": "estimator.mid_blocks.9.1.1.attn1.to_v.weight"
          },
          {
            "dtype": "float32",
            "graph_name": "estimator.mid_blocks.9.1.1.attn1.to_out.0.weight",
            "length": 524288,
            "offset": 212395328,
            "sha256": "31328215028ad89756fa1fc9921f828f81968e93a554cc87b7dfd9ae2d43cc80",
            "shape": [
              256,
              512
            ],
            "state_name": "estimator.mid_blocks.9.1.1.attn1.to_out.0.weight"
          },
          {
            "dtype": "float32",
            "graph_name": "estimator.mid_blocks.9.1.1.attn1.to_out.0.bias",
            "length": 1024,
            "offset": 212919616,
            "sha256": "d5e3fb41c4c63216d2cc49d8f4aa92701e17d65d9bbd65c22ee79a0184638ae2",
            "shape": [
              256
            ],
            "state_name": "estimator.mid_blocks.9.1.1.attn1.to_out.0.bias"
          },
          {
            "dtype": "float32",
            "graph_name": "estimator.mid_blocks.9.1.1.norm3.weight",
            "length": 1024,
            "offset": 212920640,
            "sha256": "9411091676132afcbdad92620a50072684d194dd4a985babb9d169b28e3fad93",
            "shape": [
              256
            ],
            "state_name": "estimator.mid_blocks.9.1.1.norm3.weight"
          },
          {
            "dtype": "float32",
            "graph_name": "estimator.mid_blocks.9.1.1.norm3.bias",
            "length": 1024,
            "offset": 212921664,
            "sha256": "2f1a844686d59dfdd4d2303d51c92bb715047aa0df0985ef9cb5fc0871c923f0",
            "shape": [
              256
            ],
            "state_name": "estimator.mid_blocks.9.1.1.norm3.bias"
          },
          {
            "dtype": "float32",
            "graph_name": "estimator.mid_blocks.9.1.1.ff.net.0.proj.weight",
            "length": 1048576,
            "offset": 212922688,
            "sha256": "7e2de2dc1fdeeb3bb64a953132b06a3ef2c504e9a702f2549c901795209ce7a7",
            "shape": [
              1024,
              256
            ],
            "state_name": "estimator.mid_blocks.9.1.1.ff.net.0.proj.weight"
          },
          {
            "dtype": "float32",
            "graph_name": "estimator.mid_blocks.9.1.1.ff.net.0.proj.bias",
            "length": 4096,
            "offset": 213971264,
            "sha256": "d2d6e7eac253764c01da85a3622420d959c036b49ce5599433a9316a25542464",
            "shape": [
              1024
            ],
            "state_name": "estimator.mid_blocks.9.1.1.ff.net.0.proj.bias"
          },
          {
            "dtype": "float32",
            "graph_name": "estimator.mid_blocks.9.1.1.ff.net.2.weight",
            "length": 1048576,
            "offset": 213975360,
            "sha256": "ce50adedd14f2c460faec8b9a5d370406c6a2e1b0d9437f812c3b5db41b4949a",
            "shape": [
              256,
              1024
            ],
            "state_name": "estimator.mid_blocks.9.1.1.ff.net.2.weight"
          },
          {
            "dtype": "float32",
            "graph_name": "estimator.mid_blocks.9.1.1.ff.net.2.bias",
            "length": 1024,
            "offset": 215023936,
            "sha256": "7e789c35993d90918e0cb8e74815aed511700f23b138fe7409d05c7780014c09",
            "shape": [
              256
            ],
            "state_name": "estimator.mid_blocks.9.1.1.ff.net.2.bias"
          },
          {
            "dtype": "float32",
            "graph_name": "estimator.mid_blocks.9.1.2.norm1.weight",
            "length": 1024,
            "offset": 215024960,
            "sha256": "b14d172b67d805fc0493b96b35b40eecaedb714bb5cd3b052fac35f295e0603f",
            "shape": [
              256
            ],
            "state_name": "estimator.mid_blocks.9.1.2.norm1.weight"
          },
          {
            "dtype": "float32",
            "graph_name": "estimator.mid_blocks.9.1.2.norm1.bias",
            "length": 1024,
            "offset": 215025984,
            "sha256": "e463ee70da01049f6f2917954d3699b28459580e58bde441aee36caef0eadc45",
            "shape": [
              256
            ],
            "state_name": "estimator.mid_blocks.9.1.2.norm1.bias"
          },
          {
            "dtype": "float32",
            "graph_name": "estimator.mid_blocks.9.1.2.attn1.to_q.weight",
            "length": 524288,
            "offset": 215027008,
            "sha256": "a8cef6f7e7249159a4f4f30e1c9254ec58edfc908c3129813588dfc5ff8ab7e7",
            "shape": [
              512,
              256
            ],
            "state_name": "estimator.mid_blocks.9.1.2.attn1.to_q.weight"
          },
          {
            "dtype": "float32",
            "graph_name": "estimator.mid_blocks.9.1.2.attn1.to_k.weight",
            "length": 524288,
            "offset": 215551296,
            "sha256": "0c77d538b204577fa31a68c209c39ca1add69bd8c3c63e759346be0833a82e73",
            "shape": [
              512,
              256
            ],
            "state_name": "estimator.mid_blocks.9.1.2.attn1.to_k.weight"
          },
          {
            "dtype": "float32",
            "graph_name": "estimator.mid_blocks.9.1.2.attn1.to_v.weight",
            "length": 524288,
            "offset": 216075584,
            "sha256": "b65057f875e7137f2badd97bf185380f94d79791fcc148b98cb55cdf1065b9ab",
            "shape": [
              512,
              256
            ],
            "state_name": "estimator.mid_blocks.9.1.2.attn1.to_v.weight"
          },
          {
            "dtype": "float32",
            "graph_name": "estimator.mid_blocks.9.1.2.attn1.to_out.0.weight",
            "length": 524288,
            "offset": 216599872,
            "sha256": "8c1c7323704c0c4647e9a43ccc10c387094b6e6ec7d330c806d60699ea759973",
            "shape": [
              256,
              512
            ],
            "state_name": "estimator.mid_blocks.9.1.2.attn1.to_out.0.weight"
          },
          {
            "dtype": "float32",
            "graph_name": "estimator.mid_blocks.9.1.2.attn1.to_out.0.bias",
            "length": 1024,
            "offset": 217124160,
            "sha256": "fbdf65df69c345c45718f9ce51789669b88afea0400f3fd781e28ed8372be803",
            "shape": [
              256
            ],
            "state_name": "estimator.mid_blocks.9.1.2.attn1.to_out.0.bias"
          },
          {
            "dtype": "float32",
            "graph_name": "estimator.mid_blocks.9.1.2.norm3.weight",
            "length": 1024,
            "offset": 217125184,
            "sha256": "b352d1cc0c74fb1b3aa35d87abec45101cd9ab5da4bc8fb9116eb0db8ac81a81",
            "shape": [
              256
            ],
            "state_name": "estimator.mid_blocks.9.1.2.norm3.weight"
          },
          {
            "dtype": "float32",
            "graph_name": "estimator.mid_blocks.9.1.2.norm3.bias",
            "length": 1024,
            "offset": 217126208,
            "sha256": "8d0c38009626cdc46ad865b76dab9ddd583ec24fa5e6f45c827f5e345e8f9c6b",
            "shape": [
              256
            ],
            "state_name": "estimator.mid_blocks.9.1.2.norm3.bias"
          },
          {
            "dtype": "float32",
            "graph_name": "estimator.mid_blocks.9.1.2.ff.net.0.proj.weight",
            "length": 1048576,
            "offset": 217127232,
            "sha256": "f9dcc23773d78f6c2bdd5021994252ba5dcc8ab2ef98e856d512fc45db5b059a",
            "shape": [
              1024,
              256
            ],
            "state_name": "estimator.mid_blocks.9.1.2.ff.net.0.proj.weight"
          },
          {
            "dtype": "float32",
            "graph_name": "estimator.mid_blocks.9.1.2.ff.net.0.proj.bias",
            "length": 4096,
            "offset": 218175808,
            "sha256": "57bcbae557a65ddfe0290b31a1fededa24738aa95df98faa15ddcb2cf5db8083",
            "shape": [
              1024
            ],
            "state_name": "estimator.mid_blocks.9.1.2.ff.net.0.proj.bias"
          },
          {
            "dtype": "float32",
            "graph_name": "estimator.mid_blocks.9.1.2.ff.net.2.weight",
            "length": 1048576,
            "offset": 218179904,
            "sha256": "7a5c1753e2db255eb04ede7c948ebc912729a87bc80958caf030e72d24e6afcc",
            "shape": [
              256,
              1024
            ],
            "state_name": "estimator.mid_blocks.9.1.2.ff.net.2.weight"
          },
          {
            "dtype": "float32",
            "graph_name": "estimator.mid_blocks.9.1.2.ff.net.2.bias",
            "length": 1024,
            "offset": 219228480,
            "sha256": "7014d4fa0efb4f49a02afcf5015739ccc153abbbc203fc388c25fae799db6cac",
            "shape": [
              256
            ],
            "state_name": "estimator.mid_blocks.9.1.2.ff.net.2.bias"
          },
          {
            "dtype": "float32",
            "graph_name": "estimator.mid_blocks.9.1.3.norm1.weight",
            "length": 1024,
            "offset": 219229504,
            "sha256": "aaaf8e38177eddcfacaf82d94a99547f6bafc1bab4da6041deaf42a22f13d972",
            "shape": [
              256
            ],
            "state_name": "estimator.mid_blocks.9.1.3.norm1.weight"
          },
          {
            "dtype": "float32",
            "graph_name": "estimator.mid_blocks.9.1.3.norm1.bias",
            "length": 1024,
            "offset": 219230528,
            "sha256": "afc6a616ac1c5eb20061c05fbc80aa38200c33dd3745a7caf8b44410c4b5d45e",
            "shape": [
              256
            ],
            "state_name": "estimator.mid_blocks.9.1.3.norm1.bias"
          },
          {
            "dtype": "float32",
            "graph_name": "estimator.mid_blocks.9.1.3.attn1.to_q.weight",
            "length": 524288,
            "offset": 219231552,
            "sha256": "9dd47563aeb686c8fb12f970c6aa6bc12a97db647101f67dfeae55fa09152333",
            "shape": [
              512,
              256
            ],
            "state_name": "estimator.mid_blocks.9.1.3.attn1.to_q.weight"
          },
          {
            "dtype": "float32",
            "graph_name": "estimator.mid_blocks.9.1.3.attn1.to_k.weight",
            "length": 524288,
            "offset": 219755840,
            "sha256": "fef8eb5e373ba0512c3230e255009f6bca00babb9ec575445dd84a0482fa1a6e",
            "shape": [
              512,
              256
            ],
            "state_name": "estimator.mid_blocks.9.1.3.attn1.to_k.weight"
          },
          {
            "dtype": "float32",
            "graph_name": "estimator.mid_blocks.9.1.3.attn1.to_v.weight",
            "length": 524288,
            "offset": 220280128,
            "sha256": "bcb39f63da7e17543720b8cac6ce9d979010b5a15204f6f47e85e1044e12e201",
            "shape": [
              512,
              256
            ],
            "state_name": "estimator.mid_blocks.9.1.3.attn1.to_v.weight"
          },
          {
            "dtype": "float32",
            "graph_name": "estimator.mid_blocks.9.1.3.attn1.to_out.0.weight",
            "length": 524288,
            "offset": 220804416,
            "sha256": "3c46242d9028d8673a2d0f53e57656713671b0e22f13a62af90476fc2d413d24",
            "shape": [
              256,
              512
            ],
            "state_name": "estimator.mid_blocks.9.1.3.attn1.to_out.0.weight"
          },
          {
            "dtype": "float32",
            "graph_name": "estimator.mid_blocks.9.1.3.attn1.to_out.0.bias",
            "length": 1024,
            "offset": 221328704,
            "sha256": "115d5737b890eb04fef871534b6ea1e4030b132319968b9175cfb64e70a2f0dc",
            "shape": [
              256
            ],
            "state_name": "estimator.mid_blocks.9.1.3.attn1.to_out.0.bias"
          },
          {
            "dtype": "float32",
            "graph_name": "estimator.mid_blocks.9.1.3.norm3.weight",
            "length": 1024,
            "offset": 221329728,
            "sha256": "4a871cca3372469183ca354783634b37877a703b49df9a4dac8b7d40161dba4b",
            "shape": [
              256
            ],
            "state_name": "estimator.mid_blocks.9.1.3.norm3.weight"
          },
          {
            "dtype": "float32",
            "graph_name": "estimator.mid_blocks.9.1.3.norm3.bias",
            "length": 1024,
            "offset": 221330752,
            "sha256": "cfb9264c7311c8749136a3f6493cdd2b118f743f002fa4710b91d19cdab7c89a",
            "shape": [
              256
            ],
            "state_name": "estimator.mid_blocks.9.1.3.norm3.bias"
          },
          {
            "dtype": "float32",
            "graph_name": "estimator.mid_blocks.9.1.3.ff.net.0.proj.weight",
            "length": 1048576,
            "offset": 221331776,
            "sha256": "ca2777f1ce16c3949dcd6aa709a01eb4118890a0f5a0976dfba9222b4f23430d",
            "shape": [
              1024,
              256
            ],
            "state_name": "estimator.mid_blocks.9.1.3.ff.net.0.proj.weight"
          },
          {
            "dtype": "float32",
            "graph_name": "estimator.mid_blocks.9.1.3.ff.net.0.proj.bias",
            "length": 4096,
            "offset": 222380352,
            "sha256": "7d56b70af486cf5687d258bcd5cf198e08de75d5919ee9d5f00446e883c007c9",
            "shape": [
              1024
            ],
            "state_name": "estimator.mid_blocks.9.1.3.ff.net.0.proj.bias"
          },
          {
            "dtype": "float32",
            "graph_name": "estimator.mid_blocks.9.1.3.ff.net.2.weight",
            "length": 1048576,
            "offset": 222384448,
            "sha256": "0260c295c0cc2b7974e15ce8a66e26b8f8dc1408109aa208e647d9c38d0ae59f",
            "shape": [
              256,
              1024
            ],
            "state_name": "estimator.mid_blocks.9.1.3.ff.net.2.weight"
          },
          {
            "dtype": "float32",
            "graph_name": "estimator.mid_blocks.9.1.3.ff.net.2.bias",
            "length": 1024,
            "offset": 223433024,
            "sha256": "d90c02064f84fc2aca2999cf5f7302fc6d3cde827af9d85c7cc74ae9d44107d5",
            "shape": [
              256
            ],
            "state_name": "estimator.mid_blocks.9.1.3.ff.net.2.bias"
          },
          {
            "dtype": "float32",
            "graph_name": "estimator.mid_blocks.10.0.mlp.1.weight",
            "length": 1048576,
            "offset": 223434048,
            "sha256": "42db2c4f9f0133cd5acb5e1975eb5f1510174f184b87cc87e89e663a57daa98b",
            "shape": [
              256,
              1024
            ],
            "state_name": "estimator.mid_blocks.10.0.mlp.1.weight"
          },
          {
            "dtype": "float32",
            "graph_name": "estimator.mid_blocks.10.0.mlp.1.bias",
            "length": 1024,
            "offset": 224482624,
            "sha256": "05c4f1bdcf5f924c2ba11ee7eb5098b3bd8a6718e98dc3a01e1a24104c090c90",
            "shape": [
              256
            ],
            "state_name": "estimator.mid_blocks.10.0.mlp.1.bias"
          },
          {
            "dtype": "float32",
            "graph_name": "estimator.mid_blocks.10.0.block1.block.0.weight",
            "length": 786432,
            "offset": 224483648,
            "sha256": "4397500434a1d5d8c5bbc6ab06570723f108dd34f56dae36c202ed2f581f44dc",
            "shape": [
              256,
              256,
              3
            ],
            "state_name": "estimator.mid_blocks.10.0.block1.block.0.weight"
          },
          {
            "dtype": "float32",
            "graph_name": "estimator.mid_blocks.10.0.block1.block.0.bias",
            "length": 1024,
            "offset": 225270080,
            "sha256": "8ad2141eac9bcca7a17e9d44b2dc09f6f3a9048001961c8ff6733cac4f9364d9",
            "shape": [
              256
            ],
            "state_name": "estimator.mid_blocks.10.0.block1.block.0.bias"
          },
          {
            "dtype": "float32",
            "graph_name": "estimator.mid_blocks.10.0.block1.block.2.weight",
            "length": 1024,
            "offset": 225271104,
            "sha256": "0ff876f85dc404de3452872377cf7ef85a96b3bccfdc54cf3ea968c26501f8ae",
            "shape": [
              256
            ],
            "state_name": "estimator.mid_blocks.10.0.block1.block.2.weight"
          },
          {
            "dtype": "float32",
            "graph_name": "estimator.mid_blocks.10.0.block1.block.2.bias",
            "length": 1024,
            "offset": 225272128,
            "sha256": "32c3d39bc9c677e819bf024751b4bf3d1be74113d4f6d0de2b9ff78294ccd856",
            "shape": [
              256
            ],
            "state_name": "estimator.mid_blocks.10.0.block1.block.2.bias"
          },
          {
            "dtype": "float32",
            "graph_name": "estimator.mid_blocks.10.0.block2.block.0.weight",
            "length": 786432,
            "offset": 225273152,
            "sha256": "f91971d5bcf90fbb9b2c21698a2ba3b1f6c66db97d717d4d325602ce6c4d13d6",
            "shape": [
              256,
              256,
              3
            ],
            "state_name": "estimator.mid_blocks.10.0.block2.block.0.weight"
          },
          {
            "dtype": "float32",
            "graph_name": "estimator.mid_blocks.10.0.block2.block.0.bias",
            "length": 1024,
            "offset": 226059584,
            "sha256": "3307f5506d2507a132e85e83e3328df029050ae3c1258e0364380233bff1b16b",
            "shape": [
              256
            ],
            "state_name": "estimator.mid_blocks.10.0.block2.block.0.bias"
          },
          {
            "dtype": "float32",
            "graph_name": "estimator.mid_blocks.10.0.block2.block.2.weight",
            "length": 1024,
            "offset": 226060608,
            "sha256": "ca4c635a76f56a5b4637181afc9705e0a26d7cc044618896883c050203c1e2ca",
            "shape": [
              256
            ],
            "state_name": "estimator.mid_blocks.10.0.block2.block.2.weight"
          },
          {
            "dtype": "float32",
            "graph_name": "estimator.mid_blocks.10.0.block2.block.2.bias",
            "length": 1024,
            "offset": 226061632,
            "sha256": "0c06626b41cc0154d8988fd1589066fa40c4f251c25130c1fce235fa7d9d9d89",
            "shape": [
              256
            ],
            "state_name": "estimator.mid_blocks.10.0.block2.block.2.bias"
          },
          {
            "dtype": "float32",
            "graph_name": "estimator.mid_blocks.10.0.res_conv.weight",
            "length": 262144,
            "offset": 226062656,
            "sha256": "6a4526d2b9c8fbda30cb56f2ee9238a198bf4541904ed3a57a7cfeff2fdb6ed3",
            "shape": [
              256,
              256,
              1
            ],
            "state_name": "estimator.mid_blocks.10.0.res_conv.weight"
          },
          {
            "dtype": "float32",
            "graph_name": "estimator.mid_blocks.10.0.res_conv.bias",
            "length": 1024,
            "offset": 226324800,
            "sha256": "da20299d85eed0de0590554cb4ddf5c98da04dc8064cede40e332e3b0c43d575",
            "shape": [
              256
            ],
            "state_name": "estimator.mid_blocks.10.0.res_conv.bias"
          },
          {
            "dtype": "float32",
            "graph_name": "estimator.mid_blocks.10.1.0.norm1.weight",
            "length": 1024,
            "offset": 226325824,
            "sha256": "4a5c935866183b45188f07e8f434b07df0d3c6e9c1570aed14ae12a7e96dbe81",
            "shape": [
              256
            ],
            "state_name": "estimator.mid_blocks.10.1.0.norm1.weight"
          },
          {
            "dtype": "float32",
            "graph_name": "estimator.mid_blocks.10.1.0.norm1.bias",
            "length": 1024,
            "offset": 226326848,
            "sha256": "dc7bdafa083fe07eda17629e748db1e39b54f37b6b1769ffb4fc73cc45f13ef0",
            "shape": [
              256
            ],
            "state_name": "estimator.mid_blocks.10.1.0.norm1.bias"
          },
          {
            "dtype": "float32",
            "graph_name": "estimator.mid_blocks.10.1.0.attn1.to_q.weight",
            "length": 524288,
            "offset": 226327872,
            "sha256": "6623d6af6cdd85b7b9745feb6abce6cc571a135e002f6a5a0e2319c1d518ff78",
            "shape": [
              512,
              256
            ],
            "state_name": "estimator.mid_blocks.10.1.0.attn1.to_q.weight"
          },
          {
            "dtype": "float32",
            "graph_name": "estimator.mid_blocks.10.1.0.attn1.to_k.weight",
            "length": 524288,
            "offset": 226852160,
            "sha256": "41e044b516a87549ed624e5e8296df8dc26054d214c590ff64107abdd9ffc49d",
            "shape": [
              512,
              256
            ],
            "state_name": "estimator.mid_blocks.10.1.0.attn1.to_k.weight"
          },
          {
            "dtype": "float32",
            "graph_name": "estimator.mid_blocks.10.1.0.attn1.to_v.weight",
            "length": 524288,
            "offset": 227376448,
            "sha256": "e86157474c7c0ddbdcfec7164bc8f758a80e7527d9ae686ce14f2f339576772f",
            "shape": [
              512,
              256
            ],
            "state_name": "estimator.mid_blocks.10.1.0.attn1.to_v.weight"
          },
          {
            "dtype": "float32",
            "graph_name": "estimator.mid_blocks.10.1.0.attn1.to_out.0.weight",
            "length": 524288,
            "offset": 227900736,
            "sha256": "13af7b842c13d4cefe6e453122360d495f42622628a92574c30dc235bdfcc165",
            "shape": [
              256,
              512
            ],
            "state_name": "estimator.mid_blocks.10.1.0.attn1.to_out.0.weight"
          },
          {
            "dtype": "float32",
            "graph_name": "estimator.mid_blocks.10.1.0.attn1.to_out.0.bias",
            "length": 1024,
            "offset": 228425024,
            "sha256": "168198f84e79b59e6031d54d93287b4b30739a0dbd9dce1b26dd461cff8d0a96",
            "shape": [
              256
            ],
            "state_name": "estimator.mid_blocks.10.1.0.attn1.to_out.0.bias"
          },
          {
            "dtype": "float32",
            "graph_name": "estimator.mid_blocks.10.1.0.norm3.weight",
            "length": 1024,
            "offset": 228426048,
            "sha256": "8b5c8f2d3fe1e70445784dd4338381e17846bf1b5e2b2de4e1be6b15f2684df6",
            "shape": [
              256
            ],
            "state_name": "estimator.mid_blocks.10.1.0.norm3.weight"
          },
          {
            "dtype": "float32",
            "graph_name": "estimator.mid_blocks.10.1.0.norm3.bias",
            "length": 1024,
            "offset": 228427072,
            "sha256": "2b5834ded3960370be1fdafddd5220be20440f7ed243dfdaa4e91913eacd4ba9",
            "shape": [
              256
            ],
            "state_name": "estimator.mid_blocks.10.1.0.norm3.bias"
          },
          {
            "dtype": "float32",
            "graph_name": "estimator.mid_blocks.10.1.0.ff.net.0.proj.weight",
            "length": 1048576,
            "offset": 228428096,
            "sha256": "4a329e29e5ab29b33ddef9fed42dbb15e2a4f0c39dc871a8b3baeb40b14283ad",
            "shape": [
              1024,
              256
            ],
            "state_name": "estimator.mid_blocks.10.1.0.ff.net.0.proj.weight"
          },
          {
            "dtype": "float32",
            "graph_name": "estimator.mid_blocks.10.1.0.ff.net.0.proj.bias",
            "length": 4096,
            "offset": 229476672,
            "sha256": "4919576c19f6b5e754760382cdbf6a24ca52a00c25be56a91c2ba49730e6143d",
            "shape": [
              1024
            ],
            "state_name": "estimator.mid_blocks.10.1.0.ff.net.0.proj.bias"
          },
          {
            "dtype": "float32",
            "graph_name": "estimator.mid_blocks.10.1.0.ff.net.2.weight",
            "length": 1048576,
            "offset": 229480768,
            "sha256": "45d168c15174fff49eb1451b848a9e32a0defbea3f33ca0677ba59d93b124fff",
            "shape": [
              256,
              1024
            ],
            "state_name": "estimator.mid_blocks.10.1.0.ff.net.2.weight"
          },
          {
            "dtype": "float32",
            "graph_name": "estimator.mid_blocks.10.1.0.ff.net.2.bias",
            "length": 1024,
            "offset": 230529344,
            "sha256": "1316172130d68225a9e371415628e8479cf03af0dbf08ce7a923de9fa4f6b091",
            "shape": [
              256
            ],
            "state_name": "estimator.mid_blocks.10.1.0.ff.net.2.bias"
          },
          {
            "dtype": "float32",
            "graph_name": "estimator.mid_blocks.10.1.1.norm1.weight",
            "length": 1024,
            "offset": 230530368,
            "sha256": "88e48faad2a49242f171759e9c851c867dd73b5adee9b144f5f868582c727b9d",
            "shape": [
              256
            ],
            "state_name": "estimator.mid_blocks.10.1.1.norm1.weight"
          },
          {
            "dtype": "float32",
            "graph_name": "estimator.mid_blocks.10.1.1.norm1.bias",
            "length": 1024,
            "offset": 230531392,
            "sha256": "ef6ae67caf264113ab6e29cccb05cfb4b94b2df1a0a1d0701cac71627e0965b0",
            "shape": [
              256
            ],
            "state_name": "estimator.mid_blocks.10.1.1.norm1.bias"
          },
          {
            "dtype": "float32",
            "graph_name": "estimator.mid_blocks.10.1.1.attn1.to_q.weight",
            "length": 524288,
            "offset": 230532416,
            "sha256": "75a530966fd4c338e0939c98b2289fd7c5e63ff1d17c6984e80cf9347ac4540c",
            "shape": [
              512,
              256
            ],
            "state_name": "estimator.mid_blocks.10.1.1.attn1.to_q.weight"
          },
          {
            "dtype": "float32",
            "graph_name": "estimator.mid_blocks.10.1.1.attn1.to_k.weight",
            "length": 524288,
            "offset": 231056704,
            "sha256": "cbb46f5360276bf47814fe17b8372b4abd0340aa9dc1bc84a22afda6fb353507",
            "shape": [
              512,
              256
            ],
            "state_name": "estimator.mid_blocks.10.1.1.attn1.to_k.weight"
          },
          {
            "dtype": "float32",
            "graph_name": "estimator.mid_blocks.10.1.1.attn1.to_v.weight",
            "length": 524288,
            "offset": 231580992,
            "sha256": "2a71257b4630b432a2784ce0786cfee08eb56e4452c5dfd836c4eed874ef85cb",
            "shape": [
              512,
              256
            ],
            "state_name": "estimator.mid_blocks.10.1.1.attn1.to_v.weight"
          },
          {
            "dtype": "float32",
            "graph_name": "estimator.mid_blocks.10.1.1.attn1.to_out.0.weight",
            "length": 524288,
            "offset": 232105280,
            "sha256": "17208c481b83191466581b1d674ee04fcc66d29625545ea13444423a916d7523",
            "shape": [
              256,
              512
            ],
            "state_name": "estimator.mid_blocks.10.1.1.attn1.to_out.0.weight"
          },
          {
            "dtype": "float32",
            "graph_name": "estimator.mid_blocks.10.1.1.attn1.to_out.0.bias",
            "length": 1024,
            "offset": 232629568,
            "sha256": "1e46cf8fb97be86b9be0272557492aa707033b6433e44a04f86223ca9a0a3747",
            "shape": [
              256
            ],
            "state_name": "estimator.mid_blocks.10.1.1.attn1.to_out.0.bias"
          },
          {
            "dtype": "float32",
            "graph_name": "estimator.mid_blocks.10.1.1.norm3.weight",
            "length": 1024,
            "offset": 232630592,
            "sha256": "ddb15dce228e028399c413fb195c8bf07d512c979f9e0e063aa41a2e3a5dc534",
            "shape": [
              256
            ],
            "state_name": "estimator.mid_blocks.10.1.1.norm3.weight"
          },
          {
            "dtype": "float32",
            "graph_name": "estimator.mid_blocks.10.1.1.norm3.bias",
            "length": 1024,
            "offset": 232631616,
            "sha256": "5ac34d0f090a5264f04c1e5439fca50347fd49e5b7e6bc0e7fce8b17a8ec3a69",
            "shape": [
              256
            ],
            "state_name": "estimator.mid_blocks.10.1.1.norm3.bias"
          },
          {
            "dtype": "float32",
            "graph_name": "estimator.mid_blocks.10.1.1.ff.net.0.proj.weight",
            "length": 1048576,
            "offset": 232632640,
            "sha256": "3724e11070e86c26877232782867e4aee642b4ca45782728d0fa4e04fa0f8cd8",
            "shape": [
              1024,
              256
            ],
            "state_name": "estimator.mid_blocks.10.1.1.ff.net.0.proj.weight"
          },
          {
            "dtype": "float32",
            "graph_name": "estimator.mid_blocks.10.1.1.ff.net.0.proj.bias",
            "length": 4096,
            "offset": 233681216,
            "sha256": "a22aff757a55c8b008917c94d3ea9b1df4424f38f30e8e6dcf4ff4e0efd96c38",
            "shape": [
              1024
            ],
            "state_name": "estimator.mid_blocks.10.1.1.ff.net.0.proj.bias"
          },
          {
            "dtype": "float32",
            "graph_name": "estimator.mid_blocks.10.1.1.ff.net.2.weight",
            "length": 1048576,
            "offset": 233685312,
            "sha256": "29a29596000e447e560773e55c9a8ef93647fd105a2bcd72d3d01e6d80e3027a",
            "shape": [
              256,
              1024
            ],
            "state_name": "estimator.mid_blocks.10.1.1.ff.net.2.weight"
          },
          {
            "dtype": "float32",
            "graph_name": "estimator.mid_blocks.10.1.1.ff.net.2.bias",
            "length": 1024,
            "offset": 234733888,
            "sha256": "da51a56b48dd0b71f9a45a173afb50e445fb8aa9cc747a07b880d2745b2a3c67",
            "shape": [
              256
            ],
            "state_name": "estimator.mid_blocks.10.1.1.ff.net.2.bias"
          },
          {
            "dtype": "float32",
            "graph_name": "estimator.mid_blocks.10.1.2.norm1.weight",
            "length": 1024,
            "offset": 234734912,
            "sha256": "56ca7b6808d0d4675baaf80956077c2bd67751df1988f4363e83fb8331fa96d1",
            "shape": [
              256
            ],
            "state_name": "estimator.mid_blocks.10.1.2.norm1.weight"
          },
          {
            "dtype": "float32",
            "graph_name": "estimator.mid_blocks.10.1.2.norm1.bias",
            "length": 1024,
            "offset": 234735936,
            "sha256": "197b365327b87097b71def352c6cf1e6e621a51f8a0fdb613840b131831faf6a",
            "shape": [
              256
            ],
            "state_name": "estimator.mid_blocks.10.1.2.norm1.bias"
          },
          {
            "dtype": "float32",
            "graph_name": "estimator.mid_blocks.10.1.2.attn1.to_q.weight",
            "length": 524288,
            "offset": 234736960,
            "sha256": "f4357576921b201e9b01cb42c1e77dd495be6ffb35e72a9ca03efda72c9b435e",
            "shape": [
              512,
              256
            ],
            "state_name": "estimator.mid_blocks.10.1.2.attn1.to_q.weight"
          },
          {
            "dtype": "float32",
            "graph_name": "estimator.mid_blocks.10.1.2.attn1.to_k.weight",
            "length": 524288,
            "offset": 235261248,
            "sha256": "5265de9f14f98cce2ba5c64b0440dfa5eae4ae8d0f90d81e34fae9fc3cd3d24d",
            "shape": [
              512,
              256
            ],
            "state_name": "estimator.mid_blocks.10.1.2.attn1.to_k.weight"
          },
          {
            "dtype": "float32",
            "graph_name": "estimator.mid_blocks.10.1.2.attn1.to_v.weight",
            "length": 524288,
            "offset": 235785536,
            "sha256": "503e730e1192bdf13a6e8c2ee8ae33f336722ef5ba610ff084a5546a186795e1",
            "shape": [
              512,
              256
            ],
            "state_name": "estimator.mid_blocks.10.1.2.attn1.to_v.weight"
          },
          {
            "dtype": "float32",
            "graph_name": "estimator.mid_blocks.10.1.2.attn1.to_out.0.weight",
            "length": 524288,
            "offset": 236309824,
            "sha256": "b8cd92ebc422a0e38935f5d5ae21c09086b0a38e07bd062733f4cd7f8eee074b",
            "shape": [
              256,
              512
            ],
            "state_name": "estimator.mid_blocks.10.1.2.attn1.to_out.0.weight"
          },
          {
            "dtype": "float32",
            "graph_name": "estimator.mid_blocks.10.1.2.attn1.to_out.0.bias",
            "length": 1024,
            "offset": 236834112,
            "sha256": "5442a95e4378d028287181757322bb1fdfcc80f14a62aa430560f2262d9bb071",
            "shape": [
              256
            ],
            "state_name": "estimator.mid_blocks.10.1.2.attn1.to_out.0.bias"
          },
          {
            "dtype": "float32",
            "graph_name": "estimator.mid_blocks.10.1.2.norm3.weight",
            "length": 1024,
            "offset": 236835136,
            "sha256": "e0870436d23e733a0649716f20471415938a1cc1e4ab9a760e45d4662fd2ba94",
            "shape": [
              256
            ],
            "state_name": "estimator.mid_blocks.10.1.2.norm3.weight"
          },
          {
            "dtype": "float32",
            "graph_name": "estimator.mid_blocks.10.1.2.norm3.bias",
            "length": 1024,
            "offset": 236836160,
            "sha256": "4812eb479cd6341441a59f6b9b2f9a79250675aacb8339956d6e085cf63405b6",
            "shape": [
              256
            ],
            "state_name": "estimator.mid_blocks.10.1.2.norm3.bias"
          },
          {
            "dtype": "float32",
            "graph_name": "estimator.mid_blocks.10.1.2.ff.net.0.proj.weight",
            "length": 1048576,
            "offset": 236837184,
            "sha256": "607173190e91d55691b1f271f10a256b582a471ab1d6bf75a0169047562959fd",
            "shape": [
              1024,
              256
            ],
            "state_name": "estimator.mid_blocks.10.1.2.ff.net.0.proj.weight"
          },
          {
            "dtype": "float32",
            "graph_name": "estimator.mid_blocks.10.1.2.ff.net.0.proj.bias",
            "length": 4096,
            "offset": 237885760,
            "sha256": "d83c42b3b696c81d1e6084edbb5a5d055f2c2ca3415634c7c49ceacd2a4ba7bc",
            "shape": [
              1024
            ],
            "state_name": "estimator.mid_blocks.10.1.2.ff.net.0.proj.bias"
          },
          {
            "dtype": "float32",
            "graph_name": "estimator.mid_blocks.10.1.2.ff.net.2.weight",
            "length": 1048576,
            "offset": 237889856,
            "sha256": "8dea10ad3907294f73c7e0524e99097cccb851379f40e2b391770c5f50668ec0",
            "shape": [
              256,
              1024
            ],
            "state_name": "estimator.mid_blocks.10.1.2.ff.net.2.weight"
          },
          {
            "dtype": "float32",
            "graph_name": "estimator.mid_blocks.10.1.2.ff.net.2.bias",
            "length": 1024,
            "offset": 238938432,
            "sha256": "3a932ec5ae44877a25f3368e354869a63e41eae94e8678707ab4b15dafade8e4",
            "shape": [
              256
            ],
            "state_name": "estimator.mid_blocks.10.1.2.ff.net.2.bias"
          },
          {
            "dtype": "float32",
            "graph_name": "estimator.mid_blocks.10.1.3.norm1.weight",
            "length": 1024,
            "offset": 238939456,
            "sha256": "0c047943ea539e92c65929d8082d2e64ac5d609af4abbe2a337c7effaf4dd8d6",
            "shape": [
              256
            ],
            "state_name": "estimator.mid_blocks.10.1.3.norm1.weight"
          },
          {
            "dtype": "float32",
            "graph_name": "estimator.mid_blocks.10.1.3.norm1.bias",
            "length": 1024,
            "offset": 238940480,
            "sha256": "dc4525f61518e41d9fa96bdc7fb43c7b7d7016c34bc114e83b4a17902da2050e",
            "shape": [
              256
            ],
            "state_name": "estimator.mid_blocks.10.1.3.norm1.bias"
          },
          {
            "dtype": "float32",
            "graph_name": "estimator.mid_blocks.10.1.3.attn1.to_q.weight",
            "length": 524288,
            "offset": 238941504,
            "sha256": "5f029780ad0bd9c785b7cf291b4971cf3648d1f7e5d17db6b4131995157104be",
            "shape": [
              512,
              256
            ],
            "state_name": "estimator.mid_blocks.10.1.3.attn1.to_q.weight"
          },
          {
            "dtype": "float32",
            "graph_name": "estimator.mid_blocks.10.1.3.attn1.to_k.weight",
            "length": 524288,
            "offset": 239465792,
            "sha256": "fae8375a1d56dd8cd3fca92891f49ffd491ac27eac1ce59b7c2977d59d7cde0f",
            "shape": [
              512,
              256
            ],
            "state_name": "estimator.mid_blocks.10.1.3.attn1.to_k.weight"
          },
          {
            "dtype": "float32",
            "graph_name": "estimator.mid_blocks.10.1.3.attn1.to_v.weight",
            "length": 524288,
            "offset": 239990080,
            "sha256": "5401c8922ebf99372f54dcec819dfde49b5e0d08c0d770b0e16cd88df0a893ba",
            "shape": [
              512,
              256
            ],
            "state_name": "estimator.mid_blocks.10.1.3.attn1.to_v.weight"
          },
          {
            "dtype": "float32",
            "graph_name": "estimator.mid_blocks.10.1.3.attn1.to_out.0.weight",
            "length": 524288,
            "offset": 240514368,
            "sha256": "fe0f0d364ef82e9d41aba7c679afa69de7003c72042e217ac84934e5d37023d9",
            "shape": [
              256,
              512
            ],
            "state_name": "estimator.mid_blocks.10.1.3.attn1.to_out.0.weight"
          },
          {
            "dtype": "float32",
            "graph_name": "estimator.mid_blocks.10.1.3.attn1.to_out.0.bias",
            "length": 1024,
            "offset": 241038656,
            "sha256": "8f4311a083d9fbcc87fd096a27f7ce85bb76fbf78cdbc98b8bb228389535c556",
            "shape": [
              256
            ],
            "state_name": "estimator.mid_blocks.10.1.3.attn1.to_out.0.bias"
          },
          {
            "dtype": "float32",
            "graph_name": "estimator.mid_blocks.10.1.3.norm3.weight",
            "length": 1024,
            "offset": 241039680,
            "sha256": "07be6714416f8fd8303b894fd17b3d8f101ae13e6c9398892acadc1c2d466b79",
            "shape": [
              256
            ],
            "state_name": "estimator.mid_blocks.10.1.3.norm3.weight"
          },
          {
            "dtype": "float32",
            "graph_name": "estimator.mid_blocks.10.1.3.norm3.bias",
            "length": 1024,
            "offset": 241040704,
            "sha256": "28ef3041077ab4a2509eede86e87d61e20e2a4a6c18c5eefe3005d0d85fbe976",
            "shape": [
              256
            ],
            "state_name": "estimator.mid_blocks.10.1.3.norm3.bias"
          },
          {
            "dtype": "float32",
            "graph_name": "estimator.mid_blocks.10.1.3.ff.net.0.proj.weight",
            "length": 1048576,
            "offset": 241041728,
            "sha256": "c7ba3d1dd696a1c38ae16ac368d8a6abc6845b01b78b2fa020f3e84928cb5c16",
            "shape": [
              1024,
              256
            ],
            "state_name": "estimator.mid_blocks.10.1.3.ff.net.0.proj.weight"
          },
          {
            "dtype": "float32",
            "graph_name": "estimator.mid_blocks.10.1.3.ff.net.0.proj.bias",
            "length": 4096,
            "offset": 242090304,
            "sha256": "ff91b85549f58cdc454a1013534e703d11571dc14d84d6efb565297ed7fa7255",
            "shape": [
              1024
            ],
            "state_name": "estimator.mid_blocks.10.1.3.ff.net.0.proj.bias"
          },
          {
            "dtype": "float32",
            "graph_name": "estimator.mid_blocks.10.1.3.ff.net.2.weight",
            "length": 1048576,
            "offset": 242094400,
            "sha256": "f6b9738d4a15881254184e088aefe99cf2bdb447b8fd16194b5673872f5c3bd0",
            "shape": [
              256,
              1024
            ],
            "state_name": "estimator.mid_blocks.10.1.3.ff.net.2.weight"
          },
          {
            "dtype": "float32",
            "graph_name": "estimator.mid_blocks.10.1.3.ff.net.2.bias",
            "length": 1024,
            "offset": 243142976,
            "sha256": "a7a4d374168a2805e94176dbd60f10e0cae7b07128479a985d222a8050a52503",
            "shape": [
              256
            ],
            "state_name": "estimator.mid_blocks.10.1.3.ff.net.2.bias"
          },
          {
            "dtype": "float32",
            "graph_name": "estimator.mid_blocks.11.0.mlp.1.weight",
            "length": 1048576,
            "offset": 243144000,
            "sha256": "defcc0bc1f30b7c77ab8ae7bc3d84d070e0667821cb44708bdaf0455a507218b",
            "shape": [
              256,
              1024
            ],
            "state_name": "estimator.mid_blocks.11.0.mlp.1.weight"
          },
          {
            "dtype": "float32",
            "graph_name": "estimator.mid_blocks.11.0.mlp.1.bias",
            "length": 1024,
            "offset": 244192576,
            "sha256": "163383ce5b622704272d1f49459e46b187d1abf31e2bf4b95e8e039625ca00cf",
            "shape": [
              256
            ],
            "state_name": "estimator.mid_blocks.11.0.mlp.1.bias"
          },
          {
            "dtype": "float32",
            "graph_name": "estimator.mid_blocks.11.0.block1.block.0.weight",
            "length": 786432,
            "offset": 244193600,
            "sha256": "b1f906e53646024453a36921885f991b275538175835a89adda932e475b25aa4",
            "shape": [
              256,
              256,
              3
            ],
            "state_name": "estimator.mid_blocks.11.0.block1.block.0.weight"
          },
          {
            "dtype": "float32",
            "graph_name": "estimator.mid_blocks.11.0.block1.block.0.bias",
            "length": 1024,
            "offset": 244980032,
            "sha256": "c4d03fd81b351bb35d88ddac20037c3de11ba24cba892c8f8e1776e1b0a65d21",
            "shape": [
              256
            ],
            "state_name": "estimator.mid_blocks.11.0.block1.block.0.bias"
          },
          {
            "dtype": "float32",
            "graph_name": "estimator.mid_blocks.11.0.block1.block.2.weight",
            "length": 1024,
            "offset": 244981056,
            "sha256": "445f49d22e4f159c1ba96599636ac161deee8a797494eb9380d97cc6b8f7f962",
            "shape": [
              256
            ],
            "state_name": "estimator.mid_blocks.11.0.block1.block.2.weight"
          },
          {
            "dtype": "float32",
            "graph_name": "estimator.mid_blocks.11.0.block1.block.2.bias",
            "length": 1024,
            "offset": 244982080,
            "sha256": "a123f85377b710996115a49ec11a00792ce4b3e38df7637aa154c30634e445e0",
            "shape": [
              256
            ],
            "state_name": "estimator.mid_blocks.11.0.block1.block.2.bias"
          },
          {
            "dtype": "float32",
            "graph_name": "estimator.mid_blocks.11.0.block2.block.0.weight",
            "length": 786432,
            "offset": 244983104,
            "sha256": "4cf00a451c90efab1890feebbc82dd59609effe37f8c936ccecd83f875abdd20",
            "shape": [
              256,
              256,
              3
            ],
            "state_name": "estimator.mid_blocks.11.0.block2.block.0.weight"
          },
          {
            "dtype": "float32",
            "graph_name": "estimator.mid_blocks.11.0.block2.block.0.bias",
            "length": 1024,
            "offset": 245769536,
            "sha256": "d5820801f9c190a79ed90dc1d85580d66b052d79a78c13cc2b01961a30159903",
            "shape": [
              256
            ],
            "state_name": "estimator.mid_blocks.11.0.block2.block.0.bias"
          },
          {
            "dtype": "float32",
            "graph_name": "estimator.mid_blocks.11.0.block2.block.2.weight",
            "length": 1024,
            "offset": 245770560,
            "sha256": "7cd1fbb9d4963e7961cd0cd194748c7942deea26457725c51e13a743f2711f23",
            "shape": [
              256
            ],
            "state_name": "estimator.mid_blocks.11.0.block2.block.2.weight"
          },
          {
            "dtype": "float32",
            "graph_name": "estimator.mid_blocks.11.0.block2.block.2.bias",
            "length": 1024,
            "offset": 245771584,
            "sha256": "79cbb84ab3a25aad0e4aa98733ee21cc56320d44d57d69b45ebcf46a7fa20733",
            "shape": [
              256
            ],
            "state_name": "estimator.mid_blocks.11.0.block2.block.2.bias"
          },
          {
            "dtype": "float32",
            "graph_name": "estimator.mid_blocks.11.0.res_conv.weight",
            "length": 262144,
            "offset": 245772608,
            "sha256": "aeaf43bb4e5621ab68d551aca98011132c94c1be85d39843c370fe40f563e3be",
            "shape": [
              256,
              256,
              1
            ],
            "state_name": "estimator.mid_blocks.11.0.res_conv.weight"
          },
          {
            "dtype": "float32",
            "graph_name": "estimator.mid_blocks.11.0.res_conv.bias",
            "length": 1024,
            "offset": 246034752,
            "sha256": "c37dca494c5b0a40b50b06166c1dcd23bc25bfa7a84b7a105fcbc71dbd85e2aa",
            "shape": [
              256
            ],
            "state_name": "estimator.mid_blocks.11.0.res_conv.bias"
          },
          {
            "dtype": "float32",
            "graph_name": "estimator.mid_blocks.11.1.0.norm1.weight",
            "length": 1024,
            "offset": 246035776,
            "sha256": "79c6296fcf2a79e7977837d53679b5b3a886415873f3c3fc6a4d072d1b4a0af4",
            "shape": [
              256
            ],
            "state_name": "estimator.mid_blocks.11.1.0.norm1.weight"
          },
          {
            "dtype": "float32",
            "graph_name": "estimator.mid_blocks.11.1.0.norm1.bias",
            "length": 1024,
            "offset": 246036800,
            "sha256": "2aae2cb833e9099ce1972ccc3826f6d3551c35bac1125084d7dc5d7c62a553e4",
            "shape": [
              256
            ],
            "state_name": "estimator.mid_blocks.11.1.0.norm1.bias"
          },
          {
            "dtype": "float32",
            "graph_name": "estimator.mid_blocks.11.1.0.attn1.to_q.weight",
            "length": 524288,
            "offset": 246037824,
            "sha256": "0fccb98342cd7625bc4ff7a02c0860793035ff585a3356fd6c47e9e2dfd84fcb",
            "shape": [
              512,
              256
            ],
            "state_name": "estimator.mid_blocks.11.1.0.attn1.to_q.weight"
          },
          {
            "dtype": "float32",
            "graph_name": "estimator.mid_blocks.11.1.0.attn1.to_k.weight",
            "length": 524288,
            "offset": 246562112,
            "sha256": "bae8001c00b9d9780ae5fe98ee8c65c42cc7aed596da47098a6a44566db0f75e",
            "shape": [
              512,
              256
            ],
            "state_name": "estimator.mid_blocks.11.1.0.attn1.to_k.weight"
          },
          {
            "dtype": "float32",
            "graph_name": "estimator.mid_blocks.11.1.0.attn1.to_v.weight",
            "length": 524288,
            "offset": 247086400,
            "sha256": "3ad727d8a2ed0da09486821597b1555c6f2b31dfd93ab06ce9aae4813032e384",
            "shape": [
              512,
              256
            ],
            "state_name": "estimator.mid_blocks.11.1.0.attn1.to_v.weight"
          },
          {
            "dtype": "float32",
            "graph_name": "estimator.mid_blocks.11.1.0.attn1.to_out.0.weight",
            "length": 524288,
            "offset": 247610688,
            "sha256": "a19c84f67317f1c1936747a916f1adcace88e625cec26f99339ee754b77e9579",
            "shape": [
              256,
              512
            ],
            "state_name": "estimator.mid_blocks.11.1.0.attn1.to_out.0.weight"
          },
          {
            "dtype": "float32",
            "graph_name": "estimator.mid_blocks.11.1.0.attn1.to_out.0.bias",
            "length": 1024,
            "offset": 248134976,
            "sha256": "ece3744527637c35685d3b84c83eb9c5c90d2344e8638adfa77cd998c870cbc8",
            "shape": [
              256
            ],
            "state_name": "estimator.mid_blocks.11.1.0.attn1.to_out.0.bias"
          },
          {
            "dtype": "float32",
            "graph_name": "estimator.mid_blocks.11.1.0.norm3.weight",
            "length": 1024,
            "offset": 248136000,
            "sha256": "bd5d704f1d3d1fee643810c4b6193b5c8018e8329835597c7432b00f71f22170",
            "shape": [
              256
            ],
            "state_name": "estimator.mid_blocks.11.1.0.norm3.weight"
          },
          {
            "dtype": "float32",
            "graph_name": "estimator.mid_blocks.11.1.0.norm3.bias",
            "length": 1024,
            "offset": 248137024,
            "sha256": "895411fb7fa051ee9413d4d28da0fb2807f468398068c67c5d42ec068c6d5b3a",
            "shape": [
              256
            ],
            "state_name": "estimator.mid_blocks.11.1.0.norm3.bias"
          },
          {
            "dtype": "float32",
            "graph_name": "estimator.mid_blocks.11.1.0.ff.net.0.proj.weight",
            "length": 1048576,
            "offset": 248138048,
            "sha256": "a53c1d9651875ba96eceae6d36a8354c14c644d93b5b1b9bd4f36b013181adc9",
            "shape": [
              1024,
              256
            ],
            "state_name": "estimator.mid_blocks.11.1.0.ff.net.0.proj.weight"
          },
          {
            "dtype": "float32",
            "graph_name": "estimator.mid_blocks.11.1.0.ff.net.0.proj.bias",
            "length": 4096,
            "offset": 249186624,
            "sha256": "bf68b6bcb045d60ec9f1cfe57a726da22ef422d69295fee2fc857cc27096c805",
            "shape": [
              1024
            ],
            "state_name": "estimator.mid_blocks.11.1.0.ff.net.0.proj.bias"
          },
          {
            "dtype": "float32",
            "graph_name": "estimator.mid_blocks.11.1.0.ff.net.2.weight",
            "length": 1048576,
            "offset": 249190720,
            "sha256": "a795b499afa880eafc3d2747557cf956dae0937f34c3e8e6e73cf656ee71b0dd",
            "shape": [
              256,
              1024
            ],
            "state_name": "estimator.mid_blocks.11.1.0.ff.net.2.weight"
          },
          {
            "dtype": "float32",
            "graph_name": "estimator.mid_blocks.11.1.0.ff.net.2.bias",
            "length": 1024,
            "offset": 250239296,
            "sha256": "3e0be133a249c34b58522a2df44b7582ef15653aacd1db527de8f745de17cff2",
            "shape": [
              256
            ],
            "state_name": "estimator.mid_blocks.11.1.0.ff.net.2.bias"
          },
          {
            "dtype": "float32",
            "graph_name": "estimator.mid_blocks.11.1.1.norm1.weight",
            "length": 1024,
            "offset": 250240320,
            "sha256": "da94bdbd1cbffea8eb5f65ade2315856e17d2e1c052fc19ba46ec737f9ca1118",
            "shape": [
              256
            ],
            "state_name": "estimator.mid_blocks.11.1.1.norm1.weight"
          },
          {
            "dtype": "float32",
            "graph_name": "estimator.mid_blocks.11.1.1.norm1.bias",
            "length": 1024,
            "offset": 250241344,
            "sha256": "c7ceffd416f2e59db4ea7c89cea8db7d918db8466870af58e5d9cfa959fa85da",
            "shape": [
              256
            ],
            "state_name": "estimator.mid_blocks.11.1.1.norm1.bias"
          },
          {
            "dtype": "float32",
            "graph_name": "estimator.mid_blocks.11.1.1.attn1.to_q.weight",
            "length": 524288,
            "offset": 250242368,
            "sha256": "55a31ec69d756ecdaf897991e73dfeae2475a1233f46f81586393645b274abb9",
            "shape": [
              512,
              256
            ],
            "state_name": "estimator.mid_blocks.11.1.1.attn1.to_q.weight"
          },
          {
            "dtype": "float32",
            "graph_name": "estimator.mid_blocks.11.1.1.attn1.to_k.weight",
            "length": 524288,
            "offset": 250766656,
            "sha256": "90259685a59508b9a0994a1cd76dda2565e2deec29ddbd027dd571b15109ba07",
            "shape": [
              512,
              256
            ],
            "state_name": "estimator.mid_blocks.11.1.1.attn1.to_k.weight"
          },
          {
            "dtype": "float32",
            "graph_name": "estimator.mid_blocks.11.1.1.attn1.to_v.weight",
            "length": 524288,
            "offset": 251290944,
            "sha256": "cc11ef274be27044c46362a5540eff11fd1b8f90c0f290b98edce4e822426417",
            "shape": [
              512,
              256
            ],
            "state_name": "estimator.mid_blocks.11.1.1.attn1.to_v.weight"
          },
          {
            "dtype": "float32",
            "graph_name": "estimator.mid_blocks.11.1.1.attn1.to_out.0.weight",
            "length": 524288,
            "offset": 251815232,
            "sha256": "64b980d2f09eec97d9a4e34368e23abf2da7fd372e8e524c0a10dcf4c410e395",
            "shape": [
              256,
              512
            ],
            "state_name": "estimator.mid_blocks.11.1.1.attn1.to_out.0.weight"
          },
          {
            "dtype": "float32",
            "graph_name": "estimator.mid_blocks.11.1.1.attn1.to_out.0.bias",
            "length": 1024,
            "offset": 252339520,
            "sha256": "2838f8abbdf776bf643470eb155c27ad534e79a738b698e0884cb127b69e81f9",
            "shape": [
              256
            ],
            "state_name": "estimator.mid_blocks.11.1.1.attn1.to_out.0.bias"
          },
          {
            "dtype": "float32",
            "graph_name": "estimator.mid_blocks.11.1.1.norm3.weight",
            "length": 1024,
            "offset": 252340544,
            "sha256": "b00de46e86a72a2fa4cebd0f2f65431b29886db118cb370536c08b058c2ad2ce",
            "shape": [
              256
            ],
            "state_name": "estimator.mid_blocks.11.1.1.norm3.weight"
          },
          {
            "dtype": "float32",
            "graph_name": "estimator.mid_blocks.11.1.1.norm3.bias",
            "length": 1024,
            "offset": 252341568,
            "sha256": "3a3129ab48256ee546e5ded5d7e7be5dce1da79bcdf8c3fb281d51392a024543",
            "shape": [
              256
            ],
            "state_name": "estimator.mid_blocks.11.1.1.norm3.bias"
          },
          {
            "dtype": "float32",
            "graph_name": "estimator.mid_blocks.11.1.1.ff.net.0.proj.weight",
            "length": 1048576,
            "offset": 252342592,
            "sha256": "52c21e34e05582c6e6483341ab839987ab3087b73eab30952228b7dfe226eb6e",
            "shape": [
              1024,
              256
            ],
            "state_name": "estimator.mid_blocks.11.1.1.ff.net.0.proj.weight"
          },
          {
            "dtype": "float32",
            "graph_name": "estimator.mid_blocks.11.1.1.ff.net.0.proj.bias",
            "length": 4096,
            "offset": 253391168,
            "sha256": "94dbb01a631b6c60315e48387a88b9940331a2735ecda69e342a5996a27a85ff",
            "shape": [
              1024
            ],
            "state_name": "estimator.mid_blocks.11.1.1.ff.net.0.proj.bias"
          },
          {
            "dtype": "float32",
            "graph_name": "estimator.mid_blocks.11.1.1.ff.net.2.weight",
            "length": 1048576,
            "offset": 253395264,
            "sha256": "2dbfd401afa5416e5445154d88198e6b18bc075629f4bb2f285c9b7fac239e1f",
            "shape": [
              256,
              1024
            ],
            "state_name": "estimator.mid_blocks.11.1.1.ff.net.2.weight"
          },
          {
            "dtype": "float32",
            "graph_name": "estimator.mid_blocks.11.1.1.ff.net.2.bias",
            "length": 1024,
            "offset": 254443840,
            "sha256": "ae67b1af749eb369a612c9a0f13b5d6822f073b3f88da207bd1c250ea32facd5",
            "shape": [
              256
            ],
            "state_name": "estimator.mid_blocks.11.1.1.ff.net.2.bias"
          },
          {
            "dtype": "float32",
            "graph_name": "estimator.mid_blocks.11.1.2.norm1.weight",
            "length": 1024,
            "offset": 254444864,
            "sha256": "09871b0d75bbb82452b4740bd44f20ae440917f93b111dca8eb3b1ebdd233de4",
            "shape": [
              256
            ],
            "state_name": "estimator.mid_blocks.11.1.2.norm1.weight"
          },
          {
            "dtype": "float32",
            "graph_name": "estimator.mid_blocks.11.1.2.norm1.bias",
            "length": 1024,
            "offset": 254445888,
            "sha256": "92d7dda9f702d043227f269c4f31b662e66c6c9b909770a8d244d09ae97ea472",
            "shape": [
              256
            ],
            "state_name": "estimator.mid_blocks.11.1.2.norm1.bias"
          },
          {
            "dtype": "float32",
            "graph_name": "estimator.mid_blocks.11.1.2.attn1.to_q.weight",
            "length": 524288,
            "offset": 254446912,
            "sha256": "c9ab5f6bae2b7611d81fed87a8ddb8a0295ec7d4d31f44132a123681acd7a773",
            "shape": [
              512,
              256
            ],
            "state_name": "estimator.mid_blocks.11.1.2.attn1.to_q.weight"
          },
          {
            "dtype": "float32",
            "graph_name": "estimator.mid_blocks.11.1.2.attn1.to_k.weight",
            "length": 524288,
            "offset": 254971200,
            "sha256": "9c0f720aa3b783aad79b14e502c55d0eb817c52e1427a52ea49e5a2c467fb9f1",
            "shape": [
              512,
              256
            ],
            "state_name": "estimator.mid_blocks.11.1.2.attn1.to_k.weight"
          },
          {
            "dtype": "float32",
            "graph_name": "estimator.mid_blocks.11.1.2.attn1.to_v.weight",
            "length": 524288,
            "offset": 255495488,
            "sha256": "43eb16052b37eeafdcf8e03ebd53ced52853194fe89d47d64b059c6790ed9604",
            "shape": [
              512,
              256
            ],
            "state_name": "estimator.mid_blocks.11.1.2.attn1.to_v.weight"
          },
          {
            "dtype": "float32",
            "graph_name": "estimator.mid_blocks.11.1.2.attn1.to_out.0.weight",
            "length": 524288,
            "offset": 256019776,
            "sha256": "5993a7cad3c699c8119622d022e8bb8f94856b2ea90b4e42c4807fd65707f591",
            "shape": [
              256,
              512
            ],
            "state_name": "estimator.mid_blocks.11.1.2.attn1.to_out.0.weight"
          },
          {
            "dtype": "float32",
            "graph_name": "estimator.mid_blocks.11.1.2.attn1.to_out.0.bias",
            "length": 1024,
            "offset": 256544064,
            "sha256": "c1a9fe3116f53a3381d7adaed25b3e693d331043566881d821aa21ea2e0247d3",
            "shape": [
              256
            ],
            "state_name": "estimator.mid_blocks.11.1.2.attn1.to_out.0.bias"
          },
          {
            "dtype": "float32",
            "graph_name": "estimator.mid_blocks.11.1.2.norm3.weight",
            "length": 1024,
            "offset": 256545088,
            "sha256": "2e6ba503038dccbcb887a0563be4c13416ecd0df7f195a098282f8c0d2546d75",
            "shape": [
              256
            ],
            "state_name": "estimator.mid_blocks.11.1.2.norm3.weight"
          },
          {
            "dtype": "float32",
            "graph_name": "estimator.mid_blocks.11.1.2.norm3.bias",
            "length": 1024,
            "offset": 256546112,
            "sha256": "8ced802d8c6730d9ef5fd9a87672369e2914cc5b3dc38c2ebe63ab1e0eea46cb",
            "shape": [
              256
            ],
            "state_name": "estimator.mid_blocks.11.1.2.norm3.bias"
          },
          {
            "dtype": "float32",
            "graph_name": "estimator.mid_blocks.11.1.2.ff.net.0.proj.weight",
            "length": 1048576,
            "offset": 256547136,
            "sha256": "c160af7f6e061aa92cf82b8775c84d9639113b8f3a55975d5b5a615b23c956c0",
            "shape": [
              1024,
              256
            ],
            "state_name": "estimator.mid_blocks.11.1.2.ff.net.0.proj.weight"
          },
          {
            "dtype": "float32",
            "graph_name": "estimator.mid_blocks.11.1.2.ff.net.0.proj.bias",
            "length": 4096,
            "offset": 257595712,
            "sha256": "b4bc20986993a8d985524370cef6fa7d709dbcdb7ec7cedd0fe6a958aad82d87",
            "shape": [
              1024
            ],
            "state_name": "estimator.mid_blocks.11.1.2.ff.net.0.proj.bias"
          },
          {
            "dtype": "float32",
            "graph_name": "estimator.mid_blocks.11.1.2.ff.net.2.weight",
            "length": 1048576,
            "offset": 257599808,
            "sha256": "7054aaa48cd30a9e2ce435490d2b90db2d65465065a189204194cd80ccf565ef",
            "shape": [
              256,
              1024
            ],
            "state_name": "estimator.mid_blocks.11.1.2.ff.net.2.weight"
          },
          {
            "dtype": "float32",
            "graph_name": "estimator.mid_blocks.11.1.2.ff.net.2.bias",
            "length": 1024,
            "offset": 258648384,
            "sha256": "2721a6492f9061d72b6ee736006e7b04f8a203aadf1c0019274d1cd4cbb0632a",
            "shape": [
              256
            ],
            "state_name": "estimator.mid_blocks.11.1.2.ff.net.2.bias"
          },
          {
            "dtype": "float32",
            "graph_name": "estimator.mid_blocks.11.1.3.norm1.weight",
            "length": 1024,
            "offset": 258649408,
            "sha256": "d24576a7d95e180e1cfc7395c9e3b10a78eba1e7c75306da0a317718262ebf2a",
            "shape": [
              256
            ],
            "state_name": "estimator.mid_blocks.11.1.3.norm1.weight"
          },
          {
            "dtype": "float32",
            "graph_name": "estimator.mid_blocks.11.1.3.norm1.bias",
            "length": 1024,
            "offset": 258650432,
            "sha256": "cbf6b98c05b82bca05094887f9454773b8754318bda5f9ca119669d3fae58571",
            "shape": [
              256
            ],
            "state_name": "estimator.mid_blocks.11.1.3.norm1.bias"
          },
          {
            "dtype": "float32",
            "graph_name": "estimator.mid_blocks.11.1.3.attn1.to_q.weight",
            "length": 524288,
            "offset": 258651456,
            "sha256": "0e64f9d9587f6fb3a293e357486f60dfe04bf11588fb0663d4153748e522c605",
            "shape": [
              512,
              256
            ],
            "state_name": "estimator.mid_blocks.11.1.3.attn1.to_q.weight"
          },
          {
            "dtype": "float32",
            "graph_name": "estimator.mid_blocks.11.1.3.attn1.to_k.weight",
            "length": 524288,
            "offset": 259175744,
            "sha256": "c1c88334596415415621135ea09c0aa2c02e1a0213d566542405c92e931f1eac",
            "shape": [
              512,
              256
            ],
            "state_name": "estimator.mid_blocks.11.1.3.attn1.to_k.weight"
          },
          {
            "dtype": "float32",
            "graph_name": "estimator.mid_blocks.11.1.3.attn1.to_v.weight",
            "length": 524288,
            "offset": 259700032,
            "sha256": "e09c6711a27f7dc5d57aba828af439c281db4d18ca31181063066c48fa4576e0",
            "shape": [
              512,
              256
            ],
            "state_name": "estimator.mid_blocks.11.1.3.attn1.to_v.weight"
          },
          {
            "dtype": "float32",
            "graph_name": "estimator.mid_blocks.11.1.3.attn1.to_out.0.weight",
            "length": 524288,
            "offset": 260224320,
            "sha256": "1ac0b03453ee54d12f1989247f42e1b8499b4a62ffce49382a3f27ab4af06271",
            "shape": [
              256,
              512
            ],
            "state_name": "estimator.mid_blocks.11.1.3.attn1.to_out.0.weight"
          },
          {
            "dtype": "float32",
            "graph_name": "estimator.mid_blocks.11.1.3.attn1.to_out.0.bias",
            "length": 1024,
            "offset": 260748608,
            "sha256": "0585b8fa1e9b4ed341361403436d7bc21ae872026f541e776ded1757d8686786",
            "shape": [
              256
            ],
            "state_name": "estimator.mid_blocks.11.1.3.attn1.to_out.0.bias"
          },
          {
            "dtype": "float32",
            "graph_name": "estimator.mid_blocks.11.1.3.norm3.weight",
            "length": 1024,
            "offset": 260749632,
            "sha256": "e188ccbbf79946de7976027d685e51adc46dff6e3fe7a39ae7e6e26df14ace22",
            "shape": [
              256
            ],
            "state_name": "estimator.mid_blocks.11.1.3.norm3.weight"
          },
          {
            "dtype": "float32",
            "graph_name": "estimator.mid_blocks.11.1.3.norm3.bias",
            "length": 1024,
            "offset": 260750656,
            "sha256": "2d798bb11bd588543fcbec545f403854c2142a55b5a63d4c9153ccad39505ccb",
            "shape": [
              256
            ],
            "state_name": "estimator.mid_blocks.11.1.3.norm3.bias"
          },
          {
            "dtype": "float32",
            "graph_name": "estimator.mid_blocks.11.1.3.ff.net.0.proj.weight",
            "length": 1048576,
            "offset": 260751680,
            "sha256": "6404449655bfe1e069e34b677bd65768e86f4dcac0aded9550eb1f665222c09b",
            "shape": [
              1024,
              256
            ],
            "state_name": "estimator.mid_blocks.11.1.3.ff.net.0.proj.weight"
          },
          {
            "dtype": "float32",
            "graph_name": "estimator.mid_blocks.11.1.3.ff.net.0.proj.bias",
            "length": 4096,
            "offset": 261800256,
            "sha256": "edda545de5e75db52c4bd8b15410c8ab59e834558d6621787e896e6e21d3f978",
            "shape": [
              1024
            ],
            "state_name": "estimator.mid_blocks.11.1.3.ff.net.0.proj.bias"
          },
          {
            "dtype": "float32",
            "graph_name": "estimator.mid_blocks.11.1.3.ff.net.2.weight",
            "length": 1048576,
            "offset": 261804352,
            "sha256": "eafd5488a284ece77c0ab2bfe7424d021a75c7fb80ea6f6383c792af5f167a0f",
            "shape": [
              256,
              1024
            ],
            "state_name": "estimator.mid_blocks.11.1.3.ff.net.2.weight"
          },
          {
            "dtype": "float32",
            "graph_name": "estimator.mid_blocks.11.1.3.ff.net.2.bias",
            "length": 1024,
            "offset": 262852928,
            "sha256": "e3a19a8cb2468b949778b751f8833b5dbce8f68cbb486c00c15ad5ac62fd1827",
            "shape": [
              256
            ],
            "state_name": "estimator.mid_blocks.11.1.3.ff.net.2.bias"
          },
          {
            "dtype": "float32",
            "graph_name": "estimator.up_blocks.0.0.mlp.1.weight",
            "length": 1048576,
            "offset": 262853952,
            "sha256": "3aee02c49b847d18cb6ca9003a48872951527a87668a913e93228f607f0d7dc9",
            "shape": [
              256,
              1024
            ],
            "state_name": "estimator.up_blocks.0.0.mlp.1.weight"
          },
          {
            "dtype": "float32",
            "graph_name": "estimator.up_blocks.0.0.mlp.1.bias",
            "length": 1024,
            "offset": 263902528,
            "sha256": "f44e9e0e228de6c5abe5a6808a32a5cf7f628bfb40c6b89e5d92e9df3e1de1e8",
            "shape": [
              256
            ],
            "state_name": "estimator.up_blocks.0.0.mlp.1.bias"
          },
          {
            "dtype": "float32",
            "graph_name": "estimator.up_blocks.0.0.block1.block.0.weight",
            "length": 1572864,
            "offset": 263903552,
            "sha256": "c65e534303c0a92ba493a137da5d85abced37b2c42b5a1783c2619e652585d2b",
            "shape": [
              256,
              512,
              3
            ],
            "state_name": "estimator.up_blocks.0.0.block1.block.0.weight"
          },
          {
            "dtype": "float32",
            "graph_name": "estimator.up_blocks.0.0.block1.block.0.bias",
            "length": 1024,
            "offset": 265476416,
            "sha256": "3104dd65251755e7dc43e1390a83c5d948b1d0ced9a0ac7be47e5e7dd82c3d93",
            "shape": [
              256
            ],
            "state_name": "estimator.up_blocks.0.0.block1.block.0.bias"
          },
          {
            "dtype": "float32",
            "graph_name": "estimator.up_blocks.0.0.block1.block.2.weight",
            "length": 1024,
            "offset": 265477440,
            "sha256": "f2593a292a1012254c5dde1fe6c681758f91e7e043b1d4baa8cdb526e14e136d",
            "shape": [
              256
            ],
            "state_name": "estimator.up_blocks.0.0.block1.block.2.weight"
          },
          {
            "dtype": "float32",
            "graph_name": "estimator.up_blocks.0.0.block1.block.2.bias",
            "length": 1024,
            "offset": 265478464,
            "sha256": "71d84c6230ae1c1b11a536b320f2f8d50af31a87113ef53fe15d699968f32169",
            "shape": [
              256
            ],
            "state_name": "estimator.up_blocks.0.0.block1.block.2.bias"
          },
          {
            "dtype": "float32",
            "graph_name": "estimator.up_blocks.0.0.block2.block.0.weight",
            "length": 786432,
            "offset": 265479488,
            "sha256": "f87bb4ced738678019732f58a3ecf6396cc7d8e55939bd81767f46128906a816",
            "shape": [
              256,
              256,
              3
            ],
            "state_name": "estimator.up_blocks.0.0.block2.block.0.weight"
          },
          {
            "dtype": "float32",
            "graph_name": "estimator.up_blocks.0.0.block2.block.0.bias",
            "length": 1024,
            "offset": 266265920,
            "sha256": "52cca90635751da661635409cc9472ad9a799de70087abc1c0d55107442d9166",
            "shape": [
              256
            ],
            "state_name": "estimator.up_blocks.0.0.block2.block.0.bias"
          },
          {
            "dtype": "float32",
            "graph_name": "estimator.up_blocks.0.0.block2.block.2.weight",
            "length": 1024,
            "offset": 266266944,
            "sha256": "7cdb649ad1ecbf0babe3e31a1f244403cf02e23e42fc7340f64e7b3b87742119",
            "shape": [
              256
            ],
            "state_name": "estimator.up_blocks.0.0.block2.block.2.weight"
          },
          {
            "dtype": "float32",
            "graph_name": "estimator.up_blocks.0.0.block2.block.2.bias",
            "length": 1024,
            "offset": 266267968,
            "sha256": "aeace66c0d8c6943b3756a6ac062689d9e2714cf50f26affbc854a6661aa788f",
            "shape": [
              256
            ],
            "state_name": "estimator.up_blocks.0.0.block2.block.2.bias"
          },
          {
            "dtype": "float32",
            "graph_name": "estimator.up_blocks.0.0.res_conv.weight",
            "length": 524288,
            "offset": 266268992,
            "sha256": "dbb95bb71408f174a0f21751eb8b925eed54cf4c0e97146f1e9bb3cc49040e80",
            "shape": [
              256,
              512,
              1
            ],
            "state_name": "estimator.up_blocks.0.0.res_conv.weight"
          },
          {
            "dtype": "float32",
            "graph_name": "estimator.up_blocks.0.0.res_conv.bias",
            "length": 1024,
            "offset": 266793280,
            "sha256": "fccfc62bef6f3e4b4517a42632656558f29d0be728cf63370021f67403c859c2",
            "shape": [
              256
            ],
            "state_name": "estimator.up_blocks.0.0.res_conv.bias"
          },
          {
            "dtype": "float32",
            "graph_name": "estimator.up_blocks.0.1.0.norm1.weight",
            "length": 1024,
            "offset": 266794304,
            "sha256": "d5583d0d034a6c078a26b035a92fe6a901b3f8289150c5bd69a8c983bd275471",
            "shape": [
              256
            ],
            "state_name": "estimator.up_blocks.0.1.0.norm1.weight"
          },
          {
            "dtype": "float32",
            "graph_name": "estimator.up_blocks.0.1.0.norm1.bias",
            "length": 1024,
            "offset": 266795328,
            "sha256": "91cb319829d7596c1c7932988cbc5cbdcf8e55f73de46b1c9c69f04dcc1b9515",
            "shape": [
              256
            ],
            "state_name": "estimator.up_blocks.0.1.0.norm1.bias"
          },
          {
            "dtype": "float32",
            "graph_name": "estimator.up_blocks.0.1.0.attn1.to_q.weight",
            "length": 524288,
            "offset": 266796352,
            "sha256": "61f85253b6c37cc1f6a54e22410274d12fc5f398b2bc2a627bcc38921b352dd6",
            "shape": [
              512,
              256
            ],
            "state_name": "estimator.up_blocks.0.1.0.attn1.to_q.weight"
          },
          {
            "dtype": "float32",
            "graph_name": "estimator.up_blocks.0.1.0.attn1.to_k.weight",
            "length": 524288,
            "offset": 267320640,
            "sha256": "76a08e4b447ec1d1d36299f998a9c764e9be5382ead9c730adacc81af8f5f552",
            "shape": [
              512,
              256
            ],
            "state_name": "estimator.up_blocks.0.1.0.attn1.to_k.weight"
          },
          {
            "dtype": "float32",
            "graph_name": "estimator.up_blocks.0.1.0.attn1.to_v.weight",
            "length": 524288,
            "offset": 267844928,
            "sha256": "54c1a5206269e30c09c36cde2509567105d63169f927b40fc5d88ebe2e364bad",
            "shape": [
              512,
              256
            ],
            "state_name": "estimator.up_blocks.0.1.0.attn1.to_v.weight"
          },
          {
            "dtype": "float32",
            "graph_name": "estimator.up_blocks.0.1.0.attn1.to_out.0.weight",
            "length": 524288,
            "offset": 268369216,
            "sha256": "ed384d7c01ab8692023097b3682e6b45c0695f2893f876edf84f535b8de14d8b",
            "shape": [
              256,
              512
            ],
            "state_name": "estimator.up_blocks.0.1.0.attn1.to_out.0.weight"
          },
          {
            "dtype": "float32",
            "graph_name": "estimator.up_blocks.0.1.0.attn1.to_out.0.bias",
            "length": 1024,
            "offset": 268893504,
            "sha256": "a90a6a3a17aff947610b56d5d018a4465106292590182b95a3df80fecfa94400",
            "shape": [
              256
            ],
            "state_name": "estimator.up_blocks.0.1.0.attn1.to_out.0.bias"
          },
          {
            "dtype": "float32",
            "graph_name": "estimator.up_blocks.0.1.0.norm3.weight",
            "length": 1024,
            "offset": 268894528,
            "sha256": "cf41540ed1521141d4331f1e2079d69d7c1dddcd78216f7b2481394a21b11ed5",
            "shape": [
              256
            ],
            "state_name": "estimator.up_blocks.0.1.0.norm3.weight"
          },
          {
            "dtype": "float32",
            "graph_name": "estimator.up_blocks.0.1.0.norm3.bias",
            "length": 1024,
            "offset": 268895552,
            "sha256": "5ad13e2bd0649ff045691aed9e855a34bf7cd362e74f3939effea98d1c627853",
            "shape": [
              256
            ],
            "state_name": "estimator.up_blocks.0.1.0.norm3.bias"
          },
          {
            "dtype": "float32",
            "graph_name": "estimator.up_blocks.0.1.0.ff.net.0.proj.weight",
            "length": 1048576,
            "offset": 268896576,
            "sha256": "3187bec18f026b90414e046d37f6b3b3ac0443c7fa7522081d562b6598e4726c",
            "shape": [
              1024,
              256
            ],
            "state_name": "estimator.up_blocks.0.1.0.ff.net.0.proj.weight"
          },
          {
            "dtype": "float32",
            "graph_name": "estimator.up_blocks.0.1.0.ff.net.0.proj.bias",
            "length": 4096,
            "offset": 269945152,
            "sha256": "c41fc433f55034e68380007257ec1ae59be65cd1375b8c4eaa19f179656bc759",
            "shape": [
              1024
            ],
            "state_name": "estimator.up_blocks.0.1.0.ff.net.0.proj.bias"
          },
          {
            "dtype": "float32",
            "graph_name": "estimator.up_blocks.0.1.0.ff.net.2.weight",
            "length": 1048576,
            "offset": 269949248,
            "sha256": "2ee4589b18f7a74a3c26bc1608909906d29d8c2aeeee39d0a29215adeb52686b",
            "shape": [
              256,
              1024
            ],
            "state_name": "estimator.up_blocks.0.1.0.ff.net.2.weight"
          },
          {
            "dtype": "float32",
            "graph_name": "estimator.up_blocks.0.1.0.ff.net.2.bias",
            "length": 1024,
            "offset": 270997824,
            "sha256": "20c468ccfa1c1876e5cf7dff62b921ed2cf585c874ae61b8741c961fbe6f31de",
            "shape": [
              256
            ],
            "state_name": "estimator.up_blocks.0.1.0.ff.net.2.bias"
          },
          {
            "dtype": "float32",
            "graph_name": "estimator.up_blocks.0.1.1.norm1.weight",
            "length": 1024,
            "offset": 270998848,
            "sha256": "e6488fdea41122d712149acea4203ef613ca3258fb635ddddb3d5665b8d9b3cd",
            "shape": [
              256
            ],
            "state_name": "estimator.up_blocks.0.1.1.norm1.weight"
          },
          {
            "dtype": "float32",
            "graph_name": "estimator.up_blocks.0.1.1.norm1.bias",
            "length": 1024,
            "offset": 270999872,
            "sha256": "45939a107bb56d9dc9f914730c496c3d5aaabed4574f3deba8448a5710960f13",
            "shape": [
              256
            ],
            "state_name": "estimator.up_blocks.0.1.1.norm1.bias"
          },
          {
            "dtype": "float32",
            "graph_name": "estimator.up_blocks.0.1.1.attn1.to_q.weight",
            "length": 524288,
            "offset": 271000896,
            "sha256": "21192990f9e3688615f15e1bac3ac420c7e3daa28459e717a4e6d0f720ef0c19",
            "shape": [
              512,
              256
            ],
            "state_name": "estimator.up_blocks.0.1.1.attn1.to_q.weight"
          },
          {
            "dtype": "float32",
            "graph_name": "estimator.up_blocks.0.1.1.attn1.to_k.weight",
            "length": 524288,
            "offset": 271525184,
            "sha256": "5669a10bfb75625ab87349b19ba2b50425d748d99e7c4a4a4d88eabc1e625329",
            "shape": [
              512,
              256
            ],
            "state_name": "estimator.up_blocks.0.1.1.attn1.to_k.weight"
          },
          {
            "dtype": "float32",
            "graph_name": "estimator.up_blocks.0.1.1.attn1.to_v.weight",
            "length": 524288,
            "offset": 272049472,
            "sha256": "0c52ef8680985ca0eecd26cf3b46fa48f2b18b778bbdb574319a7c76bc50d46a",
            "shape": [
              512,
              256
            ],
            "state_name": "estimator.up_blocks.0.1.1.attn1.to_v.weight"
          },
          {
            "dtype": "float32",
            "graph_name": "estimator.up_blocks.0.1.1.attn1.to_out.0.weight",
            "length": 524288,
            "offset": 272573760,
            "sha256": "b13c6aab697527ca1580a44004c03306cb749db932aa0fd397bc1f462b24e91d",
            "shape": [
              256,
              512
            ],
            "state_name": "estimator.up_blocks.0.1.1.attn1.to_out.0.weight"
          },
          {
            "dtype": "float32",
            "graph_name": "estimator.up_blocks.0.1.1.attn1.to_out.0.bias",
            "length": 1024,
            "offset": 273098048,
            "sha256": "420fba4a4c02bdb74e84d9b466cd44808789a259ce3c7938b61662628004b7df",
            "shape": [
              256
            ],
            "state_name": "estimator.up_blocks.0.1.1.attn1.to_out.0.bias"
          },
          {
            "dtype": "float32",
            "graph_name": "estimator.up_blocks.0.1.1.norm3.weight",
            "length": 1024,
            "offset": 273099072,
            "sha256": "75df7b47a04e7f42ce20c1fa8b0031c2627637312afc7f86e1dbac94111dba59",
            "shape": [
              256
            ],
            "state_name": "estimator.up_blocks.0.1.1.norm3.weight"
          },
          {
            "dtype": "float32",
            "graph_name": "estimator.up_blocks.0.1.1.norm3.bias",
            "length": 1024,
            "offset": 273100096,
            "sha256": "297724888568680a9659a7b652f690af42f3f9381b2115bf48e6bf86dd7355af",
            "shape": [
              256
            ],
            "state_name": "estimator.up_blocks.0.1.1.norm3.bias"
          },
          {
            "dtype": "float32",
            "graph_name": "estimator.up_blocks.0.1.1.ff.net.0.proj.weight",
            "length": 1048576,
            "offset": 273101120,
            "sha256": "33c88dabc18514c355024c08ce5295f74b896df2f4be99d1e2c69fbbe2b38397",
            "shape": [
              1024,
              256
            ],
            "state_name": "estimator.up_blocks.0.1.1.ff.net.0.proj.weight"
          },
          {
            "dtype": "float32",
            "graph_name": "estimator.up_blocks.0.1.1.ff.net.0.proj.bias",
            "length": 4096,
            "offset": 274149696,
            "sha256": "7d2bba4e57a898270b4a5d1d8bf0a6527418ba801a29835008f7fa11e273d91d",
            "shape": [
              1024
            ],
            "state_name": "estimator.up_blocks.0.1.1.ff.net.0.proj.bias"
          },
          {
            "dtype": "float32",
            "graph_name": "estimator.up_blocks.0.1.1.ff.net.2.weight",
            "length": 1048576,
            "offset": 274153792,
            "sha256": "b3567211cd958887d46830e5a8c65da72fdb607ea1938aba1c1ad14c352c0a2b",
            "shape": [
              256,
              1024
            ],
            "state_name": "estimator.up_blocks.0.1.1.ff.net.2.weight"
          },
          {
            "dtype": "float32",
            "graph_name": "estimator.up_blocks.0.1.1.ff.net.2.bias",
            "length": 1024,
            "offset": 275202368,
            "sha256": "43729078f99971b1994059df02f2d5b29c46a2b42a4a06434cb6538c6b12977c",
            "shape": [
              256
            ],
            "state_name": "estimator.up_blocks.0.1.1.ff.net.2.bias"
          },
          {
            "dtype": "float32",
            "graph_name": "estimator.up_blocks.0.1.2.norm1.weight",
            "length": 1024,
            "offset": 275203392,
            "sha256": "59ba4e1e7235457eaab464b4a03177a5cb760f840b2fb7709de7bb1382b24f20",
            "shape": [
              256
            ],
            "state_name": "estimator.up_blocks.0.1.2.norm1.weight"
          },
          {
            "dtype": "float32",
            "graph_name": "estimator.up_blocks.0.1.2.norm1.bias",
            "length": 1024,
            "offset": 275204416,
            "sha256": "2a2aeb0fd20ee932675a825bdda94d89f6faa6b4e68aa4a85eed21911ac09ee7",
            "shape": [
              256
            ],
            "state_name": "estimator.up_blocks.0.1.2.norm1.bias"
          },
          {
            "dtype": "float32",
            "graph_name": "estimator.up_blocks.0.1.2.attn1.to_q.weight",
            "length": 524288,
            "offset": 275205440,
            "sha256": "dcc8a121cb1885417f51c7eb3831dda1262308d6643f213d46110fa154111b62",
            "shape": [
              512,
              256
            ],
            "state_name": "estimator.up_blocks.0.1.2.attn1.to_q.weight"
          },
          {
            "dtype": "float32",
            "graph_name": "estimator.up_blocks.0.1.2.attn1.to_k.weight",
            "length": 524288,
            "offset": 275729728,
            "sha256": "a324a2bcf088cd54a5b6351bf0654426b46c4f9698d70193281d7d435d875133",
            "shape": [
              512,
              256
            ],
            "state_name": "estimator.up_blocks.0.1.2.attn1.to_k.weight"
          },
          {
            "dtype": "float32",
            "graph_name": "estimator.up_blocks.0.1.2.attn1.to_v.weight",
            "length": 524288,
            "offset": 276254016,
            "sha256": "8f3f3bccb740864bc0776d8cb5fde4e6abfd0ab5fd98d573a07aae77e6208411",
            "shape": [
              512,
              256
            ],
            "state_name": "estimator.up_blocks.0.1.2.attn1.to_v.weight"
          },
          {
            "dtype": "float32",
            "graph_name": "estimator.up_blocks.0.1.2.attn1.to_out.0.weight",
            "length": 524288,
            "offset": 276778304,
            "sha256": "9de56e1708fc2604c462b49e42924fedd2717b9d6115fa0aa93981d2d907de98",
            "shape": [
              256,
              512
            ],
            "state_name": "estimator.up_blocks.0.1.2.attn1.to_out.0.weight"
          },
          {
            "dtype": "float32",
            "graph_name": "estimator.up_blocks.0.1.2.attn1.to_out.0.bias",
            "length": 1024,
            "offset": 277302592,
            "sha256": "37d76867c88d635f7c7d7c98477715e080220a3c60939d18c2bd9d6e9b8928a0",
            "shape": [
              256
            ],
            "state_name": "estimator.up_blocks.0.1.2.attn1.to_out.0.bias"
          },
          {
            "dtype": "float32",
            "graph_name": "estimator.up_blocks.0.1.2.norm3.weight",
            "length": 1024,
            "offset": 277303616,
            "sha256": "862a5a305bda24ba9dc848a94ac06eaacb5a9edf52d57843166b69d800a0d223",
            "shape": [
              256
            ],
            "state_name": "estimator.up_blocks.0.1.2.norm3.weight"
          },
          {
            "dtype": "float32",
            "graph_name": "estimator.up_blocks.0.1.2.norm3.bias",
            "length": 1024,
            "offset": 277304640,
            "sha256": "3b023406d6aa4823c2e532b618eed871b5e5f7542df4ed33619c8fe9aa8bfe56",
            "shape": [
              256
            ],
            "state_name": "estimator.up_blocks.0.1.2.norm3.bias"
          },
          {
            "dtype": "float32",
            "graph_name": "estimator.up_blocks.0.1.2.ff.net.0.proj.weight",
            "length": 1048576,
            "offset": 277305664,
            "sha256": "e981600d1cd2af49b7ca350e2c4050233bc1aa315b36802e01c3888d886b4b4d",
            "shape": [
              1024,
              256
            ],
            "state_name": "estimator.up_blocks.0.1.2.ff.net.0.proj.weight"
          },
          {
            "dtype": "float32",
            "graph_name": "estimator.up_blocks.0.1.2.ff.net.0.proj.bias",
            "length": 4096,
            "offset": 278354240,
            "sha256": "eba5e320539baf44e0277abf8e8a15609029ec7cd9c580450888d7c60a236bd7",
            "shape": [
              1024
            ],
            "state_name": "estimator.up_blocks.0.1.2.ff.net.0.proj.bias"
          },
          {
            "dtype": "float32",
            "graph_name": "estimator.up_blocks.0.1.2.ff.net.2.weight",
            "length": 1048576,
            "offset": 278358336,
            "sha256": "0568a0d34624a90ecae7f4b445ce47033808f72a48b21113febd764600b8ea71",
            "shape": [
              256,
              1024
            ],
            "state_name": "estimator.up_blocks.0.1.2.ff.net.2.weight"
          },
          {
            "dtype": "float32",
            "graph_name": "estimator.up_blocks.0.1.2.ff.net.2.bias",
            "length": 1024,
            "offset": 279406912,
            "sha256": "64e17215dcd22983ba91ba95e3929aed255d3f89606261c071d5ad8e0a8a84fe",
            "shape": [
              256
            ],
            "state_name": "estimator.up_blocks.0.1.2.ff.net.2.bias"
          },
          {
            "dtype": "float32",
            "graph_name": "estimator.up_blocks.0.1.3.norm1.weight",
            "length": 1024,
            "offset": 279407936,
            "sha256": "68a304d66717986e67c260655a7ef168276e10645d7d8ba3af67ae0ea9ab4687",
            "shape": [
              256
            ],
            "state_name": "estimator.up_blocks.0.1.3.norm1.weight"
          },
          {
            "dtype": "float32",
            "graph_name": "estimator.up_blocks.0.1.3.norm1.bias",
            "length": 1024,
            "offset": 279408960,
            "sha256": "e73460d641889bde4f194c4ffc6c3beeb5fce79a17b0a40032106b1d248f9618",
            "shape": [
              256
            ],
            "state_name": "estimator.up_blocks.0.1.3.norm1.bias"
          },
          {
            "dtype": "float32",
            "graph_name": "estimator.up_blocks.0.1.3.attn1.to_q.weight",
            "length": 524288,
            "offset": 279409984,
            "sha256": "ae9c92767642269d81c560ed029d0ab0b2cf0c04d936cf141599e79015ebf267",
            "shape": [
              512,
              256
            ],
            "state_name": "estimator.up_blocks.0.1.3.attn1.to_q.weight"
          },
          {
            "dtype": "float32",
            "graph_name": "estimator.up_blocks.0.1.3.attn1.to_k.weight",
            "length": 524288,
            "offset": 279934272,
            "sha256": "1b6b8840a8aaac58cd13d60048b43784372d43b86817fc4350b8558311b3133b",
            "shape": [
              512,
              256
            ],
            "state_name": "estimator.up_blocks.0.1.3.attn1.to_k.weight"
          },
          {
            "dtype": "float32",
            "graph_name": "estimator.up_blocks.0.1.3.attn1.to_v.weight",
            "length": 524288,
            "offset": 280458560,
            "sha256": "20319842c482f9309cb12a2ed1618c9ad43dc5b22716c2dc6437cff363d8839b",
            "shape": [
              512,
              256
            ],
            "state_name": "estimator.up_blocks.0.1.3.attn1.to_v.weight"
          },
          {
            "dtype": "float32",
            "graph_name": "estimator.up_blocks.0.1.3.attn1.to_out.0.weight",
            "length": 524288,
            "offset": 280982848,
            "sha256": "48961a408d7d03f227cc03149f92b9a835aa9026eabb0a8019b6d3f97992e5f4",
            "shape": [
              256,
              512
            ],
            "state_name": "estimator.up_blocks.0.1.3.attn1.to_out.0.weight"
          },
          {
            "dtype": "float32",
            "graph_name": "estimator.up_blocks.0.1.3.attn1.to_out.0.bias",
            "length": 1024,
            "offset": 281507136,
            "sha256": "af650d36c8bdd352e814a8df0346c15f700ff3c6dc9e4cfcc061a5e5842e47dd",
            "shape": [
              256
            ],
            "state_name": "estimator.up_blocks.0.1.3.attn1.to_out.0.bias"
          },
          {
            "dtype": "float32",
            "graph_name": "estimator.up_blocks.0.1.3.norm3.weight",
            "length": 1024,
            "offset": 281508160,
            "sha256": "cdf8abe588f1e7e00901a876db5db9c4f714eff62fdbfa0a21d691337d3b3d23",
            "shape": [
              256
            ],
            "state_name": "estimator.up_blocks.0.1.3.norm3.weight"
          },
          {
            "dtype": "float32",
            "graph_name": "estimator.up_blocks.0.1.3.norm3.bias",
            "length": 1024,
            "offset": 281509184,
            "sha256": "5921be2d6199a0cbcdbe432757773b961e2e3527b7924a0e29e8ab06f3c37137",
            "shape": [
              256
            ],
            "state_name": "estimator.up_blocks.0.1.3.norm3.bias"
          },
          {
            "dtype": "float32",
            "graph_name": "estimator.up_blocks.0.1.3.ff.net.0.proj.weight",
            "length": 1048576,
            "offset": 281510208,
            "sha256": "487f2a926d0ecc7efb4a4466c7fcd5523193c820ff9a0de3e1439f849ebf61bd",
            "shape": [
              1024,
              256
            ],
            "state_name": "estimator.up_blocks.0.1.3.ff.net.0.proj.weight"
          },
          {
            "dtype": "float32",
            "graph_name": "estimator.up_blocks.0.1.3.ff.net.0.proj.bias",
            "length": 4096,
            "offset": 282558784,
            "sha256": "5e816d585b009c68356363c19a063fe171ef80c52ec5cf5bfdb531bf38948ba2",
            "shape": [
              1024
            ],
            "state_name": "estimator.up_blocks.0.1.3.ff.net.0.proj.bias"
          },
          {
            "dtype": "float32",
            "graph_name": "estimator.up_blocks.0.1.3.ff.net.2.weight",
            "length": 1048576,
            "offset": 282562880,
            "sha256": "d312680b2ed1bcf4b47e15ab6ad33b5d0fd40b777558d4e656b499eb09f0d3b4",
            "shape": [
              256,
              1024
            ],
            "state_name": "estimator.up_blocks.0.1.3.ff.net.2.weight"
          },
          {
            "dtype": "float32",
            "graph_name": "estimator.up_blocks.0.1.3.ff.net.2.bias",
            "length": 1024,
            "offset": 283611456,
            "sha256": "cb5b29ee1fdde9bca9402eae931fb92690b765b83f89f1d2600aef8449f7dce0",
            "shape": [
              256
            ],
            "state_name": "estimator.up_blocks.0.1.3.ff.net.2.bias"
          },
          {
            "dtype": "float32",
            "graph_name": "estimator.up_blocks.0.2.weight",
            "length": 786432,
            "offset": 283612480,
            "sha256": "5ec25749236e6e346ba1af8359cde0bbed3e3a3a16de873f7621672967c226de",
            "shape": [
              256,
              256,
              3
            ],
            "state_name": "estimator.up_blocks.0.2.weight"
          },
          {
            "dtype": "float32",
            "graph_name": "estimator.up_blocks.0.2.bias",
            "length": 1024,
            "offset": 284398912,
            "sha256": "d7ace10d5db8be66953ccbbfe7fde178de40a797b41a7c7f254a75aaf8fb1144",
            "shape": [
              256
            ],
            "state_name": "estimator.up_blocks.0.2.bias"
          },
          {
            "dtype": "float32",
            "graph_name": "estimator.final_block.block.0.weight",
            "length": 786432,
            "offset": 284399936,
            "sha256": "831297007c4628a71ccef1a19fef5f3105bcf98b8424322440b72d01854bde18",
            "shape": [
              256,
              256,
              3
            ],
            "state_name": "estimator.final_block.block.0.weight"
          },
          {
            "dtype": "float32",
            "graph_name": "estimator.final_block.block.0.bias",
            "length": 1024,
            "offset": 285186368,
            "sha256": "4d1ece90aef15e76d8b9555e90effd71e8b8982bd7887add016113d62e038e9f",
            "shape": [
              256
            ],
            "state_name": "estimator.final_block.block.0.bias"
          },
          {
            "dtype": "float32",
            "graph_name": "estimator.final_block.block.2.weight",
            "length": 1024,
            "offset": 285187392,
            "sha256": "bd971673d47a113aac9dc48f91a115d97504b2c5971340100f01fe99217dc91f",
            "shape": [
              256
            ],
            "state_name": "estimator.final_block.block.2.weight"
          },
          {
            "dtype": "float32",
            "graph_name": "estimator.final_block.block.2.bias",
            "length": 1024,
            "offset": 285188416,
            "sha256": "b1cdc1d2c2b3e62ee001ca01f06f8a1c6bdde11e6a0a99f76c2f0ae5f8d78cd3",
            "shape": [
              256
            ],
            "state_name": "estimator.final_block.block.2.bias"
          },
          {
            "dtype": "float32",
            "graph_name": "estimator.final_proj.weight",
            "length": 81920,
            "offset": 285189440,
            "sha256": "d82dc3393e6f39ad0ff7692e20f27c8fb7b173f149473dadf019200e4c6511df",
            "shape": [
              80,
              256,
              1
            ],
            "state_name": "estimator.final_proj.weight"
          },
          {
            "dtype": "float32",
            "graph_name": "estimator.final_proj.bias",
            "length": 320,
            "offset": 285271360,
            "sha256": "197a8466c74db39260397a4ead523c4da2d1e920c9b7448f22a8ffd4efa14de0",
            "shape": [
              80
            ],
            "state_name": "estimator.final_proj.bias"
          },
          {
            "dtype": "float32",
            "graph_name": "estimator.time_embed_mixer.weight",
            "length": 8388608,
            "offset": 285271680,
            "sha256": "1f09963fc0e1ec3182849f25609dcc65a63aceb35dd8873e285efe50f4aa4b00",
            "shape": [
              1024,
              2048
            ],
            "state_name": "estimator.time_embed_mixer.weight"
          }
        ],
        "outputs": [
          "dxdt"
        ],
        "runtime_inputs": [
          "x",
          "mask",
          "mu",
          "t",
          "speaker_embedding",
          "cond",
          "r"
        ],
        "unbound_state": [],
        "weight_bytes": 293660288,
        "weight_file": "nano_meanflow_estimator.weights.bin"
      },
      "graph": "/home/terryd/gooning/voicecloning/artifacts/nano_lab/onnx_staged/meanflow_estimator/nano_meanflow_estimator.onnx",
      "graph_bytes": 1503166,
      "output_names": [
        "dxdt"
      ],
      "peak_rss_bytes": 1353666560,
      "private_api": "torch.onnx._internal.torchscript_exporter.utils._export",
      "private_api_signature": "(model, args, f, export_params=True, verbose=False, training=<TrainingMode.EVAL: 0>, input_names=None, output_names=None, operator_export_type=<OperatorExportTypes.ONNX: 0>, export_type=None, opset_version=None, do_constant_folding=True, dynamic_axes=None, keep_initializers_as_inputs=None, fixed_batch_size=False, custom_opsets=None, add_node_names=True, onnx_shape_inference=True, export_modules_as_functions: 'Any' = False, autograd_inlining=True)",
      "rss_after_bytes": 1118633984,
      "rss_before_bytes": 1085448192,
      "runtime_inputs": [
        "x",
        "mask",
        "mu",
        "t",
        "speaker_embedding",
        "cond",
        "r"
      ],
      "safe_fallback": "disabled",
      "status": "exported",
      "torch_version": "2.11.0+cu128"
    },
    "opset": 18,
    "path": "nano_meanflow_estimator.onnx",
    "requested_inputs": [
      "x",
      "mask",
      "mu",
      "t",
      "speaker_embedding",
      "cond",
      "r"
    ],
    "requested_outputs": [
      "dxdt"
    ],
    "validation": "pending separate ORT verification"
  },
  "load": {
    "checkpoint": "/home/terryd/gooning/voicecloning/models/chatterbox-nano/s3gen_meanflow.safetensors",
    "loaded_tensors": 913,
    "missing_tensors": [],
    "selected_tensors": 913,
    "skipped_tensors": 1578,
    "unexpected_tensors": []
  },
  "model": "ResembleAI/chatterbox-nano",
  "runtime_contract": "One deterministic meanflow estimator call. x is an explicit state/noise input; Python owns Euler steps and CFG.",
  "schema_version": 1,
  "source": "local Nano checkpoint; no Turbo substitution",
  "stage": "meanflow_estimator",
  "status": "exported",
  "verification": {
    "command": "onnx_staged.py verify --stage meanflow_estimator",
    "status": "not_run"
  }
}
          Finished with result: success
Main processes terminated with: code=exited, status=0/SUCCESS
               Service runtime: 40.868s
             CPU time consumed: 42.233s
                   Memory peak: 1G (swap: 0B)
